Timestamp,User,Event,Source,Destination,Sensitive,SHA256,Risk Score,Severity
2026-09-12 11:18:39,bhagy,FILE MODIFIED,.\audit_log.txt,,NO,2f4ea6535a60a93dd21e86b5850da3ac709f3b1bd535177862fad531ca4ae242,0,LOW
2026-09-12 11:18:39,bhagy,FILE MODIFIED,.\audit_log.txt,,NO,a01ea54de6bf546b124187e07cb8e693b0edc39eca039b495c981154447f69e1,30,LOW
2026-09-12 11:18:39,bhagy,FILE MODIFIED,.\audit_log.txt,,NO,07e138d85f6b374e55cf7b58dcc0fc642ac14fc95176d1147cc31d8d209ed532,30,LOW
2026-09-12 11:18:39,bhagy,FILE MODIFIED,.\audit_log.txt,,NO,c9d9c1ba5fdf84d0664656449140c5ccd7cfd29aaa69a5bfb424b237bff5ab81,30,LOW
2026-09-12 11:18:39,bhagy,FILE MODIFIED,.\audit_log.txt,,NO,0aca24a978037be89119fcaa2b4347341308d6b5781ee843869492d2b43f37a1,30,LOW
2026-09-12 11:18:39,bhagy,FILE MODIFIED,.\audit_log.txt,,NO,82264e813aadb747e41d3ed051156d17896c30d4481ad13c96130431a60a4e45,30,LOW
2026-09-12 11:18:39,bhagy,FILE MODIFIED,.\audit_log.txt,,NO,341b2187b79b396214b86ca5de7d20a3f0feefe3088bcfffde897a9a4bf280ed,30,LOW
2026-09-12 11:18:39,bhagy,FILE MODIFIED,.\audit_log.txt,,NO,dc387cbf038bed5a1227b05d7ec681b732a683007199a6f90fe90637bde5dfb3,30,LOW
2026-09-12 11:18:39,bhagy,FILE MODIFIED,.\audit_log.txt,,NO,7fcc1f180cb4324255de74d59af0a253ee9fc39903bea07623bc0723e67dfe27,30,LOW
2026-09-12 11:18:39,bhagy,FILE MODIFIED,.\audit_log.txt,,NO,fff2596d791337a917422f541f6f0c12640a47637347ace41704987c4fae2121,30,LOW
2026-09-12 11:18:39,bhagy,FILE MODIFIED,.\audit_log.txt,,NO,22eff7cc2c5860e1010f38e1b091c9876fea057ae81935de77671d36d31c84df,30,LOW
2026-09-12 11:18:39,bhagy,FILE MODIFIED,.\audit_log.txt,,NO,38a38410da8c318ff985ae62f57f69c01f4c3277e72289cc834ff3d15e8fc5e6,30,LOW
2026-09-12 11:18:40,bhagy,FILE MODIFIED,.\audit_log.txt,,NO,3036b579d21d7464c82f21fe6b91902d82c3200cee08f33fbbd48d3da858386d,30,LOW
2026-09-12 11:18:40,bhagy,FILE MODIFIED,.\audit_log.txt,,NO,403653658efc1f61d7d5275710af34e1b03f795e6e7e11584af0e5886c3058be,30,LOW
2026-09-12 11:18:40,bhagy,FILE MODIFIED,.\audit_log.txt,,NO,d6c738ef60ea38341070b2e73b8265826066811c5f4198ed85b744ef95342c04,30,LOW
2026-09-12 11:18:40,bhagy,FILE MODIFIED,.\audit_log.txt,,NO,1790680581c761232aec76f0f5ac89fe6fdb8becbdf86a15a488772d90e402cc,30,LOW
2026-09-12 11:18:40,bhagy,FILE MODIFIED,.\audit_log.txt,,NO,88133367619db431aa231bb65283cbff4dc3ef78edad90514685cb42916de9cc,30,LOW
2026-09-12 11:18:40,bhagy,FILE MODIFIED,.\audit_log.txt,,NO,2c73663d0512c9ac0de4397922e8408aaba866a6646ed5a4fd84913ec2b700ec,30,LOW
2026-09-12 11:18:40,bhagy,FILE MODIFIED,.\audit_log.txt,,NO,51caa2312c7e72d3e4344bec599894c3d16ca6e3db0027b6d6332fd83d96fcbe,30,LOW
2026-09-12 11:18:40,bhagy,FILE MODIFIED,.\audit_log.txt,,NO,57ccfb5491567e0978d84ec09aff1a4a446edbaa7a9769ab979f71cc1cbd01c8,30,LOW
2026-09-12 11:18:40,bhagy,FILE MODIFIED,.\audit_log.txt,,NO,2f733d7f71dead3394251e5f6ac5331fdf3a6bc0a54283cb9f3d574ee73f3aef,30,LOW
2026-09-12 11:18:40,bhagy,FILE MODIFIED,.\audit_log.txt,,NO,afc001fa7132d534d91543ff4e6e12d6ad76a581b2e94080610db07a3802be89,30,LOW
2026-09-12 11:18:40,bhagy,FILE MODIFIED,.\audit_log.txt,,NO,9361203f09bb0b379853c23874bfbe356ee2891aff4bc04bd3c727be0d577d46,30,LOW
2026-09-12 11:18:41,bhagy,FILE MODIFIED,.\audit_log.txt,,NO,29175d6b8054196e2929c943624081031b0aca50fae84467f6606554cd5d25df,30,LOW
2026-09-12 11:18:41,bhagy,FILE MODIFIED,.\audit_log.txt,,NO,a0f90771d81e20b369ee82966ae3a8be5b449ecbc72713e6868bae7453c1e432,30,LOW
2026-09-12 11:18:41,bhagy,FILE MODIFIED,.\audit_log.txt,,NO,e1315dd44a245aab5d73ecb6415b278b446148358915b4443cbd2120cb510335,30,LOW
2026-09-12 11:18:41,bhagy,FILE MODIFIED,.\audit_log.txt,,NO,9877c4e6a8ee1b7b7c27c219640c94f597d55f3b47d87ddb063e23a117fcdbac,30,LOW
2026-09-12 11:18:41,bhagy,FILE MODIFIED,.\audit_log.txt,,NO,1f840359303592547865ec3e708254d935d7ec9d152c562d5fc3e11ab4c14613,30,LOW
2026-09-12 11:18:41,bhagy,FILE MODIFIED,.\audit_log.txt,,NO,a08989250c316ba64e5ff92fdb0ad4d6315f82978ea5cbff5d04144b1913d909,30,LOW
2026-09-12 11:18:41,bhagy,FILE MODIFIED,.\audit_log.txt,,NO,fa1f4c24eca76e426c8961162e76485dda45bd32cbe01fda2c2467b25d963330,30,LOW
2026-09-12 11:18:41,bhagy,FILE MODIFIED,.\audit_log.txt,,NO,50d533d8f81ab8fa720685e2ace015f0a3a859fa2a51db38061fa747872f653b,30,LOW
2026-09-12 11:18:41,bhagy,FILE MODIFIED,.\audit_log.txt,,NO,a9c37b8c2e9f28dcb0154165166abf09a48685ba6630bcb50a700f7db2848c07,30,LOW
2026-09-12 11:18:41,bhagy,FILE MODIFIED,.\audit_log.txt,,NO,1f56675c982c8e8eb09fd83dbab2524345453e6db788669b96d3a3c52949846a,30,LOW
2026-09-12 11:18:41,bhagy,FILE MODIFIED,.\audit_log.txt,,NO,9cffe0ce4d00fe2c7624d52cdea8b0286b790b593acb015bda7e2d9728ee95ab,30,LOW
2026-09-12 11:18:41,bhagy,FILE MODIFIED,.\audit_log.txt,,NO,05321f08aa22485367a33996a2c2af683638d53bf72bcc44c30b8ed7cd86b870,30,LOW
2026-09-12 11:18:42,bhagy,FILE MODIFIED,.\audit_log.txt,,NO,838a75644442f8d5edb6eac37cee710d1c4b3728943728f403a91847a71d5fc8,30,LOW
2026-09-12 11:18:42,bhagy,FILE MODIFIED,.\audit_log.txt,,NO,b7faed3d56431b6a1241fa3a588fe42282bd6068a4b4f51fa2a5bac3c556d088,30,LOW
2026-09-12 11:18:42,bhagy,FILE MODIFIED,.\audit_log.txt,,NO,8e6129182f571b3cad49806e99df09509c2ac526b7a5053afc6df1705dfc782a,30,LOW
2026-09-12 11:18:42,bhagy,FILE MODIFIED,.\audit_log.txt,,NO,cb7ac3b00c89ab954118facac14aa66a601ce4262a320b018d6f67d17ecdb4a6,30,LOW
2026-09-12 11:18:42,bhagy,FILE MODIFIED,.\audit_log.txt,,NO,d094fca0accca5a37dd2dd11150a9ff5c6fc6ec2c86a586c218e19819e67ecdf,30,LOW
2026-09-12 11:18:42,bhagy,FILE MODIFIED,.\audit_log.txt,,NO,d529046df9b8f1e44118d1522f2c75f3fa281c0606ebec363689db5b09deebf1,30,LOW
2026-09-12 11:18:42,bhagy,FILE MODIFIED,.\audit_log.txt,,NO,c7aa53ac374128e80b48fb1d16c222de69b1ada09cbcff30552c43994da878d3,30,LOW
2026-09-12 11:18:42,bhagy,FILE MODIFIED,.\audit_log.txt,,NO,7ce7f69e581cf3f607b3a9e615498cec45dea5df521be0326cf22f7496854dcc,30,LOW
2026-09-12 11:18:42,bhagy,FILE MODIFIED,.\audit_log.txt,,NO,c01d63b627f2c60c49c43e8c5a8cd744e98649573286465118be1e7ab8c4d6d7,30,LOW
2026-09-12 11:18:42,bhagy,FILE MODIFIED,.\audit_log.txt,,NO,33bd6a465a3ed5f747b7f7f295e2b8445ae1130140b2c1f7a6eeba249431726c,30,LOW
2026-09-12 11:18:42,bhagy,FILE MODIFIED,.\audit_log.txt,,NO,0ee9d1e5d21a09b90386b6f93cae4d5e6ee1fd2c9fc5f8c88b91079128cdcca2,30,LOW
2026-09-12 11:18:43,bhagy,FILE MODIFIED,.\audit_log.txt,,NO,368133f6380c2fc632b42ca9e80c96b99ccfe8e31f6a9ce33c491df8693990d0,30,LOW
2026-09-12 11:18:43,bhagy,FILE MODIFIED,.\audit_log.txt,,NO,31350ea0339e4b84ad835b205450aa26b7d6b323a549f82fd13764063f77c016,30,LOW
2026-09-12 11:18:43,bhagy,FILE MODIFIED,.\audit_log.txt,,NO,b24409144006a7e8b8f9fa2230c1257f35c2fb60ebd5b0051848649789dc499f,30,LOW
2026-09-12 11:18:43,bhagy,FILE MODIFIED,.\audit_log.txt,,NO,8f058e5282d83205d14847446363c906f9e0c3efb079799451c5e2a9a9a44e56,30,LOW
2026-09-12 11:18:43,bhagy,FILE MODIFIED,.\audit_log.txt,,NO,d52040fbcc46477bb66afdc60a9d690d0a38d92e9c26c3ffad6c36e19370db25,30,LOW
2026-09-12 11:18:43,bhagy,FILE MODIFIED,.\audit_log.txt,,NO,f96a113f0a82528a1e4813f410564b45cbe17e441e87c02a20e52b0b65a734d5,30,LOW
2026-09-12 11:18:43,bhagy,FILE MODIFIED,.\audit_log.txt,,NO,7b368fda86a43a08e4f6fbcf3d37cbe5da9f12b58f891d480513ba0e6f4702a9,30,LOW
2026-09-12 11:18:43,bhagy,FILE MODIFIED,.\audit_log.txt,,NO,353a42c263ea5a6107e5067a99f3436db05fb353263d30867135652d0ab3e4d1,30,LOW
2026-09-12 11:18:43,bhagy,FILE MODIFIED,.\audit_log.txt,,NO,7f4e02ec219656acb6b08c66fc23f6a1aeb858ba1e1ba736f7b7837c68b6980b,30,LOW
2026-09-12 11:18:43,bhagy,FILE MODIFIED,.\audit_log.txt,,NO,7884e0a3becbf994397c258ebbeb04b80f5af91ccb436e85b8e443445534a793,30,LOW
2026-09-12 11:18:43,bhagy,FILE MODIFIED,.\audit_log.txt,,NO,1732cffd6a28ba8c116760250fcb35ca082897f932cf6a0f5ef909a104448998,30,LOW
2026-09-12 11:18:43,bhagy,FILE MODIFIED,.\audit_log.txt,,NO,10a236ae07daa24f6292c772bb059714552135cf04b48e5d5998f56dd87624b3,30,LOW
2026-09-12 11:18:44,bhagy,FILE MODIFIED,.\audit_log.txt,,NO,ea714823b881577b96936e289e1702d47b4d2a44c669f3e2fb7b1b438ed709b6,30,LOW
2026-09-12 11:18:44,bhagy,FILE MODIFIED,.\audit_log.txt,,NO,74f1f97b6d765e607f2d1aa010ca0b93625ca3dcf92f1a0fde040d599d32fc1b,30,LOW
2026-09-12 11:18:44,bhagy,FILE MODIFIED,.\audit_log.txt,,NO,76f4fa7d511a812ea7e6d39113ca9fa77204dd33ffea19965963ad0b4415c544,30,LOW
2026-09-12 11:18:44,bhagy,FILE MODIFIED,.\audit_log.txt,,NO,592c57914085ee960f80837192447188a3eef10bd33b8d0e9ed646d3e698604f,30,LOW
2026-09-12 11:18:44,bhagy,FILE MODIFIED,.\audit_log.txt,,NO,bd03382f5f08e635efefad6ea94a26ee2d0525979dc41185d144a549068ee78a,30,LOW
2026-09-12 11:18:44,bhagy,FILE MODIFIED,.\audit_log.txt,,NO,272e4c4e71ebea0897b268f413f88c214f503bbda3370b913bac8236c9ecbcb8,30,LOW
2026-09-12 11:18:44,bhagy,FILE MODIFIED,.\audit_log.txt,,NO,8f0b4ec21363ea8dffa3be3100b3777b70eb1954faf7b9b49add9a60b1db2ba4,30,LOW
2026-09-12 11:18:44,bhagy,FILE MODIFIED,.\audit_log.txt,,NO,415d5b997286fe4b4d486708a829d00fa0031ee786eb6c41b0a21f0a2de28995,30,LOW
2026-09-12 11:18:44,bhagy,FILE MODIFIED,.\audit_log.txt,,NO,5b1d2e9112e0bed63d045d69a57d819bd01b24598a9576aedd6b5294c7639479,30,LOW
2026-09-12 11:18:44,bhagy,FILE MODIFIED,.\audit_log.txt,,NO,824e06120de0cdb560436db151aafc90981dc26f10e21573c36d33d2385e51c3,30,LOW
2026-09-12 11:18:44,bhagy,FILE MODIFIED,.\audit_log.txt,,NO,9f77b52bae96fb1aa286c5bcd0f1be2422f8685c99c4d509bd84506773f13925,30,LOW
2026-09-12 11:18:44,bhagy,FILE MODIFIED,.\audit_log.txt,,NO,a97f045be9c15eed08eb00a1043e1a9b4695f554283cfbc700b9e4e8bfa9fd61,30,LOW
2026-09-12 11:18:44,bhagy,FILE MODIFIED,.\audit_log.txt,,NO,66dc804cade2169de05e221e039493e907d5cc1a22e8ea296de19712cf2627cd,30,LOW
2026-09-12 11:18:45,bhagy,FILE MODIFIED,.\audit_log.txt,,NO,95b9820603944732ea89932d31c246d33af65fdf0ef4cc51ab618e5d377b6ee6,30,LOW
2026-09-12 11:18:45,bhagy,FILE MODIFIED,.\audit_log.txt,,NO,bdabc75323ff9913a77fd5921aa6c5a5f5d9aae6ed789f96597342bf7a385ecf,30,LOW
2026-09-12 11:18:45,bhagy,FILE MODIFIED,.\audit_log.txt,,NO,2e14ed732d7fdabfcad0828035d97914045679c8462ebf6b5ca10c536ae9c948,30,LOW
2026-09-12 11:18:45,bhagy,FILE MODIFIED,.\audit_log.txt,,NO,9af6aaf1064fef343e75394169ff4ec0564d5c768030563a1ded47b63c40bb04,30,LOW
2026-09-12 11:18:45,bhagy,FILE MODIFIED,.\audit_log.txt,,NO,704a0ffb97af0bd1fe8faf8ef19fdfa465805486377ac1e21d2045f9de0356df,30,LOW
2026-09-12 11:18:45,bhagy,FILE MODIFIED,.\audit_log.txt,,NO,7233e73e0f97d165aeb226ed729690fb3a61b7fd3d6a2364ca2922bf4d076558,30,LOW
2026-09-12 11:18:45,bhagy,FILE MODIFIED,.\audit_log.txt,,NO,c9dd719c52d92b5a4acc2ec1567b4e7b898d19092a66b5dffe2fb4c83b1432ce,30,LOW
2026-09-12 11:18:45,bhagy,FILE MODIFIED,.\audit_log.txt,,NO,e798ae1f8239039cde81a2d6b1188c316625be83f4670cabbf0ce0a5784e3548,30,LOW
2026-09-12 11:18:45,bhagy,FILE MODIFIED,.\audit_log.txt,,NO,171fe927d0acf7f556599d1d42260e8a54fa9284776dd0e94255b32f30238271,30,LOW
2026-09-12 11:18:45,bhagy,FILE MODIFIED,.\audit_log.txt,,NO,ef9bbbd8a0814665d84ea01d76419bfc49d75194e6daffb65c1e2fed02041c1e,30,LOW
2026-09-12 11:18:45,bhagy,FILE MODIFIED,.\audit_log.txt,,NO,03d3c9f31ed52cd0dd1cb1b88bc0eabb4d4c77be2bfe99be7d8d46098b6e50e8,30,LOW
2026-09-12 11:18:46,bhagy,FILE MODIFIED,.\audit_log.txt,,NO,c294e9e8609628cfcfc7e79fa8c19139754eb9072b6853ff0b33242781dbbd72,30,LOW
2026-09-12 11:18:46,bhagy,FILE MODIFIED,.\audit_log.txt,,NO,f6b6cb5b2c20e3f19a1e671b48134a2d28f7d3d057e2f928cf9aa96f5974db32,30,LOW
2026-09-12 11:18:46,bhagy,FILE MODIFIED,.\audit_log.txt,,NO,d446a4636d96e327d047d3571b47236d1665699c25153f60cb0a09f4ba691601,30,LOW
2026-09-12 11:18:46,bhagy,FILE MODIFIED,.\audit_log.txt,,NO,c5abab11e7914933953d4d16f404d06dcc9390bdf4fefe865f85391693ba3e99,30,LOW
2026-09-12 11:18:46,bhagy,FILE MODIFIED,.\audit_log.txt,,NO,884551bdf258be319b8f9a718d8132f3ae11f956a968d55a8ed3dc5de9ec6f90,30,LOW
2026-09-12 11:18:46,bhagy,FILE MODIFIED,.\audit_log.txt,,NO,c7faa82a08b13b38af03971f6b20d108671f1f26eaa038d6189c445e84477a69,30,LOW
2026-09-12 11:18:46,bhagy,FILE MODIFIED,.\audit_log.txt,,NO,8875a5dff871e43a2dfc464f83de0bb46ba4b2247adc5233f2f8f201e791cbce,30,LOW
2026-09-12 11:18:46,bhagy,FILE MODIFIED,.\audit_log.txt,,NO,cf7802c809c117f741ff29701ac3090e97e2a9ffa2e0497d5117cd51b1cd1f39,30,LOW
2026-09-12 11:18:46,bhagy,FILE MODIFIED,.\audit_log.txt,,NO,81d2601e229c3da72897e963bf95a31e2fca43397cef054a79fc7006030e19fc,30,LOW
2026-09-12 11:18:46,bhagy,FILE MODIFIED,.\audit_log.txt,,NO,b84a305ef61b292339748b9b569990cad055fdac4825b52319cd292ad3d9a74a,30,LOW
2026-09-12 11:18:46,bhagy,FILE MODIFIED,.\audit_log.txt,,NO,93ac8649b30497cd09736f813f330a148c29fd34a5976051f56a1066cfa7ccba,30,LOW
2026-09-12 11:18:46,bhagy,FILE MODIFIED,.\audit_log.txt,,NO,f0b272b4636e49dfb63f6bb0c30180f98d180c1e3c2e971a3738dae9a4da0b31,30,LOW
2026-09-12 11:18:47,bhagy,FILE MODIFIED,.\audit_log.txt,,NO,40fc8747df95559bd50970d7f4ae2316f40135ef261ccc90c621b6db34aa1b16,30,LOW
2026-09-12 11:18:47,bhagy,FILE MODIFIED,.\audit_log.txt,,NO,51054bab43e86ffd22a5f5547fe26f667086da9d5d46c6de93f187f96e00e1e4,30,LOW
2026-09-12 11:18:47,bhagy,FILE MODIFIED,.\audit_log.txt,,NO,12b95a9fa75b0f6f9d06ee737639b4761c4fba86d08859e3011c67144cef4729,30,LOW
2026-09-12 11:18:47,bhagy,FILE MODIFIED,.\audit_log.txt,,NO,100ddfce3add5d8f634b58b56f4b7f86b79416f9fa61822b548b76706188be4c,30,LOW
2026-09-12 11:18:47,bhagy,FILE MODIFIED,.\audit_log.txt,,NO,cff9adefde65a451bab964a89d82c74997c4193b08c1f61504c4812c98e081de,30,LOW
2026-09-12 11:18:47,bhagy,FILE MODIFIED,.\audit_log.txt,,NO,90c9f042a83bd59570e122eb8f7697ecaab4fdf57f642640adb2979bf8cd1ab7,30,LOW
2026-09-12 11:18:47,bhagy,FILE MODIFIED,.\audit_log.txt,,NO,d7895cab10007d7ab79bad12a33a78bf43cff65981413f32948d0a60bf87253e,30,LOW
2026-09-12 11:18:47,bhagy,FILE MODIFIED,.\audit_log.txt,,NO,1dabfdfcf12e12dc5cc28b49c7c8b1d87337c58111f5d4b77ef780b17005cfc4,30,LOW
2026-09-12 11:18:47,bhagy,FILE MODIFIED,.\audit_log.txt,,NO,de2656012ec94d9625ababe357a940b7fb763ecfd13d3e13b27e0ec77c06dbdb,30,LOW
2026-09-12 11:18:47,bhagy,FILE MODIFIED,.\audit_log.txt,,NO,00b01c63e781caab55f51513295cdfe82909aabd357a6a405e514c4c0456c417,30,LOW
2026-09-12 11:18:48,bhagy,FILE MODIFIED,.\audit_log.txt,,NO,d7a79a276f2fc5cf552cdec1fe429f2dd560e49c61ee7567a5ce3fde8ba859d1,30,LOW
2026-09-12 11:18:48,bhagy,FILE MODIFIED,.\audit_log.txt,,NO,ab555473b8eec38461b07b1118ad78972a9a2b5334db3de36323f74f25a74b81,30,LOW
2026-09-12 11:18:48,bhagy,FILE MODIFIED,.\audit_log.txt,,NO,e36b024a36fe51b4c36aba6db5e62cff31531fcf8aa28a2e33187127334efc6e,30,LOW
2026-09-12 11:18:48,bhagy,FILE MODIFIED,.\audit_log.txt,,NO,51760cc222eef8db57f282f74c8484e5134a1df372ce76947e55ebe55685bc6c,30,LOW
2026-09-12 11:18:48,bhagy,FILE MODIFIED,.\audit_log.txt,,NO,8f82f2257ec83be24c604b6a7d996d4e57bd69e86d54a8e6b35bdbe2abdb6c73,30,LOW
2026-09-12 11:18:48,bhagy,FILE MODIFIED,.\audit_log.txt,,NO,f527a3a62d696fe0f7a8e245512a2eea93afd8ae4853c80d2434a5b64816f57b,30,LOW
2026-09-12 11:18:48,bhagy,FILE MODIFIED,.\audit_log.txt,,NO,8d9b19a53f4cc5e0e50dbd858b2913a25f4563ca2a43b847c287139e5bd80685,30,LOW
2026-09-12 11:18:48,bhagy,FILE MODIFIED,.\audit_log.txt,,NO,c52de21fc8af7e08469e92f5566c2d051de1dd0341e049ec37e09efa939c6267,30,LOW
2026-09-12 11:18:48,bhagy,FILE MODIFIED,.\audit_log.txt,,NO,5a369d8987516add8106a13a6a7be47e4cd3839037e86212a18da7d6dd7a5372,30,LOW
2026-09-12 11:18:48,bhagy,FILE MODIFIED,.\audit_log.txt,,NO,ae27ce56f6463578dfa67a90014032c3c56c6d2ec9f3b7990430824f572aaf6d,30,LOW
2026-09-12 11:18:48,bhagy,FILE MODIFIED,.\audit_log.txt,,NO,b2fad9f93bf480d5df7eebab86ae9ddbf3bd8cfafa1ffbb88059b0f17b559f18,30,LOW
2026-09-12 11:18:49,bhagy,FILE MODIFIED,.\audit_log.txt,,NO,27c3ced4305bd7038350b2738c6ddb7b5eb9ccb778c3f3dd49e351326771162e,30,LOW
2026-09-12 11:18:49,bhagy,FILE MODIFIED,.\audit_log.txt,,NO,6eee7f2466bbabfafe2f0e2e38e1dbc1e052f0638de69b02036ee09ac251331c,30,LOW
2026-09-12 11:18:49,bhagy,FILE MODIFIED,.\audit_log.txt,,NO,5b588e659028e63dbfa0dd8078583449aa09ffb81b10998b30a4fc6378a4add9,30,LOW
2026-09-12 11:18:49,bhagy,FILE MODIFIED,.\audit_log.txt,,NO,007d4fca63ad1239731b55110721ba2bf3a3a462761b23f0494e5b2b3ce2caec,30,LOW
2026-09-12 11:18:49,bhagy,FILE MODIFIED,.\audit_log.txt,,NO,03808456d5f910f86f262edea1b5a245cee8c33a690062ab60d1d3b05de004ac,30,LOW
2026-09-12 11:18:49,bhagy,FILE MODIFIED,.\audit_log.txt,,NO,6b5048ba4bca9d21bf17ec92c88b73daaa9a8298bc0fe23ccb13f3b12ffd1cfd,30,LOW
2026-09-12 11:18:49,bhagy,FILE MODIFIED,.\audit_log.txt,,NO,f367088f43629394f2b4bd5d2d5a1c190d09bbadce83b62eff442247811ee6de,30,LOW
2026-09-12 11:18:49,bhagy,FILE MODIFIED,.\audit_log.txt,,NO,4c1896685fa9559b3e471ca6a40fa20cc07fe22077246737201211e615eba23e,30,LOW
2026-09-12 11:18:49,bhagy,FILE MODIFIED,.\audit_log.txt,,NO,02f4546a610afb040461deaa0cfe251fca583f5f1c34e6f64a2b86707003cc56,30,LOW
2026-09-12 11:18:49,bhagy,FILE MODIFIED,.\audit_log.txt,,NO,ad65b505f64bdd2f6eb515e3fc3cfcdc0926ee809d307062247c0525b547ac94,30,LOW
2026-09-12 11:18:49,bhagy,FILE MODIFIED,.\audit_log.txt,,NO,8067828c518dce0fbfa0b2f30023106988ccaac62c6bba0d46f32ff5d5edc665,30,LOW
2026-09-12 11:18:49,bhagy,FILE MODIFIED,.\audit_log.txt,,NO,ddc2ba2757ca8a6a585680cd1279912adae2125421f724c7afc9f914f3ae1213,30,LOW
2026-09-12 11:18:50,bhagy,FILE MODIFIED,.\audit_log.txt,,NO,0cf266a07105df7815a7872cbd0ad67fe528e71257832e4df4b244aa39517089,30,LOW
2026-09-12 11:18:50,bhagy,FILE MODIFIED,.\audit_log.txt,,NO,cbc3ddc9956fac0a89b73bdb340ae70f6c80c7a132ad31170aa51237bb288ffe,30,LOW
2026-09-12 11:18:50,bhagy,FILE MODIFIED,.\audit_log.txt,,NO,37564131081804cf7d6e436d9c8e6f5682ecacdad87e991dff14a32a3a4be5b0,30,LOW
2026-09-12 11:18:50,bhagy,FILE MODIFIED,.\audit_log.txt,,NO,1fb9dc8b9e01209fd1d0295188beffe701384566be68bc79c4a4b1adb64be997,30,LOW
2026-09-12 11:18:50,bhagy,FILE MODIFIED,.\audit_log.txt,,NO,160f9581f798992eaad4b23fdbb48d0eb6a17eb6e3b4821ff0bcef1b5c0d5984,30,LOW
2026-09-12 11:18:50,bhagy,FILE MODIFIED,.\audit_log.txt,,NO,3b61e007d445a860fc19a179ce503777454a604bb318dfae9cbc876ad4e9e0cb,30,LOW
2026-09-12 11:18:50,bhagy,FILE MODIFIED,.\audit_log.txt,,NO,1723cb23831e833726461fc2f05ffe82cda7d58363158ec40e62b8f924d0bd9d,30,LOW
2026-09-12 11:18:50,bhagy,FILE MODIFIED,.\audit_log.txt,,NO,fe02846733730f4e1f2288074ee7cbf77710049fbaacc103e2fd708d60a8928c,30,LOW
2026-09-12 11:18:50,bhagy,FILE MODIFIED,.\audit_log.txt,,NO,f81b88d2655d9a9a64c67f95ade089ca74a69d4a8b17734c1265c93d16013cb2,30,LOW
2026-09-12 11:18:50,bhagy,FILE MODIFIED,.\audit_log.txt,,NO,22500994fa0770c5172d581c9d769983015feb2c45607696fca237edccf34e1e,30,LOW
2026-09-12 11:18:50,bhagy,FILE MODIFIED,.\audit_log.txt,,NO,959d9373a0a5fc77c03fa62576c7574feeb1fe97153d701a52909c849c2fe0c0,30,LOW
2026-09-12 11:18:50,bhagy,FILE MODIFIED,.\audit_log.txt,,NO,9882e4323cb78ec18ce72e78656d25018fed63823296113ddf55a2857d55259f,30,LOW
2026-09-12 11:18:50,bhagy,FILE MODIFIED,.\audit_log.txt,,NO,bef712aa1fca3f73cfca6e9c8b106fc9e9fe8e3335cc9579bfd3a4a56f861b71,30,LOW
2026-09-12 11:18:51,bhagy,FILE MODIFIED,.\audit_log.txt,,NO,a89973e1a68d244a63f97b3a489ca089d14a72234e70cac0292728c6775e9bc1,30,LOW
2026-09-12 11:18:51,bhagy,FILE MODIFIED,.\audit_log.txt,,NO,fb136e06f14139ec574f57bcd3099201b67265e688a2f0cd49072bd04a8e89df,30,LOW
2026-09-12 11:18:51,bhagy,FILE MODIFIED,.\audit_log.txt,,NO,11d635df6705d09e01a54f76d91b7886ea85c575ded1fbac6f4e8184d031e9fa,30,LOW
2026-09-12 11:18:51,bhagy,FILE MODIFIED,.\audit_log.txt,,NO,219789716a171665db151f57bedeaf7717d07564334fe7b23f3d4190b2decd67,30,LOW
2026-09-12 11:18:51,bhagy,FILE MODIFIED,.\audit_log.txt,,NO,0198272befc319327639ca67156e6684a559d4034837d70aac4ae4f2a6439ab0,30,LOW
2026-09-12 11:18:51,bhagy,FILE MODIFIED,.\audit_log.txt,,NO,32a1f65bbde6b729d11d2682712c05f6287f38aa3ed6fd68a778632704d18dad,30,LOW
2026-09-12 11:18:51,bhagy,FILE MODIFIED,.\audit_log.txt,,NO,6920aa30e8940da1c2e2a6d0031a1a92e7fd61ec81e05104e71e3bbea4436436,30,LOW
2026-09-12 11:18:51,bhagy,FILE MODIFIED,.\audit_log.txt,,NO,2336485951fde17912d7ea993f2df6593c4f0380bee8d02e337674007ac89dce,30,LOW
2026-09-12 11:18:51,bhagy,FILE MODIFIED,.\audit_log.txt,,NO,ca0ab4ecf720f4d233f9c1452d3e55a241a159e9e741cca3e43bfe8bc7fb3366,30,LOW
2026-09-12 11:18:51,bhagy,FILE MODIFIED,.\audit_log.txt,,NO,c59433300166d9102db2277b41b5886959fa8e16d9ef9c18bc08bab24a5f8c8c,30,LOW
2026-09-12 11:18:51,bhagy,FILE MODIFIED,.\audit_log.txt,,NO,96109d7d4ad47e650dfa6a8ed4cd5a1dc0cda15a44760dd394736961d53672c7,30,LOW
2026-09-12 11:18:51,bhagy,FILE MODIFIED,.\audit_log.txt,,NO,7e5946ab3923d94d368ca347a80d0e20d8d3fe73bd1a295529073bf932552c6d,30,LOW
2026-09-12 11:18:51,bhagy,FILE MODIFIED,.\audit_log.txt,,NO,19c6e78352d51b9d4b17a6ee5292086c6481910276eafeb8e5eb9ccf4095a9f2,30,LOW
2026-09-12 11:18:52,bhagy,FILE MODIFIED,.\audit_log.txt,,NO,a73d1c9f98071ba7b8c1d3bad441a8c4ce6ab67078143d12b11495533f081993,30,LOW
2026-09-12 11:18:52,bhagy,FILE MODIFIED,.\audit_log.txt,,NO,202698a160b2b82dcbed185a153fe17a56d5a217bb514f4eb97117479198f233,30,LOW
2026-09-12 11:18:52,bhagy,FILE MODIFIED,.\audit_log.txt,,NO,cd8e9eb4da76a44f099f9511c4a509642d423bd8a9b094b2894202e5adbf4f1e,30,LOW
2026-09-12 11:18:52,bhagy,FILE MODIFIED,.\audit_log.txt,,NO,accd0926cbfcbcf5a8071449928be37c6d2a323a4f7cccda78dd0752d4378f6d,30,LOW
2026-09-12 11:18:52,bhagy,FILE MODIFIED,.\audit_log.txt,,NO,8ee2f2e799649a4010e934b5f6744d306e5f7a5a20b96369b6fab20cee96b2c4,30,LOW
2026-09-12 11:18:52,bhagy,FILE MODIFIED,.\audit_log.txt,,NO,dcdad550f6402b71a47ca333a1849a81d33ca01e9e98bca7747453a800e2d058,30,LOW
2026-09-12 11:18:52,bhagy,FILE MODIFIED,.\audit_log.txt,,NO,fbc7b5734f98a0b7a0e8e97d5a36ccd3c8ae1f2e1317e494f47dd5a5a3662ca5,30,LOW
2026-09-12 11:18:52,bhagy,FILE MODIFIED,.\audit_log.txt,,NO,909e17abf820577ccb9dabfc633b68c081e6eb967268f3b1d2260ea29c2cda1f,30,LOW
2026-09-12 11:18:52,bhagy,FILE MODIFIED,.\audit_log.txt,,NO,0d8d273a96eccb938aaa98b3df35ec0ba234a1fe1c01648a28a22c639cf27345,30,LOW
2026-09-12 11:18:52,bhagy,FILE MODIFIED,.\audit_log.txt,,NO,8087bba14f042c1ccdb1e440e70d43d671fe4c77fc33a66e4482664c18e4721b,30,LOW
2026-09-12 11:18:52,bhagy,FILE MODIFIED,.\audit_log.txt,,NO,6200158451f1da406853400a495c7675b07c32fff936db11f219b569bddb4ea0,30,LOW
2026-09-12 11:18:52,bhagy,FILE MODIFIED,.\audit_log.txt,,NO,20a9951755c969d530ac8fe75534618b11005744286050af18570971e37ed141,30,LOW
2026-09-12 11:18:53,bhagy,FILE MODIFIED,.\audit_log.txt,,NO,9bc09267f2ac80ace0067e3fbd43a42748eb663cab55e2a52d817b3a7a4b246e,30,LOW
2026-09-12 11:18:53,bhagy,FILE MODIFIED,.\audit_log.txt,,NO,b76ec2c3dcf403e8518514f8234474a1263f988cea4b88da622718d1678566a0,30,LOW
2026-09-12 11:18:53,bhagy,FILE MODIFIED,.\audit_log.txt,,NO,03194695964e8630858db7fe0d27c667d7e42fcde32cd87f95f63fdbadd4a6fe,30,LOW
2026-09-12 11:18:53,bhagy,FILE MODIFIED,.\audit_log.txt,,NO,e27ff8d52b373f5b0435bdb3285c9a323c90276567263091d3f621e13d5bfc1f,30,LOW
2026-09-12 11:18:53,bhagy,FILE MODIFIED,.\audit_log.txt,,NO,55e0a37eb6fc2c3258e4e4b5d0354ddd5f79717fd0c052ea8ed8ba4d6a827494,30,LOW
2026-09-12 11:18:53,bhagy,FILE MODIFIED,.\audit_log.txt,,NO,9de960d7a1569245df86a892857ab08ad235dabaaf2f859774bccaab1c891186,30,LOW
2026-09-12 11:18:53,bhagy,FILE MODIFIED,.\audit_log.txt,,NO,2bf183f76c8d5d7eeefcc4fa4505081c3d1e11d9a582a048617d8dab5bd96b60,30,LOW
2026-09-12 11:18:53,bhagy,FILE MODIFIED,.\audit_log.txt,,NO,0347839112a63775ad6aa3f5296623364be71c9c5d2a4ab388a73b8f8d26440d,30,LOW
2026-09-12 11:18:53,bhagy,FILE MODIFIED,.\audit_log.txt,,NO,4949a5399810d896fab980cbc789131c6f89ae49eb535dace20bfa9d856491e2,30,LOW
2026-09-12 11:18:53,bhagy,FILE MODIFIED,.\audit_log.txt,,NO,ecadd7b3411246f86a3103f0e1f39cc9a4fe5936179335e72db84cedecc08741,30,LOW
2026-09-12 11:18:53,bhagy,FILE MODIFIED,.\audit_log.txt,,NO,f6657c0894d3b5225ddddc6695750ca2653b6a82a366c1877bece968c1441854,30,LOW
2026-09-12 11:18:53,bhagy,FILE MODIFIED,.\audit_log.txt,,NO,1a58862680167b00b7503572bae9f9c56f98a5ef22c6036cfc7c89ee4ae96b92,30,LOW
2026-09-12 11:18:54,bhagy,FILE MODIFIED,.\audit_log.txt,,NO,ebe4c946a6f6cee8f70433b2f3ddcafad3fc6550fcd9d9b5f2a69384e74c7a41,30,LOW
2026-09-12 11:18:54,bhagy,FILE MODIFIED,.\audit_log.txt,,NO,d07b215efc008d556737446dbb9f2665c54d1c341fbd87473b6ae5d9bd060ec8,30,LOW
2026-09-12 11:18:54,bhagy,FILE MODIFIED,.\audit_log.txt,,NO,8ffbcc9fdcb8b03f7d8dfea948ad216130d7fb76548092a7a8e0df2ab81c1523,30,LOW
2026-09-12 11:18:54,bhagy,FILE MODIFIED,.\audit_log.txt,,NO,53e61ca245c8e19ce611992b2f9bf7ed873c9fc651dedde9ecded705daf1a7d7,30,LOW
2026-09-12 11:18:54,bhagy,FILE MODIFIED,.\audit_log.txt,,NO,f39a3f97a6908427f7c79dbd0b9f6aee3ee5be529d40768425e9baa901b50786,30,LOW
2026-09-12 11:18:54,bhagy,FILE MODIFIED,.\audit_log.txt,,NO,9dce65a72bcdefb4cf5a6da592ee044764faa47e445e8f2dd98a5d1c27254a65,30,LOW
2026-09-12 11:18:54,bhagy,FILE MODIFIED,.\audit_log.txt,,NO,8ef87a37d43b34677b5415fd3c9e26262190a1afd449699c977f05826e19df37,30,LOW
2026-09-12 11:18:54,bhagy,FILE MODIFIED,.\audit_log.txt,,NO,bc63ce64e19fb6541608324ad95263e256d1a0bc47cf3b8aa95f0a8afc1dbafb,30,LOW
2026-09-12 11:18:54,bhagy,FILE MODIFIED,.\audit_log.txt,,NO,014ce40041ed6645c66c83d434079464a023e6079258da7163602b182f139d6f,30,LOW
2026-09-12 11:18:54,bhagy,FILE MODIFIED,.\audit_log.txt,,NO,e69b3666338c387e755dbd9818207a4861d73354790547dfd8e31a7c74d667c9,30,LOW
2026-09-12 11:18:54,bhagy,FILE MODIFIED,.\audit_log.txt,,NO,a8144d345a4e46c03335f8135a0b00e2706afced3b2c11086df690e78981b5d1,30,LOW
2026-09-12 11:18:55,bhagy,FILE MODIFIED,.\audit_log.txt,,NO,f7c10c70fcbd3750a49fb118e5f98cfb4c5c7f7ae991f4b6b2c6fe5e8c80495e,30,LOW
2026-09-12 11:18:55,bhagy,FILE MODIFIED,.\audit_log.txt,,NO,e718873018973385fcee3e8f1a4fae9886393a37d2c6b1ba4f6238e81b6dc9f6,30,LOW
2026-09-12 11:18:55,bhagy,FILE MODIFIED,.\audit_log.txt,,NO,87821f036a6fdc1091a0666516985bf5c134c052f1d0cbf711e2c76617283acc,30,LOW
2026-09-12 11:18:55,bhagy,FILE MODIFIED,.\audit_log.txt,,NO,8eb600e97757dadfba19364875b9fd015f2ae40c0f0d1241b06eadf998f176fe,30,LOW
2026-09-12 11:18:55,bhagy,FILE MODIFIED,.\audit_log.txt,,NO,b0366b80472f0c3f7e264b8c9b3a7e3a588caaee326590c871f1d1e3417c8d30,30,LOW
2026-09-12 11:18:55,bhagy,FILE MODIFIED,.\audit_log.txt,,NO,120a4648dc7e77e2f6b24bc97656c5cadbae2276280670103a608ac72ce9d51c,30,LOW
2026-09-12 11:18:55,bhagy,FILE MODIFIED,.\audit_log.txt,,NO,82eb7aebbe6bf94d3f83f55374db0eeed35c0fa2d755955338fe8fd90bb2aecb,30,LOW
2026-09-12 11:18:55,bhagy,FILE MODIFIED,.\audit_log.txt,,NO,931da7b18c7677fabe26946223ebe92428e20d65509e001caf8e79362008a07a,30,LOW
2026-09-12 11:18:55,bhagy,FILE MODIFIED,.\audit_log.txt,,NO,f46433297374244348755bf7c9dc96b3f3a75fb0e50dd2f01a1488150eaf9ee9,30,LOW
2026-09-12 11:18:55,bhagy,FILE MODIFIED,.\audit_log.txt,,NO,6c6d54599a41464632baf98ec244513bbf7ac0ddd6a83828d2072d19c4f86154,30,LOW
2026-09-12 11:18:55,bhagy,FILE MODIFIED,.\audit_log.txt,,NO,328d392499a3a34d95490189805e6e92d536171fef3b525c5e28814345ec5db2,30,LOW
2026-09-12 11:18:56,bhagy,FILE MODIFIED,.\audit_log.txt,,NO,2dfe5636f2bc513d5a2c3f0165930775161f9a86de3cd327f3702632689db3de,30,LOW
2026-09-12 11:18:56,bhagy,FILE MODIFIED,.\audit_log.txt,,NO,d9753031e8107fa082a610c07fee66d8802b1348044aa04007fe9659545eb82d,30,LOW
2026-09-12 11:18:56,bhagy,FILE MODIFIED,.\audit_log.txt,,NO,67bc5e913c82e0886d1463161d9d62bcda5982647b45c1fe3fb301e48c751f7d,30,LOW
2026-09-12 11:18:56,bhagy,FILE MODIFIED,.\audit_log.txt,,NO,578be7904172311d0d0c183e12cc5e51d69e941cf286ebc77cf3e602711562a9,30,LOW
2026-09-12 11:18:56,bhagy,FILE MODIFIED,.\audit_log.txt,,NO,a72b386db448af4e869a4c4ac3dc823e869a61e20b1abfe99279a4724ea17379,30,LOW
2026-09-12 11:18:56,bhagy,FILE MODIFIED,.\audit_log.txt,,NO,f6d78e738f9e6ae7607a34ebd1d4641a4dd5c3f60c9e378d17450c21664eb046,30,LOW
2026-09-12 11:18:56,bhagy,FILE MODIFIED,.\audit_log.txt,,NO,0ed7430206cb95899cbb3c691dec7380f0d68483df8b1994deff47a552142add,30,LOW
2026-09-12 11:18:56,bhagy,FILE MODIFIED,.\audit_log.txt,,NO,b521ee39f6ad53feb19d123f6be2bc14c4f32bc3685298985c0b4d551938e706,30,LOW
2026-09-12 11:18:56,bhagy,FILE MODIFIED,.\audit_log.txt,,NO,94d55dd66fd972e4058892b8a96948b5be2373a89a1d499a39fd1e1695996ade,30,LOW
2026-09-12 11:18:56,bhagy,FILE MODIFIED,.\audit_log.txt,,NO,496b1bbc0f64752e3520cf7abb7d9b2124ef5b8cb062ddd9e710475ba4af5f37,30,LOW
2026-09-12 11:18:56,bhagy,FILE MODIFIED,.\audit_log.txt,,NO,da29d738b76857495af18e5d8120876a12b5fd56260ed1ce643fcdff999d662d,30,LOW
2026-09-12 11:18:56,bhagy,FILE MODIFIED,.\audit_log.txt,,NO,733390dc0661e6d7aec82bdccdf0e85ba29f9380d42c8cf4b4a36bfaef628e44,30,LOW
2026-09-12 11:18:57,bhagy,FILE MODIFIED,.\audit_log.txt,,NO,b0fd58c1b50fd5b07eb73e4ce0539c6f20e23c24ada06311620e7acadbf2c1c4,30,LOW
2026-09-12 11:18:57,bhagy,FILE MODIFIED,.\audit_log.txt,,NO,129fd130bc2f0edaae362393e054b5d23bccc24060b40fd49d8160bc9a7e771e,30,LOW
2026-09-12 11:18:57,bhagy,FILE MODIFIED,.\audit_log.txt,,NO,01326f59081775a8d9573cfd59187efd4d11c661dc3059f69c91cadd176e1101,30,LOW
2026-09-12 11:18:57,bhagy,FILE MODIFIED,.\audit_log.txt,,NO,9f7feabd96f3fd300ef9657c87631dcb65f1bec5988035e9ca4e7679cf84b43a,30,LOW
2026-09-12 11:18:57,bhagy,FILE MODIFIED,.\audit_log.txt,,NO,cb28544be216be40fa192392c98760ec9b3d87fd530de7715b5452b42288fbf7,30,LOW
2026-09-12 11:18:57,bhagy,FILE MODIFIED,.\audit_log.txt,,NO,1965f166937fc4e71830903ca28d901852065c8ceb31c7ff9e8b8fb71dfd250a,30,LOW
2026-09-12 11:18:57,bhagy,FILE MODIFIED,.\audit_log.txt,,NO,ea599492ae5a446df15a04f28b881377f710c8c3f295514458c4c1e0d975d843,30,LOW
2026-09-12 11:18:57,bhagy,FILE MODIFIED,.\audit_log.txt,,NO,83ec74dee0802f605b04f0f5ad5caaf2ed4347dd87738a6d09902768e4c6f494,30,LOW
2026-09-12 11:18:57,bhagy,FILE MODIFIED,.\audit_log.txt,,NO,0fb7eec3c344097a47c709675422e671850c4e5dafeea6b454710644cecc51cc,30,LOW
2026-09-12 11:18:57,bhagy,FILE MODIFIED,.\audit_log.txt,,NO,51ac0e55efecd1f2022d16822f63b3ef861da7609e7d4b2f48496f7820a33092,30,LOW
2026-09-12 11:18:57,bhagy,FILE MODIFIED,.\audit_log.txt,,NO,4291dac27b9ebef7eeb0412844e1f240131d1aeb35776ccb2791ea653f8e97ae,30,LOW
2026-09-12 11:18:58,bhagy,FILE MODIFIED,.\audit_log.txt,,NO,654a74cc422f43eb49b9248fb557b07db28110bc6aefbec0e4cce7860f9372b3,30,LOW
2026-09-12 11:18:58,bhagy,FILE MODIFIED,.\audit_log.txt,,NO,171add153ee9ed66a3e2fdc42e896d514d70ebe570acd8947306fb12a1d68953,30,LOW
2026-09-12 11:18:58,bhagy,FILE MODIFIED,.\audit_log.txt,,NO,76a952df735fcde9b919c2893cbb01afdd2cce61a7011ff69dd064064fdd9ad8,30,LOW
2026-09-12 11:18:58,bhagy,FILE MODIFIED,.\audit_log.txt,,NO,6193821f69e0294c2a0020290bf5704af56900e94bc1c0ceb052b05704d518a7,30,LOW
2026-09-12 11:18:58,bhagy,FILE MODIFIED,.\audit_log.txt,,NO,760333292e7ec8b2905446c74237b26bfd3a13d3bde99e699efa2aef03bd3b6c,30,LOW
2026-09-12 11:18:58,bhagy,FILE MODIFIED,.\audit_log.txt,,NO,7d9e2ba73954c6bbf16ffbb3529c010bf01b838c4c790f87c1dac2d3512c89fd,30,LOW
2026-09-12 11:18:58,bhagy,FILE MODIFIED,.\audit_log.txt,,NO,179aca87b97ff6e2df0c02c9b928ceab5da24f1d3b9c6bd729bc0048d2ccf3e5,30,LOW
2026-09-12 11:18:58,bhagy,FILE MODIFIED,.\audit_log.txt,,NO,1b9ce7edad481cda45f13abd013b97b26605601f572f91547b787f3ee028adbb,30,LOW
2026-09-12 11:18:58,bhagy,FILE MODIFIED,.\audit_log.txt,,NO,070a00cc7b493eb38837a6e3a5704874d2487833935bb0c41c50a8206bb77f32,30,LOW
2026-09-12 11:18:58,bhagy,FILE MODIFIED,.\audit_log.txt,,NO,ef9ec334a6f7e5a912cd2a5902ef080c82d75a36fd235dfbb548c497dfaf8b57,30,LOW
2026-09-12 11:18:58,bhagy,FILE MODIFIED,.\audit_log.txt,,NO,49228c71b7af79045ed9a2055ebc4907c1e2a6e851cd87e7b22525175fd55247,30,LOW
2026-09-12 11:18:58,bhagy,FILE MODIFIED,.\audit_log.txt,,NO,9066939d3724abe57f0d30195bed026ccd663a749765c6628837c39632a0e4d2,30,LOW
2026-09-12 11:18:59,bhagy,FILE MODIFIED,.\audit_log.txt,,NO,cf6302fb5b97628272a997b7be234265e6156fa5cb31c330a2da7767bfcf476c,30,LOW
2026-09-12 11:18:59,bhagy,FILE MODIFIED,.\audit_log.txt,,NO,77403958cd263545ea9d9388a8be2ab15a9725f5c3d84ad3e507b4d15ad70b45,30,LOW
2026-09-12 11:18:59,bhagy,FILE MODIFIED,.\audit_log.txt,,NO,54a2518a1871b7feee431457bf3ba378befcebf82b4c881909543eb4abc526a5,30,LOW
2026-09-12 11:18:59,bhagy,FILE MODIFIED,.\audit_log.txt,,NO,330a15b9e2a3b5ab79a72e81c5571dc84254dd4c78cd137fe5ca1e86b261293e,30,LOW
2026-09-12 11:18:59,bhagy,FILE MODIFIED,.\audit_log.txt,,NO,40a255269210df4daf213a2f172e89b38f63919c9a163bc5eaa72d9080a1d7c8,30,LOW
2026-09-12 11:18:59,bhagy,FILE MODIFIED,.\audit_log.txt,,NO,e344dead7d650bf73299101221f3a20194b2c43ec05a084a6e7baeeaeebde0de,30,LOW
2026-09-12 11:18:59,bhagy,FILE MODIFIED,.\audit_log.txt,,NO,5be6257880e29b75000d861954f4560ade99723faf40fb64edd0d551fa58fe1f,30,LOW
2026-09-12 11:18:59,bhagy,FILE MODIFIED,.\audit_log.txt,,NO,633dcba4e5aa4acaa936f83fb86fbaaff9c2338080267679ed2137edc0f4009f,30,LOW
2026-09-12 11:18:59,bhagy,FILE MODIFIED,.\audit_log.txt,,NO,21d79566c5f1a6af271fce9028b4dd1624020050e0c8e70bae5ad3beb7bff3fa,30,LOW
2026-09-12 11:18:59,bhagy,FILE MODIFIED,.\audit_log.txt,,NO,8b661eca8a663118fe266295aa98ad9be946af289ba350e5698274f486f735d1,30,LOW
2026-09-12 11:19:00,bhagy,FILE MODIFIED,.\audit_log.txt,,NO,9e93d4c143db6a9a070bf16b5c4cbee84c60f2f39ac993e71d82026e6bbe9cc2,30,LOW
2026-09-12 11:19:00,bhagy,FILE MODIFIED,.\audit_log.txt,,NO,087bd64f5915d10bfbf3497e754ef0887e361ba56a754c31179f7b0dcce4e507,30,LOW
2026-09-12 11:19:00,bhagy,FILE MODIFIED,.\audit_log.txt,,NO,01946418039ec9fb36e51493b53d207e5a7d59606a04c723b2a4bad411a6a39a,30,LOW
2026-09-12 11:19:00,bhagy,FILE MODIFIED,.\audit_log.txt,,NO,eb66834e885045ac21e6b7553c941f0c289300e8c9eb5b489f4878b562580936,30,LOW
2026-09-12 11:19:00,bhagy,FILE MODIFIED,.\audit_log.txt,,NO,12170abf04edce8afa9c95fd380e355d0863968f536860b82e6ff22a95ead9f0,30,LOW
2026-09-12 11:19:00,bhagy,FILE MODIFIED,.\audit_log.txt,,NO,841c621a28726010df18e37f80e961daac8659de50be87e45f29d5ae5e1e7a68,30,LOW
2026-09-12 11:19:00,bhagy,FILE MODIFIED,.\audit_log.txt,,NO,df1e406bdc966c46c547d1ec1ac2ecde9e299ff060f463afeef82701bee5cf3b,30,LOW
2026-09-12 11:19:00,bhagy,FILE MODIFIED,.\audit_log.txt,,NO,94c107a2cd58f397f64a30dfda4e38fe8c5684d2bb1ea1361205d3ab2bb98376,30,LOW
2026-09-12 11:19:00,bhagy,FILE MODIFIED,.\audit_log.txt,,NO,d6306d6437209125ce7c85c3021615a027c63dbd2632516091cd01b8e0cba12b,30,LOW
2026-09-12 11:19:00,bhagy,FILE MODIFIED,.\audit_log.txt,,NO,70e6861bf9612bc751d3fe39e9a86c1c6543877f974810041bbc4df56e466325,30,LOW
2026-09-12 11:19:00,bhagy,FILE MODIFIED,.\audit_log.txt,,NO,3e824fc5d78b6a4f6d2b9397b4521847505332b4defc0a9876ab995884916193,30,LOW
2026-09-12 11:19:00,bhagy,FILE MODIFIED,.\audit_log.txt,,NO,c7bdf0e593a7d1add4cf469202260798ef7dc872a08e8d677268215a5019c82b,30,LOW
2026-09-12 11:19:01,bhagy,FILE MODIFIED,.\audit_log.txt,,NO,a0dcc283dfcd5a1bcb305e1ddf62753c74bc0da183f3f50ea810778e19ea0750,30,LOW
2026-09-12 11:19:01,bhagy,FILE MODIFIED,.\audit_log.txt,,NO,9b5f65af88caddd99969db74c8b2de9777e5b5652e4056aa57d11fc08d721668,30,LOW
2026-09-12 11:19:01,bhagy,FILE MODIFIED,.\audit_log.txt,,NO,04f4f23a636207681382867e493534e2dccb11a66fe88501e2327d00806970a1,30,LOW
2026-09-12 11:19:01,bhagy,FILE MODIFIED,.\audit_log.txt,,NO,57d8d426a9d8b3f104922cdb306868bb251d226899e4f90676460d952afcf973,30,LOW
2026-09-12 11:19:01,bhagy,FILE MODIFIED,.\audit_log.txt,,NO,bec889aec81a48f2e2c4b665682b6c854788df91788a05e51233646c01fca14d,30,LOW
2026-09-12 11:19:01,bhagy,FILE MODIFIED,.\audit_log.txt,,NO,f14bb687af6e83f0da65f712b533bf8ef636b03150e9ac33c9b7455085e43d66,30,LOW
2026-09-12 11:19:01,bhagy,FILE MODIFIED,.\audit_log.txt,,NO,a3457ac4845da26101d628405018d95f7ab83044a10a7fe944e26f3ba2fd609f,30,LOW
2026-09-12 11:19:01,bhagy,FILE MODIFIED,.\audit_log.txt,,NO,db71d2407098cd0b04de85711870eed1c87838e0eabc9990ceb890382ec43f10,30,LOW
2026-09-12 11:19:01,bhagy,FILE MODIFIED,.\audit_log.txt,,NO,b9737c114a0d162fb31e0245ccf1124fcac4d232b8e20512ec5e706a98a0ac16,30,LOW
2026-09-12 11:19:01,bhagy,FILE MODIFIED,.\audit_log.txt,,NO,ad0906d90854a59b60c0bf8e79a0305321e23f81ba78a28186928c9eb092565c,30,LOW
2026-09-12 11:19:02,bhagy,FILE MODIFIED,.\audit_log.txt,,NO,95e0ca7984b5998cad607097fd38922769c90a02ef6bec5f411c439516d6616a,30,LOW
2026-09-12 11:19:02,bhagy,FILE MODIFIED,.\audit_log.txt,,NO,cfd42b3b881c80bd6419a580d51afff7400ae954047f3838ff159046f08f37fa,30,LOW
2026-09-12 11:19:02,bhagy,FILE MODIFIED,.\audit_log.txt,,NO,d7fda3bd844303c9427bfb6aebca8ceaf3ddf81819c8e1e0dfb83eec875d65b3,30,LOW
2026-09-12 11:19:02,bhagy,FILE MODIFIED,.\audit_log.txt,,NO,77a356e0ced0979b52ff942c7682a2d6c5ac6e4f429db1422b32535a62dea224,30,LOW
2026-09-12 11:19:02,bhagy,FILE MODIFIED,.\audit_log.txt,,NO,42251683f324032c38d0814a69e3fbc7a51a7f68225ed38f4eaae39621500e2f,30,LOW
2026-09-12 11:19:02,bhagy,FILE MODIFIED,.\audit_log.txt,,NO,d18867e965a1f2cecf8df29bbe5ddceb2bca6c6cf7301a361cfd0ae9a08c9465,30,LOW
2026-09-12 11:19:02,bhagy,FILE MODIFIED,.\audit_log.txt,,NO,ce9cdd3f11f5b37ab2857e0b794fdf4215aaa54e5022ac93ec00d9ba1a894747,30,LOW
2026-09-12 11:19:02,bhagy,FILE MODIFIED,.\audit_log.txt,,NO,5ceba9b56a96cb88d37d6b055cc7a51c7a20e9dbf436796baf0a6bee603ac764,30,LOW
2026-09-12 11:19:02,bhagy,FILE MODIFIED,.\audit_log.txt,,NO,9b172935b6914c4a9466fb53e2be509d05de1f7eebdf343a54cbeaeff5d6f10c,30,LOW
2026-09-12 11:19:02,bhagy,FILE MODIFIED,.\audit_log.txt,,NO,88bc806ee203f6dd20315df5d77c169841b8ac450973967288f14fba662404f8,30,LOW
2026-09-12 11:19:02,bhagy,FILE MODIFIED,.\audit_log.txt,,NO,47a29c3e40c72fd549df6ea6ab442b51eff1003c54a2090effed55fd881caf61,30,LOW
2026-09-12 11:19:03,bhagy,FILE MODIFIED,.\audit_log.txt,,NO,fb663690b2916702ac8965b37cc62b1788da670402f0287d87ad0f36eb5feac3,30,LOW
2026-09-12 11:19:03,bhagy,FILE MODIFIED,.\audit_log.txt,,NO,638c28c02bec9d6a60c2f927b8ec9db7d63a88d77a8a8867d66aa3c7d10780a3,30,LOW
2026-09-12 11:19:03,bhagy,FILE MODIFIED,.\audit_log.txt,,NO,932734d91d5c01e72b9576ba260eceabe14b422798bd8c8be45f64024bb73273,30,LOW
2026-09-12 11:19:03,bhagy,FILE MODIFIED,.\audit_log.txt,,NO,9d21af797e17f50b02e6a0beab3ea8235bae110d10d52bc3c1c2628549ce98d7,30,LOW
2026-09-12 11:19:03,bhagy,FILE MODIFIED,.\audit_log.txt,,NO,a9a63e7c8ee3bc7b6c40aeaefc2e35c2bb25e6077fad8e75a3574a9a7d56bb0c,30,LOW
2026-09-12 11:19:03,bhagy,FILE MODIFIED,.\audit_log.txt,,NO,644adcb6844b42587a243e1ef1fcc3bb8afed0f03a508c96e8315b0749aa2335,30,LOW
2026-09-12 11:19:03,bhagy,FILE MODIFIED,.\audit_log.txt,,NO,fd09e42d062408c82db9ed17f4221e98ce2f65811759dd607a02e8d7ad45cec6,30,LOW
2026-09-12 11:19:03,bhagy,FILE MODIFIED,.\audit_log.txt,,NO,6069bb0865efeb8b1b90e2de828033dc1569291721df6e5d98086c38a1aa53c0,30,LOW
2026-09-12 11:19:03,bhagy,FILE MODIFIED,.\audit_log.txt,,NO,37aae52da10b2361827d718fb3631b364f288b0ea56df71d8fe65db0955be46b,30,LOW
2026-09-12 11:19:03,bhagy,FILE MODIFIED,.\audit_log.txt,,NO,e15d8e39667a7fbf0f8641d522018928e1726acd60e22eb668a0716fd161fc5c,30,LOW
2026-09-12 11:19:04,bhagy,FILE MODIFIED,.\audit_log.txt,,NO,ab44a7af1024df88f248e05c9521b942d333ce0f62574d1aafd94f23020dabca,30,LOW
2026-09-12 11:19:04,bhagy,FILE MODIFIED,.\audit_log.txt,,NO,cd81248abdf140dad3880a184bc737706de2439f7f2c9acbd626c1e3b4e8881f,30,LOW
2026-09-12 11:19:04,bhagy,FILE MODIFIED,.\audit_log.txt,,NO,430495b603b2d094c8a2c791efd98bb840a5665c08aae24afa028abdcf241a78,30,LOW
2026-09-12 11:19:04,bhagy,FILE MODIFIED,.\audit_log.txt,,NO,4d865c91d61416db50842c188dbc3e2f3510f139ceee2971e554fd3037593330,30,LOW
2026-09-12 11:19:04,bhagy,FILE MODIFIED,.\audit_log.txt,,NO,523ddeb0f934fdebffb0ef22dc19dc4bbcfe47b1cc147de7a5cd0cd377318d27,30,LOW
2026-09-12 11:19:04,bhagy,FILE MODIFIED,.\audit_log.txt,,NO,bea6f1ff01540c7e55bd46f837a0fe45e89e1a84d4dbf4efd748a319624404b5,30,LOW
2026-09-12 11:19:04,bhagy,FILE MODIFIED,.\audit_log.txt,,NO,0db77c56bb140890142cea344d027caeef772fddcf8ed41e12e25ddb619f3a5f,30,LOW
2026-09-12 11:19:04,bhagy,FILE MODIFIED,.\audit_log.txt,,NO,b05cb74cbd3493b72a4096c578559fc786e6ddcb5b8970c1ab21b5ad9fd8a21e,30,LOW
2026-09-12 11:19:04,bhagy,FILE MODIFIED,.\audit_log.txt,,NO,b135bdeb5a19d9ec5b37ad864c3944c774bf3e78751feb78dd0cbc6da05dcff8,30,LOW
2026-09-12 11:19:04,bhagy,FILE MODIFIED,.\audit_log.txt,,NO,7a1cc5ef966c609062fc79374748c8b9d947b209bf1205e8853516bca5e6d452,30,LOW
2026-09-12 11:19:04,bhagy,FILE MODIFIED,.\audit_log.txt,,NO,22073858d48ebbfaec3ceadc3ad3df1c27d12e5a86b09fa652c82759f16700a7,30,LOW
2026-09-12 11:19:05,bhagy,FILE MODIFIED,.\audit_log.txt,,NO,1553b324b068af7071470953b3472109e0279c1fe82d6855ca4b64b593411ce6,30,LOW
2026-09-12 11:19:05,bhagy,FILE MODIFIED,.\audit_log.txt,,NO,8709b220cd7108e11c86ba20be6e49395f1acf1de1f3a3d3be6d189d0d3fec96,30,LOW
2026-09-12 11:19:05,bhagy,FILE MODIFIED,.\audit_log.txt,,NO,b0a02b4251c525c70212ee58d5d99ec6a47fa66fc8538b092c1ca0a6ace0a084,30,LOW
2026-09-12 11:19:05,bhagy,FILE MODIFIED,.\audit_log.txt,,NO,3bff4a16fd62b761b68ba24c6bcb2bfd93349a33457acdb77ae9fa85ea2a0300,30,LOW
2026-09-12 11:19:05,bhagy,FILE MODIFIED,.\audit_log.txt,,NO,f4f1838b47f56d945573ec2a7b6b4583bb5f2c67370d8c24eeb6d2580c376bc4,30,LOW
2026-09-12 11:19:05,bhagy,FILE MODIFIED,.\audit_log.txt,,NO,4d462994a2235f7751f501c80359603e0eb7f9e1c44281d1af29bbe9a015244f,30,LOW
2026-09-12 11:19:05,bhagy,FILE MODIFIED,.\audit_log.txt,,NO,f350631361a25fe8ab121231ab39a8e55e272c240b3e32b59c011d3690b4d23b,30,LOW
2026-09-12 11:19:05,bhagy,FILE MODIFIED,.\audit_log.txt,,NO,193814a353fc93b15d48cce0cca60fa645ca884fba21699be82092f41638d479,30,LOW
2026-09-12 11:19:05,bhagy,FILE MODIFIED,.\audit_log.txt,,NO,529abe4cedab6b2441a99b63786b75c9d45df5fbb67c6c510c928fb4087f8001,30,LOW
2026-09-12 11:19:05,bhagy,FILE MODIFIED,.\audit_log.txt,,NO,e892504daa9ecaebb76816270ade76548363311408bd0203c0a16d4f87eab302,30,LOW
2026-09-12 11:19:05,bhagy,FILE MODIFIED,.\audit_log.txt,,NO,cb0d8de1ea5b1b03448700f2d1cec0163e924bebe66c1f54ee3c2b93532d6182,30,LOW
2026-09-12 11:19:06,bhagy,FILE MODIFIED,.\audit_log.txt,,NO,bcaa2c9f237d27c9dd709fca18fc9da68034b1814522f0db5750ea58ba77b093,30,LOW
2026-09-12 11:19:06,bhagy,FILE MODIFIED,.\audit_log.txt,,NO,f93509e5dc99f00e020eda25d0b61d2dccd348e2d3747a76051595c60758f2e9,30,LOW
2026-09-12 11:19:06,bhagy,FILE MODIFIED,.\audit_log.txt,,NO,787e46f52e2a38488d5c260eacd76a0992164d056b2b7439007313bddfbda0aa,30,LOW
2026-09-12 11:19:06,bhagy,FILE MODIFIED,.\audit_log.txt,,NO,ac4421af5389aff5be20d65c48751a0bd2240f83fd26a110c8d0378eb58c7f77,30,LOW
2026-09-12 11:19:06,bhagy,FILE MODIFIED,.\audit_log.txt,,NO,a2ecd94ee6827452035089e741993e2df277ad9ade3c2d3eace3c0b093eb1ea9,30,LOW
2026-09-12 11:19:06,bhagy,FILE MODIFIED,.\audit_log.txt,,NO,7cf8af33a5e8e0b0eff62538c27e8897fa87ae8315a5cff6d1a15ad955910379,30,LOW
2026-09-12 11:19:06,bhagy,FILE MODIFIED,.\audit_log.txt,,NO,c7d1cbac9aadc4ee3cac1853b82e7a2a6990747a171940fe9097df45546c432b,30,LOW
2026-09-12 11:19:06,bhagy,FILE MODIFIED,.\audit_log.txt,,NO,de6d0fe1e5b188794e0687dd0673ecb270383465e04ae2b0fe0f7df0c483af3f,30,LOW
2026-09-12 11:19:06,bhagy,FILE MODIFIED,.\audit_log.txt,,NO,5fae43b216436e9e7d933fd0eab0b4e7ee34378e249431e2d3c29ff6e679a7d1,30,LOW
2026-09-12 11:19:06,bhagy,FILE MODIFIED,.\audit_log.txt,,NO,fb72ce4f6a3d7fede15003453e7a4679898a0e96cd9f26326c32522b98ff41b6,30,LOW
2026-09-12 11:19:06,bhagy,FILE MODIFIED,.\audit_log.txt,,NO,6f5044ac3115cfb567dca2be4e596f16ab680635d8e48481209e0c2bb4a38d4f,30,LOW
2026-09-12 11:19:07,bhagy,FILE MODIFIED,.\audit_log.txt,,NO,080457cf77e7c81073ce25638f56cac8afb4d3ac073b27347caebe255fbafc62,30,LOW
2026-09-12 11:19:07,bhagy,FILE MODIFIED,.\audit_log.txt,,NO,f7f46e482f40e0aa664a5e60cbba66b22d0e5a90f79a145c4a0b4d97f46598c8,30,LOW
2026-09-12 11:19:07,bhagy,FILE MODIFIED,.\audit_log.txt,,NO,a457d96e5bead68a3bd19ce5b11ca2ed5048497188effb991205d220a4d156b8,30,LOW
2026-09-12 11:19:07,bhagy,FILE MODIFIED,.\audit_log.txt,,NO,dd474a1a13fe41f8c01d6bd9977b5469de75d599a9080c8b6253da0802e0f395,30,LOW
2026-09-12 11:19:07,bhagy,FILE MODIFIED,.\audit_log.txt,,NO,31dac230f16a6d964fedaeeb8dd19b4feed6debeb116ccf5b27353c6669e9b1c,30,LOW
2026-09-12 11:19:07,bhagy,FILE MODIFIED,.\audit_log.txt,,NO,2f9b2550f5049078bb8162f8b71be4639496925840be206c4254aefd7ce71bcb,30,LOW
2026-09-12 11:19:07,bhagy,FILE MODIFIED,.\audit_log.txt,,NO,6e4a586bca411c0309f7b6fee339adcb74ad031104506187b82519b9c8ef92f3,30,LOW
2026-09-12 11:19:07,bhagy,FILE MODIFIED,.\audit_log.txt,,NO,bca009f33478367d79e8d5f9fe6da142fe25b6e53e7215f473c3827620261efd,30,LOW
2026-09-12 11:19:07,bhagy,FILE MODIFIED,.\audit_log.txt,,NO,74e34df92de8a7159caa40dfb55542eea573f643feac7beb628989d0614e97b9,30,LOW
2026-09-12 11:19:07,bhagy,FILE MODIFIED,.\audit_log.txt,,NO,a5223c26d705814cf420c131307074a793e9a5eb1dbe0b0d3f5c9b436beadf2d,30,LOW
2026-09-12 11:19:08,bhagy,FILE MODIFIED,.\audit_log.txt,,NO,898f2d5d51db5c67744b714edabaf8df735f828304c36f6aa14bd593e217e9ca,30,LOW
2026-09-12 11:19:08,bhagy,FILE MODIFIED,.\audit_log.txt,,NO,44e252e19ca619cf6f2d6d14668bad3d138202a1171fb7417645b2a0c1148a14,30,LOW
2026-09-12 11:19:08,bhagy,FILE MODIFIED,.\audit_log.txt,,NO,875e2275393e3adc37724273a7131266bdbcb770bfa80a85289da9294f419384,30,LOW
2026-09-12 11:19:08,bhagy,FILE MODIFIED,.\audit_log.txt,,NO,7c87c5d395f7bf7b3d59b9635d35edced544ec7cb549ceeb9893c6063fe019c1,30,LOW
2026-09-12 11:19:08,bhagy,FILE MODIFIED,.\audit_log.txt,,NO,3e45e452b85480cfc8ed74f7269c5fca54b4266422a41ab3deead77ac99c8330,30,LOW
2026-09-12 11:19:08,bhagy,FILE MODIFIED,.\audit_log.txt,,NO,115682b758d5d9b4c224e1cec945fb8957e9e446b33d89547e78c55d8f4330de,30,LOW
2026-09-12 11:19:08,bhagy,FILE MODIFIED,.\audit_log.txt,,NO,d714cb3315a959d8ba011b2fc426bfbcfb460e66b1c8f9febdb85ad62938e43c,30,LOW
2026-09-12 11:19:08,bhagy,FILE MODIFIED,.\audit_log.txt,,NO,80b1b55a2582b229b3daeac7dabc075de799bec27136ca8600216ade7b1b5d1e,30,LOW
2026-09-12 11:19:08,bhagy,FILE MODIFIED,.\audit_log.txt,,NO,f0a566920af5dec1dda76a1085bb8171244e291dbeea1ea5a407e4160880ce4e,30,LOW
2026-09-12 11:19:08,bhagy,FILE MODIFIED,.\audit_log.txt,,NO,a267d6d065f83dcab22b85c58d044313445ff775b97f01165b2aa020f639cdf3,30,LOW
2026-09-12 11:19:08,bhagy,FILE MODIFIED,.\audit_log.txt,,NO,510e223a78cf096cd9ca24a0caf75989b485140ba498c2bb70dff1bb8a45aa39,30,LOW
2026-09-12 11:19:09,bhagy,FILE MODIFIED,.\audit_log.txt,,NO,283de519066b365bdcb8930c3f7e1da944d974048bdffbd63b7530a3e47ffe29,30,LOW
2026-09-12 11:19:09,bhagy,FILE MODIFIED,.\audit_log.txt,,NO,998dc6db5725915b2c17fd9dc1d976df2520ae895df8ab54e88dc59673beb737,30,LOW
2026-09-12 11:19:09,bhagy,FILE MODIFIED,.\audit_log.txt,,NO,b7dd3abd855d7be374ef6baa7239e67c9cccbe04336486afeb24c581e8067ee2,30,LOW
2026-09-12 11:19:09,bhagy,FILE MODIFIED,.\audit_log.txt,,NO,36d601e474aa197ec7cfb1224a79cb2b27ceb27e4d7e9c042078c3c8d49588cd,30,LOW
2026-09-12 11:19:09,bhagy,FILE MODIFIED,.\audit_log.txt,,NO,70e515aa29fc4494cfe0ee5d9f60ef00afe6ba3d1c1f1897ce664f6119b7b919,30,LOW
2026-09-12 11:19:09,bhagy,FILE MODIFIED,.\audit_log.txt,,NO,8c219fabf63b46d4442ca5b13a0ae8ac4e6c6f1923ba2a57b750084d4e278bde,30,LOW
2026-09-12 11:19:09,bhagy,FILE MODIFIED,.\audit_log.txt,,NO,3e568dd7662b8f3a932c7d8aa337ed6644e786c093b674cc4958aa9d6d7c43ab,30,LOW
2026-09-12 11:19:09,bhagy,FILE MODIFIED,.\audit_log.txt,,NO,ecf6f7cbc0614ff0afeb068d3d6118155417dd06db4366ac783f50dd5a3689fa,30,LOW
2026-09-12 11:19:09,bhagy,FILE MODIFIED,.\audit_log.txt,,NO,ce2c10888071a7fac15a20e5aba867b78a2eff7a4b240d5462ededbd9920ee58,30,LOW
2026-09-12 11:19:09,bhagy,FILE MODIFIED,.\audit_log.txt,,NO,93a96088602bbc1583e219dbf6b66d5af169520ffe117cc551791d0e104b8c65,30,LOW
2026-09-12 11:19:10,bhagy,FILE MODIFIED,.\audit_log.txt,,NO,1554c366ac1ecde6277e8e2e9fadfea82f9040768df2193c07601932190ace56,30,LOW
2026-09-12 11:19:10,bhagy,FILE MODIFIED,.\audit_log.txt,,NO,a1190b274f1792a87c83a2876cf04ed95f6a51f22a17d383cbb7fd46d69c8bc8,30,LOW
2026-09-12 11:19:10,bhagy,FILE MODIFIED,.\audit_log.txt,,NO,f212290055bd837422bcabd6248e7e0dc579fa5c7f88e9b328f6c070e34c4f48,30,LOW
2026-09-12 11:19:10,bhagy,FILE MODIFIED,.\audit_log.txt,,NO,4fab405acbcf9e27adb2a418efb9f7e42ef4e6039ad2b2b92a0b75ce11fd1a6e,30,LOW
2026-09-12 11:19:10,bhagy,FILE MODIFIED,.\audit_log.txt,,NO,0f5cbd880b710081095d434092b80891080fc984ed374e02829778c015bc6796,30,LOW
2026-09-12 11:19:10,bhagy,FILE MODIFIED,.\audit_log.txt,,NO,4bfcd0070cac4a43420c30184a599ec2d190f3565eae48402172a77a9ac4f49c,30,LOW
2026-09-12 11:19:10,bhagy,FILE MODIFIED,.\audit_log.txt,,NO,7ab1f5650878e969443322f271460ca3c4a415e73eb8860b48cab11d97d05c6c,30,LOW
2026-09-12 11:19:10,bhagy,FILE MODIFIED,.\audit_log.txt,,NO,8ad2646095b092415d406922e4eddcbc69483b35a11a6dd933f57fc437828046,30,LOW
2026-09-12 11:19:10,bhagy,FILE MODIFIED,.\audit_log.txt,,NO,be0b6214f2a78d1e0a1e260e17bfd2e3a6dc851387f413f08dad09e7c7e40bb3,30,LOW
2026-09-12 11:19:10,bhagy,FILE MODIFIED,.\audit_log.txt,,NO,b93e127cbf2c3a1ecdeda4f1f0f501a99b517d6242927e873503d6e3085c6369,30,LOW
2026-09-12 11:19:11,bhagy,FILE MODIFIED,.\audit_log.txt,,NO,5b0aa7da004bd7e8768520d0838cab4c54b865c89e81af3a47b7267cfeea42eb,30,LOW
2026-09-12 11:19:11,bhagy,FILE MODIFIED,.\audit_log.txt,,NO,6f649538fc534d4ee31e4fb7284a7770a6a3c7723355678725d56a498fe63a52,30,LOW
2026-09-12 11:19:11,bhagy,FILE MODIFIED,.\audit_log.txt,,NO,bc6ee1bc9eb4f186966b0cfdfdc760039fcada4984ebf169d9408dd373c0d267,30,LOW
2026-09-12 11:19:11,bhagy,FILE MODIFIED,.\audit_log.txt,,NO,bc612176099a46bf4e089b99a24de718c3469b393ddc876f8c9762d26a568408,30,LOW
2026-09-12 11:19:11,bhagy,FILE MODIFIED,.\audit_log.txt,,NO,a5e01e181a49c50400e88172288039f7c5a87a5f1ff91d74660db7fa8151bd03,30,LOW
2026-09-12 11:19:11,bhagy,FILE MODIFIED,.\audit_log.txt,,NO,7a2775a55be463087971a2e7d2669180817d1ff8463e9b3e4e06635a6bb32c2b,30,LOW
2026-09-12 11:19:11,bhagy,FILE MODIFIED,.\audit_log.txt,,NO,6eed93da8ce4448d074e9046120b4d1e86a2271faee3649247f42f987378ac55,30,LOW
2026-09-12 11:19:11,bhagy,FILE MODIFIED,.\audit_log.txt,,NO,ffeb9492715a7ec321dfed164f06a20341942c031ebfc4cf52554b3bfd13d9f0,30,LOW
2026-09-12 11:19:11,bhagy,FILE MODIFIED,.\audit_log.txt,,NO,2a74d54a43d650d0a23c2eb10805ae4115baf105dc1f718a7fd867417b2f0a72,30,LOW
2026-09-12 11:19:11,bhagy,FILE MODIFIED,.\audit_log.txt,,NO,3fadb4fbaca47030ed79cdd19ce76ddfb0aac25b1d660e0329af458f390accb3,30,LOW
2026-09-12 11:19:12,bhagy,FILE MODIFIED,.\audit_log.txt,,NO,61f2a3744a1caa78cfa50ba6138a488fb735258d1f31cf63eb5959265de74d41,30,LOW
2026-09-12 11:19:12,bhagy,FILE MODIFIED,.\audit_log.txt,,NO,fe398c78c58f7c74108cf508ab0c11b8c0397188fe2c4b170db5fcfbf28b57ca,30,LOW
2026-09-12 11:19:12,bhagy,FILE MODIFIED,.\audit_log.txt,,NO,5dd5e7b4afd361466035b977ad2f9c722ff0d5da621da498f17bbc8ad5fe4548,30,LOW
2026-09-12 11:19:12,bhagy,FILE MODIFIED,.\audit_log.txt,,NO,24ddc4d3a793285820635ba24df622edac772c22be94a9272de27bc4f48e73ad,30,LOW
2026-09-12 11:19:12,bhagy,FILE MODIFIED,.\audit_log.txt,,NO,725c2b15607ff9607bf2efcac7e6d90d5b63bc6ac235de56c14d53a57ee50a29,30,LOW
2026-09-12 11:19:12,bhagy,FILE MODIFIED,.\audit_log.txt,,NO,4971128337fbcc4f6409f05af8df4d423dba0d834e8eb98aba0f69e0f0a35daa,30,LOW
2026-09-12 11:19:12,bhagy,FILE MODIFIED,.\audit_log.txt,,NO,664fec09053f8e7b2e6554052ebb3783566e8ba6759c77bf8b7703156282bf7f,30,LOW
2026-09-12 11:19:12,bhagy,FILE MODIFIED,.\audit_log.txt,,NO,ac7196bc38ce0b3da6f3b37f67a977e137b72e515c8002ed036b42a22202c5c8,30,LOW
2026-09-12 11:19:12,bhagy,FILE MODIFIED,.\audit_log.txt,,NO,95d43fb3188ca2f4cb7efcba356e320fef41cc5f90ab21f4c1ce8df152f04329,30,LOW
2026-09-12 11:19:13,bhagy,FILE MODIFIED,.\audit_log.txt,,NO,854786729e9f2c39586e0a0d067c9431532c2dd7ee2db603d6fb0ec3fdeb9f48,30,LOW
2026-09-12 11:19:13,bhagy,FILE MODIFIED,.\audit_log.txt,,NO,d9b662254f4790c26d713c951c989f871a9670fdd04c356bab4c084234b2b140,30,LOW
2026-09-12 11:19:13,bhagy,FILE MODIFIED,.\audit_log.txt,,NO,8ecf18c5e1ae66ed32d1acad044fedf6aa9a5c6fc501a331a80310833c51d8de,30,LOW
2026-09-12 11:19:13,bhagy,FILE MODIFIED,.\audit_log.txt,,NO,83614fcb5efa76785fa954736c61aa4bb8b9ed6b804b0d5f71536f060450c8f6,30,LOW
2026-09-12 11:19:13,bhagy,FILE MODIFIED,.\audit_log.txt,,NO,633f41d6ea6a5123bd5eb7fc49ab06e560ff6f02a2d2154a1e18a26ba6279663,30,LOW
2026-09-12 11:19:13,bhagy,FILE MODIFIED,.\audit_log.txt,,NO,722f8686e6e6b0cf0d732a47219e36b86299065a11fb06a4d4e36dd61dcebb5d,30,LOW
2026-09-12 11:19:13,bhagy,FILE MODIFIED,.\audit_log.txt,,NO,9e925581cd3b0980e555a7fc436e487c733f7a93df3e0e1990a327d1ad3ee947,30,LOW
2026-09-12 11:19:13,bhagy,FILE MODIFIED,.\audit_log.txt,,NO,2632e1e956bcefbbcf1ee496d5ebf275655124a8e1c440213b9b433968510079,30,LOW
2026-09-12 11:19:13,bhagy,FILE MODIFIED,.\audit_log.txt,,NO,3bd78fd4440920a56931cb7b9312b77070a1131fc826939214c089747b90f8ef,30,LOW
2026-09-12 11:19:13,bhagy,FILE MODIFIED,.\audit_log.txt,,NO,20db165d32ec72b7895f1e6464d575846e1096165ea3c105d5b2e7b6cdb7af10,30,LOW
2026-09-12 11:19:13,bhagy,FILE MODIFIED,.\audit_log.txt,,NO,b4079d2402dfb622253a2f99869b1cdad7d5f13e3823a7d632ec88f328c37749,30,LOW
2026-09-12 11:19:14,bhagy,FILE MODIFIED,.\audit_log.txt,,NO,dcfdff2658db6eb8f6eb92fcdf862fb093089b197ee968536da8c062ef3c9a2d,30,LOW
2026-09-12 11:19:14,bhagy,FILE MODIFIED,.\audit_log.txt,,NO,fb6fbb56dfa06d938bcc0a3e822be1df2c90d7aeab65a3fef4642d20866d73e1,30,LOW
2026-09-12 11:19:14,bhagy,FILE MODIFIED,.\audit_log.txt,,NO,aa95ab8c1abb66716c2a6ce3f9e7fdc46798fdbf8e7c4066e33b537a8f8084f7,30,LOW
2026-09-12 11:19:14,bhagy,FILE MODIFIED,.\audit_log.txt,,NO,3d91dcf48afdfd0f7e80a03a912a1010024f25d038eb6339fc2d005adf59990a,30,LOW
2026-09-12 11:19:14,bhagy,FILE MODIFIED,.\audit_log.txt,,NO,b089d7114b9d7e97f78eaa7a24a6b682e643277c6054cf0668bde8867f4db93c,30,LOW
2026-09-12 11:19:14,bhagy,FILE MODIFIED,.\audit_log.txt,,NO,84f686ee342b6adcfc0babdc9735a1663ab6c5aa8e8d26a48af9f282a5b037a7,30,LOW
2026-09-12 11:19:14,bhagy,FILE MODIFIED,.\audit_log.txt,,NO,18554e3a8b03719e5f9b4d37967b45f4fb71ea90bd4b3723e739640488201bb0,30,LOW
2026-09-12 11:19:14,bhagy,FILE MODIFIED,.\audit_log.txt,,NO,8bf67f57f773e00ba9c4e04bf8de35b18cb63c283f562bed40783b4460b7e4d9,30,LOW
2026-09-12 11:19:14,bhagy,FILE MODIFIED,.\audit_log.txt,,NO,8448a5a14c504b2f3be64e45e173ee23a207b2a7ab9036cff37c604f32365e0f,30,LOW
2026-09-12 11:19:14,bhagy,FILE MODIFIED,.\audit_log.txt,,NO,0b8283dedd7e4ae973d78d350bcb930b17fb98fbea39cb1b78a4b0580d3c8d39,30,LOW
2026-09-12 11:19:14,bhagy,FILE MODIFIED,.\audit_log.txt,,NO,33fd54fe90258b7e6ee8163275a391decffd1a758f745c99fe94f85dfc6c7253,30,LOW
2026-09-12 11:19:15,bhagy,FILE MODIFIED,.\audit_log.txt,,NO,fc23e11516f35ad53af924161a7c9826636b543765801194f932770311cd6b53,30,LOW
2026-09-12 11:19:15,bhagy,FILE MODIFIED,.\audit_log.txt,,NO,0826e3647da2b64fc1ee50dca4680bbf2b2d2af87c237edbf58b27b8e523584f,30,LOW
2026-09-12 11:19:15,bhagy,FILE MODIFIED,.\audit_log.txt,,NO,98e5adc38eb3039c11ba63bbfa1184bf43ee316380561d0cd071868d23248a68,30,LOW
2026-09-12 11:19:15,bhagy,FILE MODIFIED,.\audit_log.txt,,NO,3e9ce39c92920d59a24502987cb76be9eba34416b1e14cc64cf68fe474eb38c5,30,LOW
2026-09-12 11:19:15,bhagy,FILE MODIFIED,.\audit_log.txt,,NO,876671eb912f0288b7228b0ccec5bdb5158b7e749420446f73db46bec3b47881,30,LOW
2026-09-12 11:19:15,bhagy,FILE MODIFIED,.\audit_log.txt,,NO,62202ee5bd735e0007aa8c077a77c651c0f8e68328fd011add1c79d28be6b851,30,LOW
2026-09-12 11:19:15,bhagy,FILE MODIFIED,.\audit_log.txt,,NO,3f09b79b0136e6ef7dc1c14aef39ebb50e19eda66a3cecf3134e3b1368ac29c5,30,LOW
2026-09-12 11:19:15,bhagy,FILE MODIFIED,.\audit_log.txt,,NO,57e45488efc2b5a75659457e7a8ce4d186f4d3dd0fecae63e9d89317d472b538,30,LOW
2026-09-12 11:19:15,bhagy,FILE MODIFIED,.\audit_log.txt,,NO,4caa90adabe447348f04b83f17edc45d7d65867ccf3eecb952793daad014b8ba,30,LOW
2026-09-12 11:19:15,bhagy,FILE MODIFIED,.\audit_log.txt,,NO,a44ca95bbb7ed4b73cf7cebd828a8d7eb4d56d9bd12b8de0448d5131ea7f166e,30,LOW
2026-09-12 11:19:16,bhagy,FILE MODIFIED,.\audit_log.txt,,NO,70371f815eb29601195055c42a1a0550ab41028c887ddbb22b46de81699a2c1c,30,LOW
2026-09-12 11:19:16,bhagy,FILE MODIFIED,.\audit_log.txt,,NO,54d36a959fbd7019240a86e3d02a1ec2ecedb3e6fb4500debd63ea3df3cbad38,30,LOW
2026-09-12 11:19:16,bhagy,FILE MODIFIED,.\audit_log.txt,,NO,29d7fff552ff0750f17e5d33fbf729605be79a374bd4e1f5ce8205e6e8f3bf47,30,LOW
2026-09-12 11:19:16,bhagy,FILE MODIFIED,.\audit_log.txt,,NO,fa9f35f37873bb9c38e7bcea44ead26a82a754f8ca027b377b2ff8af36e57368,30,LOW
2026-09-12 11:19:16,bhagy,FILE MODIFIED,.\audit_log.txt,,NO,79991529f4f64753263ecab668987155a8bf1ee30d1253b2408b5f619d67e624,30,LOW
2026-09-12 11:19:16,bhagy,FILE MODIFIED,.\audit_log.txt,,NO,9cba1e904a7b5f9ac40a7e25001ac467c33d437ffbcb5d54abb674d4c8467677,30,LOW
2026-09-12 11:19:16,bhagy,FILE MODIFIED,.\audit_log.txt,,NO,abe59fa4686c742c09415d0701324fe242bcab828b3e2c5e037c385efebb0169,30,LOW
2026-09-12 11:19:16,bhagy,FILE MODIFIED,.\audit_log.txt,,NO,ed8d855de40bcf764c0a74d916980efed1522fcaf5e693dfb72fbb70fd215a00,30,LOW
2026-09-12 11:19:16,bhagy,FILE MODIFIED,.\audit_log.txt,,NO,3ca139713c301e10f4ba29c4a57002088399db13a5905df62e3877ca54b26bc7,30,LOW
2026-09-12 11:19:16,bhagy,FILE MODIFIED,.\audit_log.txt,,NO,6170dcc73925e18782a43f1aa4740a24931e18747e421bd67a4477175ea514b9,30,LOW
2026-09-12 11:19:16,bhagy,FILE MODIFIED,.\audit_log.txt,,NO,fe238fd27d40da94be187c7d70598cf07900c169e45b4d256ad7fa49a5b0c410,30,LOW
2026-09-12 11:19:16,bhagy,FILE MODIFIED,.\audit_log.txt,,NO,97bcddac398eeb62bc8dbb581bdadcffcb3632165e723445c98d8caf34149618,30,LOW
2026-09-12 11:19:17,bhagy,FILE MODIFIED,.\audit_log.txt,,NO,87ec57d65e6490c57c64a53470a02136a0c856fc7c76426b275a7f65d3d3b160,30,LOW
2026-09-12 11:19:17,bhagy,FILE MODIFIED,.\audit_log.txt,,NO,5e968c37e179cb431d85293c42468ebc52606c2988c17f30b06a8f27db9cbe5a,30,LOW
2026-09-12 11:19:17,bhagy,FILE MODIFIED,.\audit_log.txt,,NO,d10821f456ffde42edc7169c3e6956cddd112a26714a6d3995f0b2677de5f572,30,LOW
2026-09-12 11:19:17,bhagy,FILE MODIFIED,.\audit_log.txt,,NO,aa2501ebaa6a87f1a9f53281ce72f05b0efa5b474c10e952a7c7051af21dbfe6,30,LOW
2026-09-12 11:19:17,bhagy,FILE MODIFIED,.\audit_log.txt,,NO,8c31f0c0a40adc3c9b1b37df4e15bf904f38772adfc8fc0bb7814b95f4f9c9a4,30,LOW
2026-09-12 11:19:17,bhagy,FILE MODIFIED,.\audit_log.txt,,NO,761b06aca35ea374f1094fc096cce67a5ceead425c9b85e5773d46d63dae2116,30,LOW
2026-09-12 11:19:17,bhagy,FILE MODIFIED,.\audit_log.txt,,NO,477b0e3d49c0f7089ec5ac5a4a84cb118a2e7fcf4cb83f93db67086058c3779f,30,LOW
2026-09-12 11:19:17,bhagy,FILE MODIFIED,.\audit_log.txt,,NO,7b97df6eadf767f77c402dbe29ddb81c00e3b3e9d4b1ecd7329373a52d4ad038,30,LOW
2026-09-12 11:19:17,bhagy,FILE MODIFIED,.\audit_log.txt,,NO,00731e88d625757d3f86491da71a2ad738b6f470e0226b130d1e605fce9f6c5a,30,LOW
2026-09-12 11:19:17,bhagy,FILE MODIFIED,.\audit_log.txt,,NO,5bfec6cabf29e17765e8cf81211117523be5a4ad4631964e2a866c335b768e89,30,LOW
2026-09-12 11:19:18,bhagy,FILE MODIFIED,.\audit_log.txt,,NO,37df16d0091307fb792fe3668b6669e1412e925625a3ae79bb3e41920d789895,30,LOW
2026-09-12 11:19:18,bhagy,FILE MODIFIED,.\audit_log.txt,,NO,3a5aa44b00bb5dd9b8ed27012a35c4601f6114f3b8f61acaefd4579328650f0f,30,LOW
2026-09-12 11:19:18,bhagy,FILE MODIFIED,.\audit_log.txt,,NO,6b2867911aa7ead90de75f23c873988a3239d86d6b4f4d3eb363c51820abdc14,30,LOW
2026-09-12 11:19:18,bhagy,FILE MODIFIED,.\audit_log.txt,,NO,3c71fdfffbc4be80ad9f2aae2cc9e932e84efaf0c1a357e2951395578961ed2c,30,LOW
2026-09-12 11:19:18,bhagy,FILE MODIFIED,.\audit_log.txt,,NO,97b34cdcd7eedaeaf21254a3ae073c385b4389b738fbcc5a86c06384d4231f63,30,LOW
2026-09-12 11:19:18,bhagy,FILE MODIFIED,.\audit_log.txt,,NO,29335158a805e0166b6942780e727e8d5464cf920f90d95f1824115d86d89e52,30,LOW
2026-09-12 11:19:18,bhagy,FILE MODIFIED,.\audit_log.txt,,NO,adf84876fe86ab34cd3204dad30f044a43fe28a079f4f3d6f6a221ae77449156,30,LOW
2026-09-12 11:19:18,bhagy,FILE MODIFIED,.\audit_log.txt,,NO,2d694a25d8398c9bf490f69e7a30a7190e00c03299bc62488402f9011628a4c5,30,LOW
2026-09-12 11:19:18,bhagy,FILE MODIFIED,.\audit_log.txt,,NO,cbcb33575c9ffabd2b0c8622ce829cbeae952546f8e95ffe8523e0cd948d2bd4,30,LOW
2026-09-12 11:19:18,bhagy,FILE MODIFIED,.\audit_log.txt,,NO,ef71eb9c61e95107cd00f4359356bdfe3cfbb77692725fd3e337079559e1cfd5,30,LOW
2026-09-12 11:19:18,bhagy,FILE MODIFIED,.\audit_log.txt,,NO,eec56f626a6d8d3ed7097f093b26d6a5168b67d9d4d88546b6351e6ecd6db878,30,LOW
2026-09-12 11:19:19,bhagy,FILE MODIFIED,.\audit_log.txt,,NO,a8fb8f4e1d080f020c195f1f5df1ac69cacb9838ae5f0b6ab3e5d3f61b8e0281,30,LOW
2026-09-12 11:19:19,bhagy,FILE MODIFIED,.\audit_log.txt,,NO,d00fef6e74c65ee53cf986fa97069f3be8e7530ec4d83adca25180c83bfddc10,30,LOW
2026-09-12 11:19:19,bhagy,FILE MODIFIED,.\audit_log.txt,,NO,1c03dd89f38fe57ff10d1b3f8c0c47badcf2684264a5a5621362a5526d737c27,30,LOW
2026-09-12 11:19:19,bhagy,FILE MODIFIED,.\audit_log.txt,,NO,5bb82ddccdf7bf72d7ac7fd928049cf430cd1a856f6baeb12c796bba4fecfeb7,30,LOW
2026-09-12 11:19:19,bhagy,FILE MODIFIED,.\audit_log.txt,,NO,e0c3ac19ed27e0b0f59b89f6ca642b2e8a7e93ca17c1905ed4068ed7ea7082cd,30,LOW
2026-09-12 11:19:19,bhagy,FILE MODIFIED,.\audit_log.txt,,NO,ec2594d05e4de475c449e9f783b85ffbc3a002d470a2738e271cbf47a6fc6901,30,LOW
2026-09-12 11:19:19,bhagy,FILE MODIFIED,.\audit_log.txt,,NO,b5a41c62d792eeb571c614fa441c060ec87edb7ed46ef227dc31d98f2cf73da1,30,LOW
2026-09-12 11:19:19,bhagy,FILE MODIFIED,.\audit_log.txt,,NO,9a2f90daef9a018fe32c2fb00572b011bab9f24f8f5a3ea4c888f8e374e6c360,30,LOW
2026-09-12 11:19:19,bhagy,FILE MODIFIED,.\audit_log.txt,,NO,9c0f3e579482e4da712cb4fc4247119cb1ea7c14caa161102d04350f44afe02d,30,LOW
2026-09-12 11:19:19,bhagy,FILE MODIFIED,.\audit_log.txt,,NO,5b1b52f9b06fcc386972a95617ace212bf80c3f702595433ad3a8b297cc29344,30,LOW
2026-09-12 11:19:19,bhagy,FILE MODIFIED,.\audit_log.txt,,NO,f62a319fd6e789501a311ba21e45f7c0d8338d965336d8f7ad0207d1000f7617,30,LOW
2026-09-12 11:19:19,bhagy,FILE MODIFIED,.\audit_log.txt,,NO,b1422aecd44d7844948917aaddd2f9a19bb6d2fae822ca599412fbfe24697270,30,LOW
2026-09-12 11:19:20,bhagy,FILE MODIFIED,.\audit_log.txt,,NO,81b3eb4bd5c93033ff62936ffabecc5bca95d821524b26813500b83eed28caef,30,LOW
2026-09-12 11:19:20,bhagy,FILE MODIFIED,.\audit_log.txt,,NO,2da412cb419171e55286756cd483428628a4c98b375d44ab111d1a4b489c9c01,30,LOW
2026-09-12 11:19:20,bhagy,FILE MODIFIED,.\audit_log.txt,,NO,18cfb6f17a0daf00a405b7632306ffaaa282a6e3ee6e925746b1b63485aa389b,30,LOW
2026-09-12 11:19:20,bhagy,FILE MODIFIED,.\audit_log.txt,,NO,6f82ce76de8dcb9db0780eef6147bc84d6eda27b153f4a43ebdd65a2fa176679,30,LOW
2026-09-12 11:19:20,bhagy,FILE MODIFIED,.\audit_log.txt,,NO,b2b767b574df4c2025186120d313490d74275b25091175940b31966b460bf451,30,LOW
2026-09-12 11:19:20,bhagy,FILE MODIFIED,.\audit_log.txt,,NO,0c8e90fab8d1341cea8a005462d9eaa293b7aa19d9ce8f1f8a790d560c607a10,30,LOW
2026-09-12 11:19:20,bhagy,FILE MODIFIED,.\audit_log.txt,,NO,0d846f3b3f3301405c03b89a0f84b1f14558e310d3e336e6b90483d2135f8bc2,30,LOW
2026-09-12 11:19:20,bhagy,FILE MODIFIED,.\audit_log.txt,,NO,a49962a037ba40d36d654408969bc9f804532db52c6953e6e811f7b4af098573,30,LOW
2026-09-12 11:19:20,bhagy,FILE MODIFIED,.\audit_log.txt,,NO,73d91a56f1b9201420f2c13a579b33bbe1735e3a5e3498e71e7d7ea638700967,30,LOW
2026-09-12 11:19:20,bhagy,FILE MODIFIED,.\audit_log.txt,,NO,c3829c9c4b7ec5f205f459192be87fd78384bc4d2547ea88f0df52fd52005061,30,LOW
2026-09-12 11:19:20,bhagy,FILE MODIFIED,.\audit_log.txt,,NO,60d136a22518a92069900269d7fe5e66a66e7397cec45f8fdff0c8c0c9d1c502,30,LOW
2026-09-12 11:19:21,bhagy,FILE MODIFIED,.\audit_log.txt,,NO,4290da0e50e172f9dacdab91bbef9d021347b130780faf40cc73e39138767245,30,LOW
2026-09-12 11:19:21,bhagy,FILE MODIFIED,.\audit_log.txt,,NO,9afaf10873768ce94d72276388ee93b5dc3b65131de2f678ebc987140ce498ff,30,LOW
2026-09-12 11:19:21,bhagy,FILE MODIFIED,.\audit_log.txt,,NO,d0d389b7cbe99b91065d71eb29abc983cd8f95632ff5a884d96ca375bef5d030,30,LOW
2026-09-12 11:19:21,bhagy,FILE MODIFIED,.\audit_log.txt,,NO,b4e6c18d9c621d203911e8d978e19858b1f4fa278d4728eab2613fc377365b10,30,LOW
2026-09-12 11:19:21,bhagy,FILE MODIFIED,.\audit_log.txt,,NO,4db051fd6f011f8f9e86a1f3bc31de365afcada1fe9ad2a6c7bfd774014306b2,30,LOW
2026-09-12 11:19:21,bhagy,FILE MODIFIED,.\audit_log.txt,,NO,55e6310692ba423e5138f663bb6a3ca080750e081c20d6bff98c689604d25cd6,30,LOW
2026-09-12 11:19:21,bhagy,FILE MODIFIED,.\audit_log.txt,,NO,fde4c7efaa794416b96633d174500a4376a2b32d0e1e9a2e5e0e8408b6e16a23,30,LOW
2026-09-12 11:19:21,bhagy,FILE MODIFIED,.\audit_log.txt,,NO,1332e8867907ed32b269830d7e55e80c036eccc48ab4cbd26c2d895820097616,30,LOW
2026-09-12 11:19:21,bhagy,FILE MODIFIED,.\audit_log.txt,,NO,27488232e976c7062b2f2ddb81f71730c8da4a5c39c74e68846914a46cd7526f,30,LOW
2026-09-12 11:19:21,bhagy,FILE MODIFIED,.\audit_log.txt,,NO,25f521986df6ec968ef5b11c2007bb9f6a698db60a48c5c9497f93d93355607c,30,LOW
2026-09-12 11:19:21,bhagy,FILE MODIFIED,.\audit_log.txt,,NO,2d3c0c95bff8a95fe7a89ca750135da0815f86ec06ec829b4a627b99c3025f0b,30,LOW
2026-09-12 11:19:22,bhagy,FILE MODIFIED,.\audit_log.txt,,NO,4861cdfca6282c66eaef8f3022e40d927ff82bad00d4e6d10128546335f47731,30,LOW
2026-09-12 11:19:22,bhagy,FILE MODIFIED,.\audit_log.txt,,NO,7afa68641f661d3edc843436508ebad908c35cff632fa870d076d3c140e96109,30,LOW
2026-09-12 11:19:22,bhagy,FILE MODIFIED,.\audit_log.txt,,NO,53439a33fe2eaeeeb93116607448ace5a626598659e0d510d370ca23f4f23e7f,30,LOW
2026-09-12 11:19:22,bhagy,FILE MODIFIED,.\audit_log.txt,,NO,4a40664a2df98dbf7babf0686aca2f706d65714f78efbeb01e30efb2df3af943,30,LOW
2026-09-12 11:19:22,bhagy,FILE MODIFIED,.\audit_log.txt,,NO,e0e9cde7547a13d169f9d8ea03a50e00aa978851dd16abb566d0b7277e5cc481,30,LOW
2026-09-12 11:19:22,bhagy,FILE MODIFIED,.\audit_log.txt,,NO,8e6c40d2e034bc08b428060f82ac3b1695151eb0988dcc63364b43297ffbe8cc,30,LOW
2026-09-12 11:19:22,bhagy,FILE MODIFIED,.\audit_log.txt,,NO,c6888bab69d2e0185575c9cd495862397a6eb144781739f9aa7c558ca786ed64,30,LOW
2026-09-12 11:19:22,bhagy,FILE MODIFIED,.\audit_log.txt,,NO,8487aeb6d699586155d400c98da40c12efc3d35ea7fd66d9739415762d6c9419,30,LOW
2026-09-12 11:19:22,bhagy,FILE MODIFIED,.\audit_log.txt,,NO,8613c9ed61df435a6a4ddad5213ede66f95a73bdf5bddf3ebe78b676e4785ebe,30,LOW
2026-09-12 11:19:22,bhagy,FILE MODIFIED,.\audit_log.txt,,NO,3464415ede6894925ad0988549b108d41d900783933a60d84ed424090a072bcc,30,LOW
2026-09-12 11:19:22,bhagy,FILE MODIFIED,.\audit_log.txt,,NO,a6eec3dd199ade6c5e5ded5daf5ba845768da1433016af77af6ba99d7a34cbc0,30,LOW
2026-09-12 11:19:23,bhagy,FILE MODIFIED,.\audit_log.txt,,NO,3fc10183e4a314115f0d6fcf9ad6edb98d7690dab55f90d3af9390d5fb808b61,30,LOW
2026-09-12 11:19:23,bhagy,FILE MODIFIED,.\audit_log.txt,,NO,5976a066611cfca1085cb1f8323b4aaa4fd56e43320ee5c24118562a56ba383d,30,LOW
2026-09-12 11:19:23,bhagy,FILE MODIFIED,.\audit_log.txt,,NO,43338c4a566cefea51f114629c717e02b3b59eb0fe6b252d4020eca02365f859,30,LOW
2026-09-12 11:19:23,bhagy,FILE MODIFIED,.\audit_log.txt,,NO,614bd100a1b0a9d0c1c797bcfcfb6057fe09d84777be0078feda9d0ed209f97c,30,LOW
2026-09-12 11:19:23,bhagy,FILE MODIFIED,.\audit_log.txt,,NO,00168c0fe892bfca7a92c1912dc1026561bae52ff4997cd5380b1365f4a41abb,30,LOW
2026-09-12 11:19:23,bhagy,FILE MODIFIED,.\audit_log.txt,,NO,017a5c223cc0cc8037a86afe4babc421aaf99491e2f09e3476aee7f3ae2b2463,30,LOW
2026-09-12 11:19:23,bhagy,FILE MODIFIED,.\audit_log.txt,,NO,2cd23fee96e06821ff0679c3b03133f176be8d765900c6e3d72ef6bf91758d0f,30,LOW
2026-09-12 11:19:23,bhagy,FILE MODIFIED,.\audit_log.txt,,NO,bf413b62f0e48935966e185372a04d70e71d613add5291868ec3e8374e55dde4,30,LOW
2026-09-12 11:19:23,bhagy,FILE MODIFIED,.\audit_log.txt,,NO,981813dacd7a9d3124df34aabc1d9e956da15a7050e8853e3b3ddde71b747000,30,LOW
2026-09-12 11:19:23,bhagy,FILE MODIFIED,.\audit_log.txt,,NO,4117ecb5c377274965ba96db31e4d09197d862bf9c4a55adebe05e8776a9ee8c,30,LOW
2026-09-12 11:19:23,bhagy,FILE MODIFIED,.\audit_log.txt,,NO,e39a7ec94930e33c74cc7b31693e15d48cc0b4bc0a58c7ee44ef7f9d797d523c,30,LOW
2026-09-12 11:19:24,bhagy,FILE MODIFIED,.\audit_log.txt,,NO,a03ddae35516b9e19de2fa6cf68b271ee4dbd904639390f7fea3e60cffe7ffad,30,LOW
2026-09-12 11:19:24,bhagy,FILE MODIFIED,.\audit_log.txt,,NO,36d41c0d76dbf5f6149b1a9086a4742ab7d807707d721ea91f2bbb7000eed121,30,LOW
2026-09-12 11:19:24,bhagy,FILE MODIFIED,.\audit_log.txt,,NO,88dac94e9200a5bf178f8484d425418f8351a027fcd489b2b5af9ec7457da8a8,30,LOW
2026-09-12 11:19:24,bhagy,FILE MODIFIED,.\audit_log.txt,,NO,d88dd5a0ed19b9614c3a9b09aee375d431c3608be2339216a23a66e1ce855196,30,LOW
2026-09-12 11:19:24,bhagy,FILE MODIFIED,.\audit_log.txt,,NO,a30a9afd13b785013493509d592d264c9eb025feff02ca440ab9c5807469bd73,30,LOW
2026-09-12 11:19:24,bhagy,FILE MODIFIED,.\audit_log.txt,,NO,f3746256a82d67d8b3fc1f06ffb4c6289208796ad920e6a4b164a010e85227dc,30,LOW
2026-09-12 11:19:24,bhagy,FILE MODIFIED,.\audit_log.txt,,NO,747b654746ebadb10b2483702595321b635732919cd339665529551e9bd786f0,30,LOW
2026-09-12 11:19:24,bhagy,FILE MODIFIED,.\audit_log.txt,,NO,7a5f7ad0880555b12b1fa51ebaa71265929222a6e517fe987302ff8444e5886c,30,LOW
2026-09-12 11:19:24,bhagy,FILE MODIFIED,.\audit_log.txt,,NO,52eaf642e5561035b953013f0e345f5dd7cbbec5f817e7c257f80c33a57109d9,30,LOW
2026-09-12 11:19:24,bhagy,FILE MODIFIED,.\audit_log.txt,,NO,344cfc3ccda391ace1d94e0f9b0eed6c1a900260c3b8d881872f7ce6455e685d,30,LOW
2026-09-12 11:19:25,bhagy,FILE MODIFIED,.\audit_log.txt,,NO,f25604966c2a31e6b8b3fb74748d44cce56e1055266852b78b9b7c1d62f97d0b,30,LOW
2026-09-12 11:19:25,bhagy,FILE MODIFIED,.\audit_log.txt,,NO,3f500685136caec157c4d06494db84e537437374f6cf52d90f0b4b2d68e584a9,30,LOW
2026-09-12 11:19:25,bhagy,FILE MODIFIED,.\audit_log.txt,,NO,53a8e312f2f464db6a0f687cd72a1c49e3aacd428c125e10e6e6e1e50d6c5d92,30,LOW
2026-09-12 11:19:25,bhagy,FILE MODIFIED,.\audit_log.txt,,NO,cfd9371225c41e1285faeddec8394249d2c067e1c945da926a21c35e1854e7d6,30,LOW
2026-09-12 11:19:25,bhagy,FILE MODIFIED,.\audit_log.txt,,NO,f1fd5ebdf5c3e7ff1c858308bf1413bdaba434587e2c2e572fcd66eb87850cd1,30,LOW
2026-09-12 11:19:25,bhagy,FILE MODIFIED,.\audit_log.txt,,NO,1a07c8ab113ec45584baf4fd248ea2a25f72250194705c7c93c9ef2f28949e4f,30,LOW
2026-09-12 11:19:25,bhagy,FILE MODIFIED,.\audit_log.txt,,NO,1cb7de5b76b6689ff1da5ad568be6b8a3ab84291db6087977ebd3ad26b4994ed,30,LOW
2026-09-12 11:19:25,bhagy,FILE MODIFIED,.\audit_log.txt,,NO,a748fdde2a636a54778e62c25e16cff69a4079eab75cb6f304494a7a0a764d86,30,LOW
2026-09-12 11:19:25,bhagy,FILE MODIFIED,.\audit_log.txt,,NO,fc1368d9993e7269a7d907ca31325d5a7198f40e8b40a71d541f6c608daffef1,30,LOW
2026-09-12 11:19:25,bhagy,FILE MODIFIED,.\audit_log.txt,,NO,3dcd0268d7627eb154733fa9e5e8bea205a9fca4a3ee739da5bf34477bff78db,30,LOW
2026-09-12 11:19:26,bhagy,FILE MODIFIED,.\audit_log.txt,,NO,dbb73524d5ddd81715e06014fd082eb7e0c69b3ffc793b7f58e1b225d50b212c,30,LOW
2026-09-12 11:19:26,bhagy,FILE MODIFIED,.\audit_log.txt,,NO,407f714384d914730e8d19fa8e7251c87c2084fb585cb4a9e7db92e418a499f8,30,LOW
2026-09-12 11:19:26,bhagy,FILE MODIFIED,.\audit_log.txt,,NO,0e2f30515b93070d20abf2ee71019fe4f1685b8077167a4b20d4a42922b439a9,30,LOW
2026-09-12 11:19:26,bhagy,FILE MODIFIED,.\audit_log.txt,,NO,856cc945004deafed8ead2a33a2169a66471683c55afd17ed418191e30f6cb7a,30,LOW
2026-09-12 11:19:26,bhagy,FILE MODIFIED,.\audit_log.txt,,NO,ef32dc151a1c549f867d42f64f82409e8286bc5b30f9a97296221474856bbed4,30,LOW
2026-09-12 11:19:26,bhagy,FILE MODIFIED,.\audit_log.txt,,NO,99365e38504fcd82cd554c74affeab25318f339de807728ce4e2d5d2ae054b50,30,LOW
2026-09-12 11:19:26,bhagy,FILE MODIFIED,.\audit_log.txt,,NO,8878aa73855d2f074d0e4fb990b7aed235453a9033247cd462fef5a02c885510,30,LOW
2026-09-12 11:19:26,bhagy,FILE MODIFIED,.\audit_log.txt,,NO,cc797542c7521a7f1fb0af14160acae21ee7c6b72f00dc85cb032e858f640252,30,LOW
2026-09-12 11:19:26,bhagy,FILE MODIFIED,.\audit_log.txt,,NO,3d4a623453a5238ef73d19633dd1246865d4fc47622ba6677f459c5e766f6222,30,LOW
2026-09-12 11:19:27,bhagy,FILE MODIFIED,.\audit_log.txt,,NO,a37a684425fc4a638527542544e1d183e3458060438dd308df89ff8759d4ed91,30,LOW
2026-09-12 11:19:27,bhagy,FILE MODIFIED,.\audit_log.txt,,NO,3d52809824c6f8d8c6131b5dc512cd28c6f62f205af07168c6f415beb5a4df96,30,LOW
2026-09-12 11:19:27,bhagy,FILE MODIFIED,.\audit_log.txt,,NO,898c588133788af672fc60b37551d03a1484b9d643509157f77ba50b12605c0c,30,LOW
2026-09-12 11:19:27,bhagy,FILE MODIFIED,.\audit_log.txt,,NO,336096a687839609f2839ba11a7f6e63193fd1c2c9d0914a6d1bd158a01063ff,30,LOW
2026-09-12 11:19:27,bhagy,FILE MODIFIED,.\audit_log.txt,,NO,b10dac84fcfbfcba3a8adeaf92d820d000e93015808f5cda81a4055ab27719ac,30,LOW
2026-09-12 11:19:27,bhagy,FILE MODIFIED,.\audit_log.txt,,NO,3dc4b874c45f2f8189848ab9e0fdfc685f178584c860fecd1d5b6ef8778b79da,30,LOW
2026-09-12 11:19:27,bhagy,FILE MODIFIED,.\audit_log.txt,,NO,db9a79e24e0bbbf5031a8344a3e45076287ed2f0565bd8232674ded1c75876bf,30,LOW
2026-09-12 11:19:27,bhagy,FILE MODIFIED,.\audit_log.txt,,NO,7e080bed9ac1ee25de82223e5aa65fdf19d731da7618df9adc704e0e57488cbb,30,LOW
2026-09-12 11:19:27,bhagy,FILE MODIFIED,.\audit_log.txt,,NO,dfd318204b558eff7533b277b14f1cdd98bc3d34819a84bb6bd9927b5ed5d74f,30,LOW
2026-09-12 11:19:27,bhagy,FILE MODIFIED,.\audit_log.txt,,NO,5a4e6287862cc9f3a1f1313b4a90dcdedb3128201930b8016c878b394fda4499,30,LOW
2026-09-12 11:19:27,bhagy,FILE MODIFIED,.\audit_log.txt,,NO,ed6751c17174387843ba5303a619ea85b5226bd3a5082142b7a26f032dd82948,30,LOW
2026-09-12 11:19:28,bhagy,FILE MODIFIED,.\audit_log.txt,,NO,67685e372361bbb1c4eddf3ab064db716bde5db096eb2dfec70134c7e3c2c470,30,LOW
2026-09-12 11:19:28,bhagy,FILE MODIFIED,.\audit_log.txt,,NO,8a7399360c34db442eaae710c01c7bd028873db493bc06795573b4a5221a0976,30,LOW
2026-09-12 11:19:28,bhagy,FILE MODIFIED,.\audit_log.txt,,NO,bc5b074a7e7f9de42674da43f877725e10c441e383d6f49450602d4b46660297,30,LOW
2026-09-12 11:19:28,bhagy,FILE MODIFIED,.\audit_log.txt,,NO,2cb48570163fef43438a8161128b6cc0b111b9c1736af9afe17b30b3acfbecf8,30,LOW
2026-09-12 11:19:28,bhagy,FILE MODIFIED,.\audit_log.txt,,NO,0eb61a0d8e4faae0d493344b074c61f0b620de6b5100ca8e729372ba2316ea5c,30,LOW
2026-09-12 11:19:28,bhagy,FILE MODIFIED,.\audit_log.txt,,NO,17487cf89e74dc3532cb0506bd7dfa4a1b7cc4bc3e08d30ade13b704c2bc432b,30,LOW
2026-09-12 11:19:28,bhagy,FILE MODIFIED,.\audit_log.txt,,NO,4df4291d2648fb7ab9b456b639faa0e263b1d84508a22f5aee2d64a4d9f62863,30,LOW
2026-09-12 11:19:28,bhagy,FILE MODIFIED,.\audit_log.txt,,NO,78fe3a85f82b55c8217b2b1a7cfca5dd409563a0789a9dd974b47319ebe620a4,30,LOW
2026-09-12 11:19:28,bhagy,FILE MODIFIED,.\audit_log.txt,,NO,e4e8dcfa9bc9fa19aea48fca78934b3c5679b8689ca66053a2a88259ed592d12,30,LOW
2026-09-12 11:19:28,bhagy,FILE MODIFIED,.\audit_log.txt,,NO,c627777edfb68843be7e9b85eff9bd3eeb639165d9b3f6a8dee06492ccb008f8,30,LOW
2026-09-12 11:19:29,bhagy,FILE MODIFIED,.\audit_log.txt,,NO,89aa27754ef404873a3fdee30ee8c0c1965122ae7e8f233ef644a97b51d5e7ca,30,LOW
2026-09-12 11:19:29,bhagy,FILE MODIFIED,.\audit_log.txt,,NO,329eafc1f280400ce58a4cffb7971c931e821156145e91434aaad0b4fe078485,30,LOW
2026-09-12 11:19:29,bhagy,FILE MODIFIED,.\audit_log.txt,,NO,62035d52d43aca25af57b588db1c2ee4ec0e80fa5c0beaa24a3b58099e606944,30,LOW
2026-09-12 11:19:29,bhagy,FILE MODIFIED,.\audit_log.txt,,NO,0dacf73e9113b8c6cf6a0cf18addb267ee06b819685b6366e162b744ced0aef7,30,LOW
2026-09-12 11:19:29,bhagy,FILE MODIFIED,.\audit_log.txt,,NO,12958e3c0f678de0e52307edddda11bf2a703cc98cb7115d6cee0319b8df7cc1,30,LOW
2026-09-12 11:19:29,bhagy,FILE MODIFIED,.\audit_log.txt,,NO,807cf62ac773478c05b2db0a2121cf40727c77805da3a3c60cf2a6f9941c68f7,30,LOW
2026-09-12 11:19:29,bhagy,FILE MODIFIED,.\audit_log.txt,,NO,d867241f1fdf71ca573774acb437a60ecc7ee721b74d50a13edef14946acc098,30,LOW
2026-09-12 11:19:29,bhagy,FILE MODIFIED,.\audit_log.txt,,NO,67c5df30f103d37c890925c986471e0862ec3ec3006033fa9400b8ae62b52fb1,30,LOW
2026-09-12 11:19:29,bhagy,FILE MODIFIED,.\audit_log.txt,,NO,72c58392f6094631be863a49c0feebd062eb34e58a7869f75398bf9c045810de,30,LOW
2026-09-12 11:19:29,bhagy,FILE MODIFIED,.\audit_log.txt,,NO,5e38f25c92feffd943b5786fa90d84e4cde582886cbed47ab8f0073055837a80,30,LOW
2026-09-12 11:19:29,bhagy,FILE MODIFIED,.\audit_log.txt,,NO,1d1a3b1e7232bab0b8a0da1bebac2e5ba10b57f9b5ba244b4aaecadc32b1c491,30,LOW
2026-09-12 11:19:30,bhagy,FILE MODIFIED,.\audit_log.txt,,NO,6c05cadd68303ff811048a09501b9bddef52ff3c13086df88c056ff768d0d313,30,LOW
2026-09-12 11:19:30,bhagy,FILE MODIFIED,.\audit_log.txt,,NO,db2162aeca0f00e345bac950b3cd5f2a7849165964e3fede347476233c6d37ec,30,LOW
2026-09-12 11:19:30,bhagy,FILE MODIFIED,.\audit_log.txt,,NO,18c1100fea9138e5813c44945c90af2cdc247f5c39b5197609a1e9ebb350b7d8,30,LOW
2026-09-12 11:19:30,bhagy,FILE MODIFIED,.\audit_log.txt,,NO,3ffccfd0eb0f943d435be3d67ef57c1710e49758dd05a3b2c36019641759c76f,30,LOW
2026-09-12 11:19:30,bhagy,FILE MODIFIED,.\audit_log.txt,,NO,8efc28f3adb552e1a721c5ec49a8f739560b2abc45b8b0e8b2b32769da09411b,30,LOW
2026-09-12 11:19:30,bhagy,FILE MODIFIED,.\audit_log.txt,,NO,5102514a2fbfe673bf2796940e03d16993bcb6262f1444ebde44af3d09111789,30,LOW
2026-09-12 11:19:30,bhagy,FILE MODIFIED,.\audit_log.txt,,NO,7f23166f07141c679ddc858ffb1d3d80a4e0b5eb3e41acd57c6725c2571c1260,30,LOW
2026-09-12 11:19:30,bhagy,FILE MODIFIED,.\audit_log.txt,,NO,897d62c71ce8dcac98128308982401017cafbbd7b488e97ebafd5f91e966ea7b,30,LOW
2026-09-12 11:19:30,bhagy,FILE MODIFIED,.\audit_log.txt,,NO,fe1f5cce4b5b04a3c9b6473f13779113d525d581e1b5567cf1fc5a2d688fd640,30,LOW
2026-09-12 11:19:31,bhagy,FILE MODIFIED,.\audit_log.txt,,NO,97e8fa6e440e935bba4a157aa32db458c683843d39e196d92d9c7650edf0dcf7,30,LOW
2026-09-12 11:19:31,bhagy,FILE MODIFIED,.\audit_log.txt,,NO,fecce2e21627a53d5f95f83f82d4220dd9c7b643e464b499b8bead8a98af4fdb,30,LOW
2026-09-12 11:19:31,bhagy,FILE MODIFIED,.\audit_log.txt,,NO,f6da639e1d95dcaa18478e0821c89361dd11e1b129ea73820fd321baa09e9547,30,LOW
2026-09-12 11:19:31,bhagy,FILE MODIFIED,.\audit_log.txt,,NO,a37b4206862675620387d80ba637fe97451661e05855c4f3539ca9c8804e2bd6,30,LOW
2026-09-12 11:19:31,bhagy,FILE MODIFIED,.\audit_log.txt,,NO,8433bd8b5793f29e0ad23b1136e98359f84629750e1ae4b6bd12934cb2f62b3b,30,LOW
2026-09-12 11:19:31,bhagy,FILE MODIFIED,.\audit_log.txt,,NO,ff2e1791d91570d719236544a650c0bf83ef6572807f37c7cd31ec9480998d57,30,LOW
2026-09-12 11:19:31,bhagy,FILE MODIFIED,.\audit_log.txt,,NO,f6b7a94e462255bb060ae019dd47f1ef50b5ecbbec5f6a90fabee59810a77d68,30,LOW
2026-09-12 11:19:31,bhagy,FILE MODIFIED,.\audit_log.txt,,NO,1db939f87bfe9d8c67da211d60fa9d1da2e24bb8c0189b0bce189ab6ebab9b2f,30,LOW
2026-09-12 11:19:31,bhagy,FILE MODIFIED,.\audit_log.txt,,NO,e48033c2000ac6ad1d04a5293cbe11149b4dd0b34aa676b0c575cb55990a5512,30,LOW
2026-09-12 11:19:31,bhagy,FILE MODIFIED,.\audit_log.txt,,NO,6d7f152d705c07caf128e1d4d6831a8323947f9869ca9c26edcfeb9fc283863f,30,LOW
2026-09-12 11:19:31,bhagy,FILE MODIFIED,.\audit_log.txt,,NO,b4f6e2f607375900bb98b07cb124fdd69eae60c1896a40414139e127802a9fdc,30,LOW
2026-09-12 11:19:32,bhagy,FILE MODIFIED,.\audit_log.txt,,NO,4e022588699d83d80f5fc0e6d8ba9bd26a163291997dbbd513d21b0454361771,30,LOW
2026-09-12 11:19:32,bhagy,FILE MODIFIED,.\audit_log.txt,,NO,36f28962dff47e78ec39684aa11915d6111595b4211caf278e450ec2c6a5fc1c,30,LOW
2026-09-12 11:19:32,bhagy,FILE MODIFIED,.\audit_log.txt,,NO,f1bab073030c000ce245404f60e91e157d69734ef0707f679006b063ee0f40e9,30,LOW
2026-09-12 11:19:32,bhagy,FILE MODIFIED,.\audit_log.txt,,NO,d5967d06022001b9244ceaadabde68d7817828817c2478cf82223ba410d172fb,30,LOW
2026-09-12 11:19:32,bhagy,FILE MODIFIED,.\audit_log.txt,,NO,0d5875e1d81016bc3bc3adf8b75a01a3acf9de8d2c20dce28a937c04b8c048a1,30,LOW
2026-09-12 11:19:32,bhagy,FILE MODIFIED,.\audit_log.txt,,NO,2228d5c6dee29504074d486ac1a0bb19ed1571fcfa92fe211ca15651ec42cbb4,30,LOW
2026-09-12 11:19:32,bhagy,FILE MODIFIED,.\audit_log.txt,,NO,5175d6c0c2a0331252723307e9df59b5719629f5029e3abffccf941ec7e9ed35,30,LOW
2026-09-12 11:19:32,bhagy,FILE MODIFIED,.\audit_log.txt,,NO,35eb55ebe2af3bb224179969a7245a94d20f2a50377a17db48a3ef2824af3d9b,30,LOW
2026-09-12 11:19:32,bhagy,FILE MODIFIED,.\audit_log.txt,,NO,c315ec6071ed755e3b99d5ce54e624b709b3f7747b88f93ddbcb20ae426cc4ec,30,LOW
2026-09-12 11:19:33,bhagy,FILE MODIFIED,.\audit_log.txt,,NO,bb22d4816a525bc3b470bbbdd0bb51e9ace07b78735480355010b19da100c51c,30,LOW
2026-09-12 11:19:33,bhagy,FILE MODIFIED,.\audit_log.txt,,NO,b389f0690b9805a98facbe1a661582938ee1d5d0f4c767dfbea3d4e512c5695b,30,LOW
2026-09-12 11:19:33,bhagy,FILE MODIFIED,.\audit_log.txt,,NO,dfd02ba31f4f39decbff8da2cd5d420d5d2d96142c725f9dce761390572d39f1,30,LOW
2026-09-12 11:19:33,bhagy,FILE MODIFIED,.\audit_log.txt,,NO,7defc2a10fd5d2ce114a362fe6d74f0e3817de819117261bb07e9670f30670b4,30,LOW
2026-09-12 11:19:33,bhagy,FILE MODIFIED,.\audit_log.txt,,NO,dd0e17a5f2bf21ec9f67c0422bf391d96e7ef300eb5eb35e8977731036e6b760,30,LOW
2026-09-12 11:19:33,bhagy,FILE MODIFIED,.\audit_log.txt,,NO,ed5d12ed2b0ba00982edff7d053535a7372fcbfed55ffa12ca0b05ffe94527b1,30,LOW
2026-09-12 11:19:33,bhagy,FILE MODIFIED,.\audit_log.txt,,NO,b1cbba67957de31c1eacefafd7feea70d9709f0c1f70d4ab86218c15ee3d9b1e,30,LOW
2026-09-12 11:19:33,bhagy,FILE MODIFIED,.\audit_log.txt,,NO,75bc025091a643bbec51756fd4b2d3a6adc6b17ce9df8e404e756833ce33a846,30,LOW
2026-09-12 11:19:33,bhagy,FILE MODIFIED,.\audit_log.txt,,NO,d20be0c6f124dfaef2718a8bde3a108be055444154cee7a759ebb37c82a964eb,30,LOW
2026-09-12 11:19:33,bhagy,FILE MODIFIED,.\audit_log.txt,,NO,fcd4bea7bd6a40a5f9c7510e76b2ccdba7c47972b67a9f5d2d12a1d8049a1bbc,30,LOW
2026-09-12 11:19:33,bhagy,FILE MODIFIED,.\audit_log.txt,,NO,faee5c53d4bbb2549c6d023dabb70dc8c40a6dc2254ddc857e5eda064dc64924,30,LOW
2026-09-12 11:19:34,bhagy,FILE MODIFIED,.\audit_log.txt,,NO,f153791847154ca71d31e5f689829f75f53a74650a315bef78a0f061d39f56d4,30,LOW
2026-09-12 11:19:34,bhagy,FILE MODIFIED,.\audit_log.txt,,NO,13245ea2b61a326f8608170f6d5caf6329ddf03a828de45cb66503eb3e4edd4c,30,LOW
2026-09-12 11:19:34,bhagy,FILE MODIFIED,.\audit_log.txt,,NO,44909751d2020ec100f12fcf5941da54f4a5689b3c871ab60b1d485b2a8ead74,30,LOW
2026-09-12 11:19:34,bhagy,FILE MODIFIED,.\audit_log.txt,,NO,5a605f1c07937df327f032a9c71bab38f23861e094d76b36486de6423d29c38e,30,LOW
2026-09-12 11:19:34,bhagy,FILE MODIFIED,.\audit_log.txt,,NO,ab19be31665f41fec798c3db01a1f57a681d9478ae4784a60d6959d22101c4a0,30,LOW
2026-09-12 11:19:34,bhagy,FILE MODIFIED,.\audit_log.txt,,NO,4eb953938a726623caf5bcea912fed62f42718f0d45eb45dcbe704f30b1ade58,30,LOW
2026-09-12 11:19:34,bhagy,FILE MODIFIED,.\audit_log.txt,,NO,a6c9541020d67a6351a0a5709229c7eed64ee2aa674c8bae6f3a9f4d51e878d4,30,LOW
2026-09-12 11:19:34,bhagy,FILE MODIFIED,.\audit_log.txt,,NO,9819b091ec6867bb19cae40a8a5679d11e132ef4619c05b477c43b0661319138,30,LOW
2026-09-12 11:19:35,bhagy,FILE MODIFIED,.\audit_log.txt,,NO,bda820a15f6e4d3fca315afe9fe546428eada7482ee782db63669dc8d35bc836,30,LOW
2026-09-12 11:19:35,bhagy,FILE MODIFIED,.\audit_log.txt,,NO,29bdd8a0ef0c15fa0d44d48034d6b2cd098c3a3b4dd3c0dcb6ae841a330407ba,30,LOW
2026-09-12 11:19:35,bhagy,FILE MODIFIED,.\audit_log.txt,,NO,25500b1197b7807d3f0d376a56b9d74a44de7d4b95d9050327cdcb0ec59ff72c,30,LOW
2026-09-12 11:19:35,bhagy,FILE MODIFIED,.\audit_log.txt,,NO,591f446f385bdf7a7ab7542be1ed2366618acb72080d1a1058c8433f272174fa,30,LOW
2026-09-12 11:19:36,bhagy,FILE MODIFIED,.\audit_log.txt,,NO,dd1880f4c81ae4376903c1605b95f4e60b8ccb66a0dd2f6ad6a7721ef039e8c7,30,LOW
2026-09-12 11:19:36,bhagy,FILE MODIFIED,.\audit_log.txt,,NO,aaa62df0c5b4e19d4b49077fff30acb4d68f7e3b45d878107395b94e9fa02ac8,30,LOW
2026-09-12 11:19:36,bhagy,FILE MODIFIED,.\audit_log.txt,,NO,7e0d11d6cf0a66ef6a3508e81a194f0d0fe9967dce98726dc27295c33affe3a4,30,LOW
2026-09-12 11:19:36,bhagy,FILE MODIFIED,.\audit_log.txt,,NO,a22e92203dbf860fe4dc5e5a82d7ccecee0cdda655a71d8531ce69f5089325e3,30,LOW
2026-09-12 11:19:36,bhagy,FILE MODIFIED,.\audit_log.txt,,NO,4221ac27dd12ae63f5d0459f2d75ff70368789b6ce3a829b0e9a746cf48c143b,30,LOW
2026-09-12 11:19:36,bhagy,FILE MODIFIED,.\audit_log.txt,,NO,c8c4f556b467974f31ef046fe5c1797bd92fd82d93b307e6e3c798c71773e27b,30,LOW
2026-09-12 11:19:36,bhagy,FILE MODIFIED,.\audit_log.txt,,NO,f01f1209508b4eb1a8b2a6e2d62d482107b62078079c9f57f16f9698d2240af4,30,LOW
2026-09-12 11:19:37,bhagy,FILE MODIFIED,.\audit_log.txt,,NO,0b9c88e4fc8094d4b4aa48b7f6630ba1e0e7e9826c86bcd653a6bb64abaca7c2,30,LOW
2026-09-12 11:19:37,bhagy,FILE MODIFIED,.\audit_log.txt,,NO,37b07aa55ef4c0e83ca8dcc6e537e92ff8d7d9ab30bb66f88cc334ca5c833851,30,LOW
2026-09-12 11:19:37,bhagy,FILE MODIFIED,.\audit_log.txt,,NO,2d22007bd1869c9aa7262097abb75c06b610f6f5b7dad2c62be42b6b4a9326a1,30,LOW
2026-09-12 11:19:37,bhagy,FILE MODIFIED,.\audit_log.txt,,NO,233e6b095638dae8283f449ffb6bbcedba6a911090ac8f397dcacd6deeffaab4,30,LOW
2026-09-12 11:19:37,bhagy,FILE MODIFIED,.\audit_log.txt,,NO,a756762761ebafbc80fddb6499b753b4e3ece5fe09890ce15fb5a5f198690324,30,LOW
2026-09-12 11:19:37,bhagy,FILE MODIFIED,.\audit_log.txt,,NO,b860c44e7fac896e45d64f92ff613c3050308955c33a274026f99cb1f85d7452,30,LOW
2026-09-12 11:19:37,bhagy,FILE MODIFIED,.\audit_log.txt,,NO,4930a6fb0ebc3302e01f6ed335d82eac1ab46e749945cb0b32609f254ef1a315,30,LOW
2026-09-12 11:19:38,bhagy,FILE MODIFIED,.\audit_log.txt,,NO,f4f48666058b237a106f267ffadaa2f74af733e3405df8d4ebc27a6f39127ae2,30,LOW
2026-09-12 11:19:38,bhagy,FILE MODIFIED,.\audit_log.txt,,NO,77d9494c057903c0f0a84b2bd9f703af020daa3a739dec8ab90b1df30236cf45,30,LOW
2026-09-12 11:19:38,bhagy,FILE MODIFIED,.\audit_log.txt,,NO,f158b95409fd03e59792d6a4a22354910c7961ce75f66c37d9c881daeea92eff,30,LOW
2026-09-12 11:19:38,bhagy,FILE MODIFIED,.\audit_log.txt,,NO,f7da7f3fe827d401344d58afa86913d615df08a4a27531a48db9cc92fdba4988,30,LOW
2026-09-12 11:19:38,bhagy,FILE MODIFIED,.\audit_log.txt,,NO,29dffb50694d091e549c45719fba3e9660b7fc7dd15ee7f24d175398a6c1e4ec,30,LOW
2026-09-12 11:19:38,bhagy,FILE MODIFIED,.\audit_log.txt,,NO,42e24966c25bd043f3cd9089feb61a495ed23f8975cee5be471ceb116ed73672,30,LOW
2026-09-12 11:19:38,bhagy,FILE MODIFIED,.\audit_log.txt,,NO,6e886fe33b0ed200d7138e63315a51dbe9d91afb4a04cd10f175222d92c2945b,30,LOW
2026-09-12 11:19:39,bhagy,FILE MODIFIED,.\audit_log.txt,,NO,20d050f7cd416e25008586638a05e790ec1d0a27c1b731293204e4434eb83a28,30,LOW
2026-09-12 11:19:39,bhagy,FILE MODIFIED,.\audit_log.txt,,NO,823c7bdb1636422b25d4c273903096d5129bd6df5652b121cc09504c87db41a1,30,LOW
2026-09-12 11:19:39,bhagy,FILE MODIFIED,.\audit_log.txt,,NO,bbdf8a74d7ff25e68f50470974ba4e2e69b209b87795e097741d6f721f2bf240,30,LOW
2026-09-12 11:19:39,bhagy,FILE MODIFIED,.\audit_log.txt,,NO,43670ddf2f915d4a2dd034434d9051c28427e81fb8d808066464a816293423a8,30,LOW
2026-09-12 11:19:39,bhagy,FILE MODIFIED,.\audit_log.txt,,NO,19f9f3abf94d3b49c6634a8dd30c8a91fc6b58699f12c204a89abd3326ecbbf4,30,LOW
2026-09-12 11:19:39,bhagy,FILE MODIFIED,.\audit_log.txt,,NO,24f9085edc780da036fb4403317660258ea67c8b43dcab141dfb3b358e8d0945,30,LOW
2026-09-12 11:19:39,bhagy,FILE MODIFIED,.\audit_log.txt,,NO,629810d7d50cde7419c452c4fefc7e63571b4c9d970a8c06f9c73de6c7af3232,30,LOW
2026-09-12 11:19:39,bhagy,FILE MODIFIED,.\audit_log.txt,,NO,a871b30cee7353c4665fa034d5183be4313a55834e250f0f3b559e730a8e060d,30,LOW
2026-09-12 11:19:39,bhagy,FILE MODIFIED,.\audit_log.txt,,NO,fa457af4d483b93104878f6eef88948278ac7e41bb4f6ed280d3e9738c011eb7,30,LOW
2026-09-12 11:19:39,bhagy,FILE MODIFIED,.\audit_log.txt,,NO,82befd87663ab5463e4c3226f214b481df8a408bc73ad077b6c06f7d26c4babc,30,LOW
2026-09-12 11:19:40,bhagy,FILE MODIFIED,.\audit_log.txt,,NO,6b32600ec2581842f51db9b6d98e8fcf472bf0905431cb3542463f450e60ada6,30,LOW
2026-09-12 11:19:40,bhagy,FILE MODIFIED,.\audit_log.txt,,NO,62bff45beb916d5475614c7d5bf297b1bb5438b6d67d2260f7a6619289e09697,30,LOW
2026-09-12 11:19:40,bhagy,FILE MODIFIED,.\audit_log.txt,,NO,d26c11857243a6554944901290914f0388a3d921c6f4cf2e13dd7047acaa329d,30,LOW
2026-09-12 11:19:40,bhagy,FILE MODIFIED,.\audit_log.txt,,NO,518c00add84339ba36621c9d762cc81aa5be38915034295269866336a3754a70,30,LOW
2026-09-12 11:19:40,bhagy,FILE MODIFIED,.\audit_log.txt,,NO,97848c3c03763865bcb8093f616af780e01177cf716b4bea4a167f461edb614a,30,LOW
2026-09-12 11:19:40,bhagy,FILE MODIFIED,.\audit_log.txt,,NO,d98134412afd5df37fdb1664d21be7ba567f45a3e21e30f7d4e7b1e11ea16db5,30,LOW
2026-09-12 11:19:40,bhagy,FILE MODIFIED,.\audit_log.txt,,NO,0374d75742f0cc7705bdd0ee210652a74bd7dc4a401afbce8df0f8333b744bef,30,LOW
2026-09-12 11:19:40,bhagy,FILE MODIFIED,.\audit_log.txt,,NO,ab0eb98657d7cfca8415e94dd38490078b7c88484ba1b6af1259a491834ee049,30,LOW
2026-09-12 11:19:40,bhagy,FILE MODIFIED,.\audit_log.txt,,NO,de833f19869ed8a504ea13dc4eff2a8157d55f91d05c3cf27e0f3b33ce6120cc,30,LOW
2026-09-12 11:19:41,bhagy,FILE MODIFIED,.\audit_log.txt,,NO,c92a70d23fcc44985307a46928dc4120038a32e370d9a5551ea5565f9e0ffcba,30,LOW
2026-09-12 11:19:41,bhagy,FILE MODIFIED,.\audit_log.txt,,NO,d3b5e1e918d96a3edbdc4df386a7ba490670a39efc00a7b121432ccb5ffa9dda,30,LOW
2026-09-12 11:19:41,bhagy,FILE MODIFIED,.\audit_log.txt,,NO,a6ec19bf8cd8cc929148584adf6c4738f49a10cb336fec7ec10faf4d98a62a43,30,LOW
2026-09-12 11:19:41,bhagy,FILE MODIFIED,.\audit_log.txt,,NO,8278dea958da3c8c0d7da02ffa16f01b0b8ef3cdda3b192c428fb9cc022a65f0,30,LOW
2026-09-12 11:19:41,bhagy,FILE MODIFIED,.\audit_log.txt,,NO,c80958b38e432eb98a1d7566c8f6f61b68d6819cdc7ddfe56e5ae162a56219cf,30,LOW
2026-09-12 11:19:41,bhagy,FILE MODIFIED,.\audit_log.txt,,NO,64c03c009de8ce53ec8fef91433f6218c7caa9a7b085de09b14bc2cd73f8c94f,30,LOW
2026-09-12 11:19:41,bhagy,FILE MODIFIED,.\audit_log.txt,,NO,ec7fb1c493b62cecdd315eb11502aa6b4d3775e405ad3e5b457edd8c3c0cb848,30,LOW
2026-09-12 11:19:41,bhagy,FILE MODIFIED,.\audit_log.txt,,NO,a92955be676a0b2aff8a86a826aa1fc8225f57be0c72e63335999fbb4ff1b4fb,30,LOW
2026-09-12 11:19:41,bhagy,FILE MODIFIED,.\audit_log.txt,,NO,e87ef9f7403f9a39464b1ac153ccec88478465987caef4bf93f225f299c51ac0,30,LOW
2026-09-12 11:19:42,bhagy,FILE MODIFIED,.\audit_log.txt,,NO,e6f6292c155ce9e8f64251248f56b705033f0efa96f982dc3c1578b269f95ab5,30,LOW
2026-09-12 11:19:42,bhagy,FILE MODIFIED,.\audit_log.txt,,NO,b9c9e3c3c4ad30a0e352cd690f531ae27761028994f9322622812b12dc1c25b2,30,LOW
2026-09-12 11:19:42,bhagy,FILE MODIFIED,.\audit_log.txt,,NO,26546d9dc9c264de3807a1d0adc43382b2ade5d5e65c278b7b5e204d44d51ac9,30,LOW
2026-09-12 11:19:42,bhagy,FILE MODIFIED,.\audit_log.txt,,NO,03c30a09fff1978023d90110dafe04caa82813c6fb823e0804198674dd970280,30,LOW
2026-09-12 11:19:42,bhagy,FILE MODIFIED,.\audit_log.txt,,NO,1c4091d504b2efb7f5ed9725e7656965b1a4d00db96a9404d205c7dbfca8f0f8,30,LOW
2026-09-12 11:19:42,bhagy,FILE MODIFIED,.\audit_log.txt,,NO,a7a318f7be68c8e0ac2c077f4cc31e9b73e6218df3425fd4710f4f1997621d7c,30,LOW
2026-09-12 11:19:42,bhagy,FILE MODIFIED,.\audit_log.txt,,NO,7d7ce2ca4f6adea6975c2429a6528f747986f87ded27d7cad2d5ceb459fb92f6,30,LOW
2026-09-12 11:19:42,bhagy,FILE MODIFIED,.\audit_log.txt,,NO,b1ac6d48ace9b99d7058e172aa92a05d0e18111a36d3713833ab91355f62b895,30,LOW
2026-09-12 11:19:42,bhagy,FILE MODIFIED,.\audit_log.txt,,NO,16e49ef07a530e1ee9c19fa4bf7230147293f4a7843b4cf09037fcc73de9da38,30,LOW
2026-09-12 11:19:43,bhagy,FILE MODIFIED,.\audit_log.txt,,NO,2187223fe76bf2fd0a1154205c42ab388df37a21e22d9998a39a787ecf1e8ba6,30,LOW
2026-09-12 11:19:43,bhagy,FILE MODIFIED,.\audit_log.txt,,NO,937387d971c541a9b9f95de4f8b6e9296b3cd5486bc47f1b21ffb573b995ccd0,30,LOW
2026-09-12 11:19:43,bhagy,FILE MODIFIED,.\audit_log.txt,,NO,0c8670b96d5a3dff85da4a195fbe1dd958f83a2176bc3e132ae661031ab9e494,30,LOW
2026-09-12 11:19:43,bhagy,FILE MODIFIED,.\audit_log.txt,,NO,64270fc62400db9156033e39eb8ce6033e98dfdbf96d05acbf112dcc2fe4a9fe,30,LOW
2026-09-12 11:19:43,bhagy,FILE MODIFIED,.\audit_log.txt,,NO,45ff1a8e06036c8a32b3043547985d3f816cc81e0a3d03258288a73d441bc258,30,LOW
2026-09-12 11:19:43,bhagy,FILE MODIFIED,.\audit_log.txt,,NO,52a8f85213d32530564538a4937c05cfd690eb703e6a7b4431aaf4a0ba632fb6,30,LOW
2026-09-12 11:19:43,bhagy,FILE MODIFIED,.\audit_log.txt,,NO,a10798323863d9ae6bb7f8658e15c167436f3fd78606539e689e9c01511fd7be,30,LOW
2026-09-12 11:19:43,bhagy,FILE MODIFIED,.\audit_log.txt,,NO,a3b90487fa446b75adaa368722b1f69f2d86bd9d56fd5a247e0d59ccd8c848f5,30,LOW
2026-09-12 11:19:43,bhagy,FILE MODIFIED,.\audit_log.txt,,NO,feded009cd0b74dc26fb9ab380522fb8134c6cda475608f8cf793362105e4da4,30,LOW
2026-09-12 11:19:44,bhagy,FILE MODIFIED,.\audit_log.txt,,NO,8539615f3f55304e5345d074c5e371aaa7ec5e55ee4519a669f00011d78b4ceb,30,LOW
2026-09-12 11:19:44,bhagy,FILE MODIFIED,.\audit_log.txt,,NO,1aa17b0e1ce432b7742158ee4c76817241a3681df58cc9befa733d3b8c2764cf,30,LOW
2026-09-12 11:19:44,bhagy,FILE MODIFIED,.\audit_log.txt,,NO,98241347a764f46902a164872a455e522e45161660344d5a84e5bc51a2bc4c52,30,LOW
2026-09-12 11:19:44,bhagy,FILE MODIFIED,.\audit_log.txt,,NO,8bd72b864985ad789c05e221a4fa9d5660fda5136684de5d4258cb4a86701513,30,LOW
2026-09-12 11:19:44,bhagy,FILE MODIFIED,.\audit_log.txt,,NO,bab683339453d7cc346c3b90b52f1deeafd832725846be3a0740ef657d0d028a,30,LOW
2026-09-12 11:19:44,bhagy,FILE MODIFIED,.\audit_log.txt,,NO,d1ee745b5def5734ab9614f6bc4c0258cdbd25856644ded8c06af877daec2c69,30,LOW
2026-09-12 11:19:44,bhagy,FILE MODIFIED,.\audit_log.txt,,NO,58771cd2ca71e1204484761102c4fcf44c5e37ccd112ab7a6a877782acf490fe,30,LOW
2026-09-12 11:19:44,bhagy,FILE MODIFIED,.\audit_log.txt,,NO,24edcb925c8bce710ea848ef2df0fb6f255fecb04d37868bd07cc80baaf1fc86,30,LOW
2026-09-12 11:19:44,bhagy,FILE MODIFIED,.\audit_log.txt,,NO,ac0ef3c7b827d6e033b6801bbebeb80a1f8a4c2a36fb420d5519c852427d450d,30,LOW
2026-09-12 11:19:45,bhagy,FILE MODIFIED,.\audit_log.txt,,NO,633944256fec53a34e60a92fb718ba04594d204e075d6649fcd93d72019bda2f,30,LOW
2026-09-12 11:19:45,bhagy,FILE MODIFIED,.\audit_log.txt,,NO,e4597742c3aac8f43b448989b1aa907475b34806476e71a426f6efd6d9daf8ba,30,LOW
2026-09-12 11:19:45,bhagy,FILE MODIFIED,.\audit_log.txt,,NO,03ca52ba8d8debdf65d74d7f7523f77a53fe8f082116d3da2ffba480b656ff76,30,LOW
2026-09-12 11:19:45,bhagy,FILE MODIFIED,.\audit_log.txt,,NO,5f45ca9026b8395f5b7fbdfe426385b101fdb43f4b6e177035c045d7a31b7aa9,30,LOW
2026-09-12 11:19:45,bhagy,FILE MODIFIED,.\audit_log.txt,,NO,835efd897ede88dcfa89c0e077f2f905e95d1d35ffd9fd8610add4633bec9d15,30,LOW
2026-09-12 11:19:45,bhagy,FILE MODIFIED,.\audit_log.txt,,NO,979bcdd27b548ef24ddead0189d5af76e545f46dd2875a20e810890970489cb6,30,LOW
2026-09-12 11:19:45,bhagy,FILE MODIFIED,.\audit_log.txt,,NO,a39e042f19705af565862d71753705f53a6d10a829c656d73231190f49da696b,30,LOW
2026-09-12 11:19:45,bhagy,FILE MODIFIED,.\audit_log.txt,,NO,774f3b20909ca3bbdfeeeb94e311c62ee1ee6143465365f6724f336297f73e9c,30,LOW
2026-09-12 11:19:45,bhagy,FILE MODIFIED,.\audit_log.txt,,NO,ea09b73d878418eb9cd6ef785f1d1fc07fe26e448fabc6ef0fb38e05a12bb2cd,30,LOW
2026-09-12 11:19:45,bhagy,FILE MODIFIED,.\audit_log.txt,,NO,ffb48f1d1fee4483aa46ab6a4f86e89c33468576e1975ddc1a4b992447a3f76a,30,LOW
2026-09-12 11:19:46,bhagy,FILE MODIFIED,.\audit_log.txt,,NO,b4dd7d0b0e0056a38b3aaaa5ef615ec20cbab306903214da4267458b73075aaa,30,LOW
2026-09-12 11:19:46,bhagy,FILE MODIFIED,.\audit_log.txt,,NO,5ed732af305f5bbf58b805dbb7d0c6bca8d5e6c5ab90cb556f01dc96729c88f9,30,LOW
2026-09-12 11:19:46,bhagy,FILE MODIFIED,.\audit_log.txt,,NO,6e73c8d82aef993040e1d85bc90577b07cf15012e902a4cbf927da829511a12d,30,LOW
2026-09-12 11:19:46,bhagy,FILE MODIFIED,.\audit_log.txt,,NO,7e0e25ce25c7b62a72ac9410b74e8d79aac5eac2d88f5f9d1537a555c02cbd31,30,LOW
2026-09-12 11:19:46,bhagy,FILE MODIFIED,.\audit_log.txt,,NO,04c62022bee6dff4e28f1ec104f5f5abffd4e3cd740a59ea265db019d8b008b4,30,LOW
2026-09-12 11:19:46,bhagy,FILE MODIFIED,.\audit_log.txt,,NO,424b650f47b80ce60ee4392f05dbf56301317431937ac622154929a48991a34b,30,LOW
2026-09-12 11:19:46,bhagy,FILE MODIFIED,.\audit_log.txt,,NO,305b964ec1a3844ab8b01ce2527084db7955f88c7f3053672d87d1c41136a182,30,LOW
2026-09-12 11:19:46,bhagy,FILE MODIFIED,.\audit_log.txt,,NO,b7c9c4b83d068c070b620c72c7e439e946ad1bfa43fe89cb2103235ef6f64942,30,LOW
2026-09-12 11:19:46,bhagy,FILE MODIFIED,.\audit_log.txt,,NO,ee73c64113524951f25c7af7e3413394ea2ee901f569b5dc82f2eff55db7f853,30,LOW
2026-09-12 11:19:46,bhagy,FILE MODIFIED,.\audit_log.txt,,NO,623309de5e5ca2c91c9eeab65a0fdce02b9b7d910a09e32c4bb1e7b2acb20b20,30,LOW
2026-09-12 11:19:47,bhagy,FILE MODIFIED,.\audit_log.txt,,NO,c0649ca3c452ebed617ebad0f09b5ac5a3abc1de95075ec32cd0445261de7856,30,LOW
2026-09-12 11:19:47,bhagy,FILE MODIFIED,.\audit_log.txt,,NO,f81ea6f44434de3bc32cee1d0dad710a755abaf67849529c00773396b5296b66,30,LOW
2026-09-12 11:19:47,bhagy,FILE MODIFIED,.\audit_log.txt,,NO,6eb171c7d05ae141b86f820e46e06c1567a82de9d952eae467b6e95b5cf86bb0,30,LOW
2026-09-12 11:19:47,bhagy,FILE MODIFIED,.\audit_log.txt,,NO,7da2e93485b4d3f463eda4e996fe04ce47b814cfb39e02329caf6a11ab35c24c,30,LOW
2026-09-12 11:19:47,bhagy,FILE MODIFIED,.\audit_log.txt,,NO,f5cc2f580fd95c0be4272d6fd6c5a5b66c27c07c64f1379cb8bcc804b5b6e435,30,LOW
2026-09-12 11:19:47,bhagy,FILE MODIFIED,.\audit_log.txt,,NO,60e49f038ec4dd30cd6e522c7298560b8fc7afa404d69b1d29ef1b7f9300a1bd,30,LOW
2026-09-12 11:19:47,bhagy,FILE MODIFIED,.\audit_log.txt,,NO,80e3adb73a46c490957b0cd45ea017056dd07a2e35c9a6b23577f480df7d894b,30,LOW
2026-09-12 11:19:47,bhagy,FILE MODIFIED,.\audit_log.txt,,NO,527030e1cac3a30a731abedeaf0e88efe8f4a7d5e9ad02200b1bf5845cf5c1bf,30,LOW
2026-09-12 11:19:47,bhagy,FILE MODIFIED,.\audit_log.txt,,NO,d6bb20ad40afa84e4f8a4ffe778d5cb0294d68a9ba3ecf989b33b73bd54f6f12,30,LOW
2026-09-12 11:19:47,bhagy,FILE MODIFIED,.\audit_log.txt,,NO,68df228db7ce6c1684db9199b571b4691c08980980aca1612e789f87c43a7b80,30,LOW
2026-09-12 11:19:47,bhagy,FILE MODIFIED,.\audit_log.txt,,NO,b57822f5b16aa7ea4240602b404ce00cb18b7bf92d310a14ac777771a8a3432b,30,LOW
2026-09-12 11:19:48,bhagy,FILE MODIFIED,.\audit_log.txt,,NO,e87136902efc82d26cbb5a646b04bde040422f98c1fc34da795e9b68a67bd107,30,LOW
2026-09-12 11:19:48,bhagy,FILE MODIFIED,.\audit_log.txt,,NO,880642452ff554fc2525ba4954a6d6706b4712aa8aa603c9fa0bd63f7de39fb7,30,LOW
2026-09-12 11:19:48,bhagy,FILE MODIFIED,.\audit_log.txt,,NO,bf95677a7f51440eb00b88b4e770a1abbe77c157b8052c83554d33295d4014ef,30,LOW
2026-09-12 11:19:48,bhagy,FILE MODIFIED,.\audit_log.txt,,NO,c0d7dd4be3b9b514d2c1861a6f4562ad3e458e45cebe215de1a2b807fe494b4b,30,LOW
2026-09-12 11:19:48,bhagy,FILE MODIFIED,.\audit_log.txt,,NO,ca4fd3b2c786d677da58bc05e336a0247d2591f390e7c14f2c1110827751c5d3,30,LOW
2026-09-12 11:19:48,bhagy,FILE MODIFIED,.\audit_log.txt,,NO,6af807a3f67965ddab34c6aecb50c61181aa0bf8d11d245bcbc9c78f173262b9,30,LOW
2026-09-12 11:19:48,bhagy,FILE MODIFIED,.\audit_log.txt,,NO,0bf049e06dad63e3853a5aff0f7ae25efcafa0d43af01131c24dc84c97f55c1e,30,LOW
2026-09-12 11:19:48,bhagy,FILE MODIFIED,.\audit_log.txt,,NO,98ba38207b478b3b79fff61a63e0d2ce60f43a600e0482e556cd2e08516aaa89,30,LOW
2026-09-12 11:19:48,bhagy,FILE MODIFIED,.\audit_log.txt,,NO,be7165dffbaa8f759806ddd3c886b6716f47a801dcfa8308e01b0b3dbd268cf4,30,LOW
2026-09-12 11:19:49,bhagy,FILE MODIFIED,.\audit_log.txt,,NO,f67b5139e3e16cb5598aec467b72f4493e2458272c4905ea720bd9455b3176da,30,LOW
2026-09-12 11:19:49,bhagy,FILE MODIFIED,.\audit_log.txt,,NO,c49b33999223999c0f33ca84f52ea6bb91826fb8b4129c8ff75e80aaf73fa113,30,LOW
2026-09-12 11:19:49,bhagy,FILE MODIFIED,.\audit_log.txt,,NO,8137076b34aaa4af2437cfeed6da26ab525bf77c433415531df65c669641fe08,30,LOW
2026-09-12 11:19:49,bhagy,FILE MODIFIED,.\audit_log.txt,,NO,29fada03b095bef560c2e141672b785e3e15a9d7f1847da37d9f88182449610e,30,LOW
2026-09-12 11:19:49,bhagy,FILE MODIFIED,.\audit_log.txt,,NO,bd773979ff66d9dda35ead2f6db3db261f5875c8f3cfa21da8f8ea80c89308b7,30,LOW
2026-09-12 11:19:49,bhagy,FILE MODIFIED,.\audit_log.txt,,NO,cb25fb9e136256d1602b08c61367b286f979c07c3cdf58dc34e03c473284b08b,30,LOW
2026-09-12 11:19:49,bhagy,FILE MODIFIED,.\audit_log.txt,,NO,4c394eb668d837d7b22376d6b482f4120f4391b4c3501d21fdafb597a51b26fa,30,LOW
2026-09-12 11:19:49,bhagy,FILE MODIFIED,.\audit_log.txt,,NO,40d8149d0e267eedfffde491b30c46f04a19df635dfa02cde344dbc7b3a50f10,30,LOW
2026-09-12 11:19:49,bhagy,FILE MODIFIED,.\audit_log.txt,,NO,712899c6da61723330261bf54f68846932843046230bc553324aab06b267a575,30,LOW
2026-09-12 11:19:49,bhagy,FILE MODIFIED,.\audit_log.txt,,NO,5a562f4eed33c10779c4e8d1cc08c04dc6641802aafcbf09527b2a63c6ae3c4c,30,LOW
2026-09-12 11:19:50,bhagy,FILE MODIFIED,.\audit_log.txt,,NO,47c3cd836187d66c8e83f23d73faf1b1547c4787a39f0c4098ead53319080e55,30,LOW
2026-09-12 11:19:50,bhagy,FILE MODIFIED,.\audit_log.txt,,NO,fe20aee4d039dff608acef38f919a2ed5239a9ec7bd99ba8012e0007787f0161,30,LOW
2026-09-12 11:19:50,bhagy,FILE MODIFIED,.\audit_log.txt,,NO,2d689fa102a3872b3119d63d0810aa3f8ac2a79dcb195f17facd54a0306d0b6f,30,LOW
2026-09-12 11:19:50,bhagy,FILE MODIFIED,.\audit_log.txt,,NO,e216c3885c355309c0a3bd29231f45219f5a1d56e31fc6cc0bcafaf7b6e9d801,30,LOW
2026-09-12 11:19:50,bhagy,FILE MODIFIED,.\audit_log.txt,,NO,6d88126192503121197657308ab1ec23373dd529ea1e88760ee2984032ad0c6a,30,LOW
2026-09-12 11:19:50,bhagy,FILE MODIFIED,.\audit_log.txt,,NO,16a18ede6f5649510c29d872879bb0934efffa41d2c306d54f3db1ad20bdd0a7,30,LOW
2026-09-12 11:19:50,bhagy,FILE MODIFIED,.\audit_log.txt,,NO,7789d6d6b6634fbdfa41427c264fdcd9de41a366243d31504ffe8380e298baa0,30,LOW
2026-09-12 11:19:50,bhagy,FILE MODIFIED,.\audit_log.txt,,NO,cb9a19784cc0094eb1486af56701dd8e8692efd1da541e9b947224e9b0efd5a0,30,LOW
2026-09-12 11:19:50,bhagy,FILE MODIFIED,.\audit_log.txt,,NO,9c806077e3f7283231ed5050f032889fe7ba41350f7a607397824517de8d73c7,30,LOW
2026-09-12 11:19:50,bhagy,FILE MODIFIED,.\audit_log.txt,,NO,51058260ac2b4520ea643e8a33f9776e1ac499218093470a6ee3e8b52e3a1202,30,LOW
2026-09-12 11:19:51,bhagy,FILE MODIFIED,.\audit_log.txt,,NO,de0bcb49378e75f9fcc5c213e338766e9038b00571a3fb07a42898646cd3451b,30,LOW
2026-09-12 11:19:51,bhagy,FILE MODIFIED,.\audit_log.txt,,NO,c9287bb86f9d37e67bb1c9ff14effb936d226cde1315f676ae27f47ac2cb45da,30,LOW
2026-09-12 11:19:51,bhagy,FILE MODIFIED,.\audit_log.txt,,NO,06482c264dd252035ffd5fea9fd6c1b84a7ff6b230cab8705869b8bb13b45f3a,30,LOW
2026-09-12 11:19:51,bhagy,FILE MODIFIED,.\audit_log.txt,,NO,b45f97e429db20d109ff0d52760af384bdbed2e6ab67a0103a58dc31aeb30906,30,LOW
2026-09-12 11:19:51,bhagy,FILE MODIFIED,.\audit_log.txt,,NO,4d3e13665ac73eadf4f1a947960205545fbe8475f309eaad73cfb2778d0dc859,30,LOW
2026-09-12 11:19:51,bhagy,FILE MODIFIED,.\audit_log.txt,,NO,01f45627b3a7a4a66dce4d590021d1b38b750d1faa441cae311bb1c867e0665f,30,LOW
2026-09-12 11:19:51,bhagy,FILE MODIFIED,.\audit_log.txt,,NO,9522d51f5815d7d122fa055039f8f2c4643e3551a290a9317b5f9885b2ac363d,30,LOW
2026-09-12 11:19:51,bhagy,FILE MODIFIED,.\audit_log.txt,,NO,51a5e6704e4d72201cd824be7480aafc8d68ee763ab128304ee4283245a44c86,30,LOW
2026-09-12 11:19:51,bhagy,FILE MODIFIED,.\audit_log.txt,,NO,711298e81ae4d8b6710105d22086ac2976a3f034c453da3e77335849402f2248,30,LOW
2026-09-12 11:19:51,bhagy,FILE MODIFIED,.\audit_log.txt,,NO,6eaa5cbdc76add450f42f4a0efa7983f374e9243ff96315cb10ac6231ed51c49,30,LOW
2026-09-12 11:19:52,bhagy,FILE MODIFIED,.\audit_log.txt,,NO,d63a7a87055b41cbef85f2659d8f4710e1119b647e883d92f1485e4dd346fab9,30,LOW
2026-09-12 11:19:52,bhagy,FILE MODIFIED,.\audit_log.txt,,NO,669e29d907533df793d395974c31dde14b028aab766db60907d9f8004b74e360,30,LOW
2026-09-12 11:19:52,bhagy,FILE MODIFIED,.\audit_log.txt,,NO,8b7b4a8f8dfbb0c62cfa98c3762c762db9b95ac8f3956b906418b876ea270cd4,30,LOW
2026-09-12 11:19:52,bhagy,FILE MODIFIED,.\audit_log.txt,,NO,e6466f8103ebd010175d9f5505dedf19ebab381f53e3505c2b7a7cbb6af937c6,30,LOW
2026-09-12 11:19:52,bhagy,FILE MODIFIED,.\audit_log.txt,,NO,868a14a7bedd676d05a898c04f3c23aca7d1ab44fc8e9a302cb827b8995b7309,30,LOW
2026-09-12 11:19:52,bhagy,FILE MODIFIED,.\audit_log.txt,,NO,11fff04690a80ddd14329371e58437c437bc6e6c0ca6122b36876bb91d15eedf,30,LOW
2026-09-12 11:19:52,bhagy,FILE MODIFIED,.\audit_log.txt,,NO,32d50e2ca797dee4f1efafe69d0c0db90e1658660f85e518d8212ff3c1c6eafe,30,LOW
2026-09-12 11:19:52,bhagy,FILE MODIFIED,.\audit_log.txt,,NO,9136142ef7f9b571b5e420ca9f1c73da9901b1c7324907c498598a3bde5bbbbc,30,LOW
2026-09-12 11:19:52,bhagy,FILE MODIFIED,.\audit_log.txt,,NO,9f4940e720f5d30f8b2dc4bb7eed42af01273b8404cb2e8b0fb1ed45ec6216e2,30,LOW
2026-09-12 11:19:52,bhagy,FILE MODIFIED,.\audit_log.txt,,NO,2f92bf5ef211029e3bca9e380a3e95f4bf163ffd0a934ac73e57b88c53c42d78,30,LOW
2026-09-12 11:19:53,bhagy,FILE MODIFIED,.\audit_log.txt,,NO,a1379ebf950dd60cbf019a084c191016bb8b2d27436184cf9316737c9bd0d85d,30,LOW
2026-09-12 11:19:53,bhagy,FILE MODIFIED,.\audit_log.txt,,NO,a8b4a594658bc7216431c064a351a930c2176f788f7eaed12cb978e42a11119a,30,LOW
2026-09-12 11:19:53,bhagy,FILE MODIFIED,.\audit_log.txt,,NO,12ec9ebe2896067c21bba0afda7f438bc90b2570a148608d70df078a6d7c419e,30,LOW
2026-09-12 11:19:53,bhagy,FILE MODIFIED,.\audit_log.txt,,NO,c6cdf7500d2e278da96ca735e2365ecf07d7a378ae61c85fb929ab6ce217c30a,30,LOW
2026-09-12 11:19:53,bhagy,FILE MODIFIED,.\audit_log.txt,,NO,02a4f0d9ff334974f56230f2d264b935f3d427ba1d6723b850470a80b6bc3a7a,30,LOW
2026-09-12 11:19:53,bhagy,FILE MODIFIED,.\audit_log.txt,,NO,8fef7fc42662a19275830334253d8518a7289933eff7b5c135ba70e445784efc,30,LOW
2026-09-12 11:19:53,bhagy,FILE MODIFIED,.\audit_log.txt,,NO,45d15b0a890a1c94874986bee53961c94efc27fa5499193cf5e280df621ac47b,30,LOW
2026-09-12 11:19:53,bhagy,FILE MODIFIED,.\audit_log.txt,,NO,a629615921d6ba749b1c54f4603fef39c1eeda5e9cd3153df3ffec14f55ed7a3,30,LOW
2026-09-12 11:19:53,bhagy,FILE MODIFIED,.\audit_log.txt,,NO,399e057735b338d876faf23b63030857a751184620961182322f575ce85132bc,30,LOW
2026-09-12 11:19:53,bhagy,FILE MODIFIED,.\audit_log.txt,,NO,dd9a91226d68317cdee267126abb5ff91ba9a21dc5f78afcbb5b718494f86584,30,LOW
2026-09-12 11:19:54,bhagy,FILE MODIFIED,.\audit_log.txt,,NO,a3a11078ac3091465fd913900dce5ee9c2def000f87660ada722435b77e2e997,30,LOW
2026-09-12 11:19:54,bhagy,FILE MODIFIED,.\audit_log.txt,,NO,278c52857e9fa9c56fb9db0b4a6f92ef45e204755679968c79066bc6cb004065,30,LOW
2026-09-12 11:19:54,bhagy,FILE MODIFIED,.\audit_log.txt,,NO,ed450330e11aa0ae704d020fd402d8a6ef5c73aeb4a46a18cef3c43d7f2f997c,30,LOW
2026-09-12 11:19:54,bhagy,FILE MODIFIED,.\audit_log.txt,,NO,6eb890ed10ae92dd629005e8e9e46b196ff1564c71c1edf1d6469d5d75585e29,30,LOW
2026-09-12 11:19:54,bhagy,FILE MODIFIED,.\audit_log.txt,,NO,c7a7a578d6758f5662d5094e9b31327ae5e37baa476a806a428883ccda25832e,30,LOW
2026-09-12 11:19:54,bhagy,FILE MODIFIED,.\audit_log.txt,,NO,334dcf37ccfa0a8f0f48edccda644799e6b258793867d9a67a05a4955039ebe6,30,LOW
2026-09-12 11:19:54,bhagy,FILE MODIFIED,.\audit_log.txt,,NO,41204f9813ef05863f8bd170083f375b4d456a8e78caa0647f11d9d34c10baf5,30,LOW
2026-09-12 11:19:54,bhagy,FILE MODIFIED,.\audit_log.txt,,NO,70a2a07df5b5a23a26e95e853e0b7f1ac7513af57151c8a3993676519295f5a2,30,LOW
2026-09-12 11:19:54,bhagy,FILE MODIFIED,.\audit_log.txt,,NO,a228f593355c368f77d754ca3f14e0748b2fff63ae3b6a768438797b5fabf439,30,LOW
2026-09-12 11:19:55,bhagy,FILE MODIFIED,.\audit_log.txt,,NO,b0e03946e4e64133a62e4a3d2459f3af4464e8947076db71fe760f0000e3a199,30,LOW
2026-09-12 11:19:55,bhagy,FILE MODIFIED,.\audit_log.txt,,NO,3794753285d0338db727605038cfb97a76f7b733da28fbbcd921cdd393e410c5,30,LOW
2026-09-12 11:19:55,bhagy,FILE MODIFIED,.\audit_log.txt,,NO,3b858afc8635d8f46446027c5374861fb917c47abcd3413f5ac53a153b78b192,30,LOW
2026-09-12 11:19:55,bhagy,FILE MODIFIED,.\audit_log.txt,,NO,be8de24e68893d93770219778884912a86576f27e11584f86f4b7ffdcf02b35a,30,LOW
2026-09-12 11:19:55,bhagy,FILE MODIFIED,.\audit_log.txt,,NO,0661e0a5aa5c606ab9b6c6bfa53c4277529c9f4d21e73bb18cdcaaaad4a16ca4,30,LOW
2026-09-12 11:19:55,bhagy,FILE MODIFIED,.\audit_log.txt,,NO,8f2b998811137d205d3348611a9e2cc758c18d017a3a7941872639dadadb1f4b,30,LOW
2026-09-12 11:19:55,bhagy,FILE MODIFIED,.\audit_log.txt,,NO,87a3530de4552e90f70ce36f9c06e3b95bbcf15bb0307fca496f4da89382c91d,30,LOW
2026-09-12 11:19:55,bhagy,FILE MODIFIED,.\audit_log.txt,,NO,d77123e8047f50f9fd9bf0ea6f89888dd274e0f0e60229755edf2a575e7c55f5,30,LOW
2026-09-12 11:19:55,bhagy,FILE MODIFIED,.\audit_log.txt,,NO,c2497df87a04682dd4db22a020e8a21b0303ae9034f9c7e454cff988b863d468,30,LOW
2026-09-12 11:19:55,bhagy,FILE MODIFIED,.\audit_log.txt,,NO,5dcfadc6c36d854cc48156d4020505bd69ccda37fb12c17a5d615ad1840c5fa2,30,LOW
2026-09-12 11:19:55,bhagy,FILE MODIFIED,.\audit_log.txt,,NO,db0eb61d204f0dcfc0c43093094076d1cf869a5707557366c1fa527c545f8c54,30,LOW
2026-09-12 11:19:56,bhagy,FILE MODIFIED,.\audit_log.txt,,NO,2cc92f2b9ac4ecc0a323651b8e9bc95d335737cdee0749db8addb3f5c6e988a5,30,LOW
2026-09-12 11:19:56,bhagy,FILE MODIFIED,.\audit_log.txt,,NO,092cd2390e255c47be35f80fa4b3220e35a74391e5a21f4adf6961599d1bcc38,30,LOW
2026-09-12 11:19:56,bhagy,FILE MODIFIED,.\audit_log.txt,,NO,c33ff642a9eb586e01ef7790d23bd922fa6cd417f5887bb0b579f88aa72010e5,30,LOW
2026-09-12 11:19:56,bhagy,FILE MODIFIED,.\audit_log.txt,,NO,7228af22d246a3955a2406d1c5075c098b51cb5c06d01ad744e4d7f34f285d04,30,LOW
2026-09-12 11:19:56,bhagy,FILE MODIFIED,.\audit_log.txt,,NO,7d1d7b30de70637bf3d5fc6afc6ea38e11152dc30ad24595be49121a51bac1ad,30,LOW
2026-09-12 11:19:56,bhagy,FILE MODIFIED,.\audit_log.txt,,NO,29439847b0d53fef9f26199c462537c4bac5d580f1a6f16231aa117624fa1582,30,LOW
2026-09-12 11:19:56,bhagy,FILE MODIFIED,.\audit_log.txt,,NO,4d2132915d655e4856fdc24362344d83416d881dc577c13becfc912e281b03ff,30,LOW
2026-09-12 11:19:56,bhagy,FILE MODIFIED,.\audit_log.txt,,NO,b141adb0cd2788aa490346aa42c0b1d0e23cfecbb3e0994227e20c8f5bdb67b4,30,LOW
2026-09-12 11:19:56,bhagy,FILE MODIFIED,.\audit_log.txt,,NO,56755022516a870d5bda5e3b0480e0137ce0b63144d231e2a687309566c2b8e4,30,LOW
2026-09-12 11:19:56,bhagy,FILE MODIFIED,.\audit_log.txt,,NO,a1e1efb5a4d8a66d0c4fe40ae6af8cdf34688836ebf1bfbc0c795be6104ebce8,30,LOW
2026-09-12 11:19:57,bhagy,FILE MODIFIED,.\audit_log.txt,,NO,c4b86296f6e5303675dacc64208c529f1d92fdfcf12496ac3551a92f11216bbb,30,LOW
2026-09-12 11:19:57,bhagy,FILE MODIFIED,.\audit_log.txt,,NO,7d35bc3e252f3d3e9dea41ff0806dae0824ef3a19e77b1d1a563ab7d7ce5e5fb,30,LOW
2026-09-12 11:19:57,bhagy,FILE MODIFIED,.\audit_log.txt,,NO,a716bbadb0fce6f6b6e55de6cea29afe75e98c98a230a56a0d9c7e98ec3a80de,30,LOW
2026-09-12 11:19:57,bhagy,FILE MODIFIED,.\audit_log.txt,,NO,f5507d07540fd1d014c9dcbc7bb20b0bf56c61a2b67389b474c38f5621ad99ed,30,LOW
2026-09-12 11:19:57,bhagy,FILE MODIFIED,.\audit_log.txt,,NO,c3b21c2d0890f11ce66d14f0196c3d7e2248cca3dc01c3e10e754bb81d731de2,30,LOW
2026-09-12 11:19:57,bhagy,FILE MODIFIED,.\audit_log.txt,,NO,77e70057e671325bae0dab2fa136d92ef4418306b03bfc77b563a1ea3901cb34,30,LOW
2026-09-12 11:19:57,bhagy,FILE MODIFIED,.\audit_log.txt,,NO,7bf2f386f89f751e38e9c6a3ca7a80e2c50e5b69fd1a06ea8d412827f9376833,30,LOW
2026-09-12 11:19:58,bhagy,FILE MODIFIED,.\audit_log.txt,,NO,f82fb52ef6301a0a7bc87e97f507b1c1a41114ea116216f794f9b97b1b686e66,30,LOW
2026-09-12 11:19:58,bhagy,FILE MODIFIED,.\audit_log.txt,,NO,e7c391583b3f4de393db445658ab0c34bcb746e17b7436cadfb7edba1b53799d,30,LOW
2026-09-12 11:19:58,bhagy,FILE MODIFIED,.\audit_log.txt,,NO,97ff44bbe74c1a0a470e4f4faf9bbf63c95ebb2d78ff4559c70c670cf49f3563,30,LOW
2026-09-12 11:19:58,bhagy,FILE MODIFIED,.\audit_log.txt,,NO,6173576abff2e43f4b263ad66b81a6a015fbcb3785318ed33f44cb92ef7b51ef,30,LOW
2026-09-12 11:19:58,bhagy,FILE MODIFIED,.\audit_log.txt,,NO,c41a9d967ce6e4167227b035636a5e898a4b5804c3956648ae4217b9061d011d,30,LOW
2026-09-12 11:19:58,bhagy,FILE MODIFIED,.\audit_log.txt,,NO,987a1e29c62666b40df6c11855021a0dfed84cb331a3307eb5d06684169a14c7,30,LOW
2026-09-12 11:19:58,bhagy,FILE MODIFIED,.\audit_log.txt,,NO,155c4edbbcb6d20a7eb617e0a9d703f15cabbc4ecf140bea23dba907dd2ec32d,30,LOW
2026-09-12 11:19:58,bhagy,FILE MODIFIED,.\audit_log.txt,,NO,3f1066b3de22f553ea48daf4a97c8b46037b064fdbed9d69b31e593a6b2f936c,30,LOW
2026-09-12 11:19:59,bhagy,FILE MODIFIED,.\audit_log.txt,,NO,59b74f1a053f84b91e110aecc5eae86a71d8798201b2ce38672c6e8753dc59b4,30,LOW
2026-09-12 11:19:59,bhagy,FILE MODIFIED,.\audit_log.txt,,NO,11a71781ce74e3a7c12d94f1599ad1f7edbafd8bfa9fef0e174b94caf4933484,30,LOW
2026-09-12 11:19:59,bhagy,FILE MODIFIED,.\audit_log.txt,,NO,900b011cafcc6b45e4ec86f41ac9a737b4d583b351f50ca851b0938bdfb18baf,30,LOW
2026-09-12 11:19:59,bhagy,FILE MODIFIED,.\audit_log.txt,,NO,405e43c960c77f7c8cf3db76c1be35ea6dd2b92b99b97f7714a22e190e53bc37,30,LOW
2026-09-12 11:19:59,bhagy,FILE MODIFIED,.\audit_log.txt,,NO,121473994ce6a41de1906010b7ccbd6f8b2ec143061a24268d6460f0846f62e4,30,LOW
2026-09-12 11:19:59,bhagy,FILE MODIFIED,.\audit_log.txt,,NO,8a8a83b6dab7c10d3775b1a64d0bb88b22f746d3bae615bc12d4d295c712c2bb,30,LOW
2026-09-12 11:19:59,bhagy,FILE MODIFIED,.\audit_log.txt,,NO,2a5d247742f93ebabcd0ff0de2ca7674133438c643d1dcff3076df45fe147877,30,LOW
2026-09-12 11:20:00,bhagy,FILE MODIFIED,.\audit_log.txt,,NO,9a392efccc9389918718f13c6b3386012376c897520682bb0745a7b724ad341a,30,LOW
2026-09-12 11:20:00,bhagy,FILE MODIFIED,.\audit_log.txt,,NO,473e9b87b882ac1b1a63efee4bbc1d19453e99d65e3dd3c308e7e496d6be3ffb,30,LOW
2026-09-12 11:20:00,bhagy,FILE MODIFIED,.\audit_log.txt,,NO,6e579e39334c52c538af9eb0d24053c92f7825b9986ccab1ffde22eb8b61c2d7,30,LOW
2026-09-12 11:20:00,bhagy,FILE MODIFIED,.\audit_log.txt,,NO,724d49bc88ba25d19b0ea050268ebee684917656108c2289030a2dcc4e4917aa,30,LOW
2026-09-12 11:20:00,bhagy,FILE MODIFIED,.\audit_log.txt,,NO,4cdab63d9a49a24146e791d3de468e8ec59ad614f1a098dc8c902cfcf5f5e88c,30,LOW
2026-09-12 11:20:00,bhagy,FILE MODIFIED,.\audit_log.txt,,NO,a423be5833497b6c81d2ff5fa7c42bb526f1e8a90dce3f48c841318b9dd82354,30,LOW
2026-09-12 11:20:01,bhagy,FILE MODIFIED,.\audit_log.txt,,NO,602915da7a6f313810eafbb1e4dd3be8791cc1dd3685cc35b548727446b775c1,30,LOW
2026-09-12 11:20:01,bhagy,FILE MODIFIED,.\audit_log.txt,,NO,8aaa83a931a44ebe70d05a1657fc61acc968145d1ef8d262adcc84d457faec91,30,LOW
2026-09-12 11:20:01,bhagy,FILE MODIFIED,.\audit_log.txt,,NO,36bdbbbe6e0b12e2ca2b72121cac4aaff2025057c9ac54f6401c194c45cc08c5,30,LOW
2026-09-12 11:20:01,bhagy,FILE MODIFIED,.\audit_log.txt,,NO,fb69b35b3124c23329d6839d36a112150d53afe73c36f09e47f46f5e7e6db533,30,LOW
2026-09-12 11:20:01,bhagy,FILE MODIFIED,.\audit_log.txt,,NO,2c3332a3f5e76398a7d1b94316d9963b150b031f49b3a5d0ec7f7d94862eb6d6,30,LOW
2026-09-12 11:20:01,bhagy,FILE MODIFIED,.\audit_log.txt,,NO,b239d9ff5077b88b91372031976511aa432f5323d306d524ef16c890ce83a413,30,LOW
2026-09-12 11:20:02,bhagy,FILE MODIFIED,.\audit_log.txt,,NO,2ee941ea188c8c525f4d260eb2b2b4dec1d0c3c36d7b93564c6db1e0c8b4f7d4,30,LOW
2026-09-12 11:20:02,bhagy,FILE MODIFIED,.\audit_log.txt,,NO,67ecd86a505f5dcaf7f9f214ae021e912fcc08cc3d804ad3410a5f1b5e69b010,30,LOW
2026-09-12 11:20:02,bhagy,FILE MODIFIED,.\audit_log.txt,,NO,02e90fc934bb70733a79c1465ba9d8a52dcf91c6dd52e4057b1a7a7e47b5703f,30,LOW
2026-09-12 11:20:02,bhagy,FILE MODIFIED,.\audit_log.txt,,NO,40206246634e71138efba18a4f2d564802828b5a094000d37c8be1eb72ca5e23,30,LOW
2026-09-12 11:20:03,bhagy,FILE MODIFIED,.\audit_log.txt,,NO,1a229af5f7b84b33cc09b636179a9a3ede8f9489917969eb3d4790f62cf704fa,30,LOW
2026-09-12 11:20:03,bhagy,FILE MODIFIED,.\audit_log.txt,,NO,bed6486e1bb3cd8de9325a00f7a0467b53c0accde2c5d589979441a521434f7e,30,LOW
2026-09-12 11:20:03,bhagy,FILE MODIFIED,.\audit_log.txt,,NO,8f9073805b64ba6bda03c88ebf7b8cbbe541262e84bb09470ece059ca3b4a488,30,LOW
2026-09-12 11:20:03,bhagy,FILE MODIFIED,.\audit_log.txt,,NO,072b84d539eb9d992c09a1855e53db4f318f0433276cd8fed106e71f9403b6c2,30,LOW
2026-09-12 11:20:03,bhagy,FILE MODIFIED,.\audit_log.txt,,NO,012d120f67f817e2666b63385fe41e5f1652624a3a024203afb52fd16d875328,30,LOW
2026-09-12 11:20:04,bhagy,FILE MODIFIED,.\audit_log.txt,,NO,3e2b693249a493d267335e56dc9267d43361200dae4b644be2e40754eec8ad83,30,LOW
2026-09-12 11:20:04,bhagy,FILE MODIFIED,.\audit_log.txt,,NO,7cc5fb2390213e48af2919e688e05926d68cdd2774cc6ba6f901cc27e8607ee2,30,LOW
2026-09-12 11:20:04,bhagy,FILE MODIFIED,.\audit_log.txt,,NO,6cddde8f72c4d8d324e83cd9f4dfb20987ef3b7196fd5f0d4602c328c7f26998,30,LOW
2026-09-12 11:20:04,bhagy,FILE MODIFIED,.\audit_log.txt,,NO,2c6b73cca3b660c04253c5942b105c62e63fc98331c5674409ae2ed4e935a1f5,30,LOW
2026-09-12 11:20:04,bhagy,FILE MODIFIED,.\audit_log.txt,,NO,b2c4206ffd713a03caa4791b44afa300595fa3e09bfdeceb958f42a742dadf4f,30,LOW
2026-09-12 11:20:05,bhagy,FILE MODIFIED,.\audit_log.txt,,NO,441a2f94a3a0b2d724eb097bae44b6df7ee91564913647f8da0c6015af60e718,30,LOW
2026-09-12 11:20:05,bhagy,FILE MODIFIED,.\audit_log.txt,,NO,7d4e15c92f00c9c0a26a5ca564e2ce15bebf374694ef0833735537c56cd599ae,30,LOW
2026-09-12 11:20:05,bhagy,FILE MODIFIED,.\audit_log.txt,,NO,952841e85ca912b8b11398254257f549f6ac7f115f6bb54db827412cfb94c237,30,LOW
2026-09-12 11:20:05,bhagy,FILE MODIFIED,.\audit_log.txt,,NO,85d65236f44eb1b6410c10898f06df713dab2c45dbef7d1eac8badfd8b9fd78f,30,LOW
2026-09-12 11:20:05,bhagy,FILE MODIFIED,.\audit_log.txt,,NO,ed5c5aafcb5f973efbb6f75b025c2161629fe7880c74be1e5ef5ad29cee53358,30,LOW
2026-09-12 11:20:06,bhagy,FILE MODIFIED,.\audit_log.txt,,NO,bd04b0614265236d28e251074381358e0706942f4150bfa0c66c580edab48549,30,LOW
2026-09-12 11:20:06,bhagy,FILE MODIFIED,.\audit_log.txt,,NO,a724c4bd9137778af6fca40aaee26828c668fbec0f0a56086f21fe30ca7d1b88,30,LOW
2026-09-12 11:20:06,bhagy,FILE MODIFIED,.\audit_log.txt,,NO,f22d01146734fa69b2c4007b4466bb64bf729e16b0a28cf7088846507aa02d2a,30,LOW
2026-09-12 11:20:06,bhagy,FILE MODIFIED,.\audit_log.txt,,NO,7b5e0c3117e28988e5f269b705f2ef2097b47d19d972619a0d6222aa43f1b000,30,LOW
2026-09-12 11:20:06,bhagy,FILE MODIFIED,.\audit_log.txt,,NO,d536e49b6bfb5fcfa89223414a7b762213430575e034c06b79812172a8711ef7,30,LOW
2026-09-12 11:20:07,bhagy,FILE MODIFIED,.\audit_log.txt,,NO,b3f1b7d14b27065ba231fa57533cab8d625660fec35023111ca40e41e83b42c9,30,LOW
2026-09-12 11:20:07,bhagy,FILE MODIFIED,.\audit_log.txt,,NO,94847cb4a68441f597aa42e9d9575368835ce3104acc172e1522f17711d61353,30,LOW
2026-09-12 11:20:07,bhagy,FILE MODIFIED,.\audit_log.txt,,NO,53cb6628718d401ec724587ea3f99fb560e10a9cf46fe2fadb5b8e9e31461745,30,LOW
2026-09-12 11:20:07,bhagy,FILE MODIFIED,.\audit_log.txt,,NO,920782c8636f1256babab97b0c0bab1124f34271d75c9c24f6c29e9a20688a56,30,LOW
2026-09-12 11:20:07,bhagy,FILE MODIFIED,.\audit_log.txt,,NO,de66f17296721741312d80082a30beb3e2cb66a8bc36977970a88cf356324ff8,30,LOW
2026-09-12 11:20:08,bhagy,FILE MODIFIED,.\audit_log.txt,,NO,a79b8dff52e37140b98b36eed0f7f1746cc3a3f6eacdc656cb334abfc3cabb3c,30,LOW
2026-09-12 11:20:08,bhagy,FILE MODIFIED,.\audit_log.txt,,NO,d85ac649abc1845a0c0ad79dd60ea5f860404b0c55bba71cd8d3e0bd76a3e539,30,LOW
2026-09-12 11:20:08,bhagy,FILE MODIFIED,.\audit_log.txt,,NO,ac70f1d02ac27afd4857cb40efa74e209eb3320794750beab9e430e55282c602,30,LOW
2026-09-12 11:20:08,bhagy,FILE MODIFIED,.\audit_log.txt,,NO,3ddc416e09ccb86defbcc9cfa1e4ffe58a579700e4a4889e63cbbca155c33776,30,LOW
2026-09-12 11:20:08,bhagy,FILE MODIFIED,.\audit_log.txt,,NO,240ebe1856686e9e3e672291169470f376e263a3a97474cd48a4812fd3de83ed,30,LOW
2026-09-12 11:20:09,bhagy,FILE MODIFIED,.\audit_log.txt,,NO,406ed4f7eb40a87add369653489413cef5b6ef9baa26a1ede85670abc5de0fb2,30,LOW
2026-09-12 11:20:09,bhagy,FILE MODIFIED,.\audit_log.txt,,NO,55e23011df9b617c2db28cbb8342d51d8200c66c3e40125c75d8151cb08566a0,30,LOW
2026-09-12 11:20:09,bhagy,FILE MODIFIED,.\audit_log.txt,,NO,bc0f0eaff9d605b2fde515aa774d2a0fc68686295db66ae230e8c8037f0fa0ba,30,LOW
2026-09-12 11:20:09,bhagy,FILE MODIFIED,.\audit_log.txt,,NO,732bc336e81018e62066583fea3e37d8b32680c0e2e39641c4d41ea91b42e112,30,LOW
2026-09-12 11:20:09,bhagy,FILE MODIFIED,.\audit_log.txt,,NO,6b7b5131f693d8acd89c80e412eb75f16b1890bf78187881fa3e5856de8ed29b,30,LOW
2026-09-12 11:20:10,bhagy,FILE MODIFIED,.\audit_log.txt,,NO,70aadc4c6bd1cba7ba08403650a218d4c3f738be30d2bc37e401a518b49c4fec,30,LOW
2026-09-12 11:20:10,bhagy,FILE MODIFIED,.\audit_log.txt,,NO,88210d414e756db34e2f47e55223296997a36c305db03c0112bd825f2bef6515,30,LOW
2026-09-12 11:20:10,bhagy,FILE MODIFIED,.\audit_log.txt,,NO,3014bfb73d658ae7a5e92aa14079132a6b9d35b3b518f32ebb0745d8f9b3aeb4,30,LOW
2026-09-12 11:20:10,bhagy,FILE MODIFIED,.\audit_log.txt,,NO,097f9bc7f80bc8bac2e5f63cbdb49b0f25aa01c40fc6606800cf8f34acfb832a,30,LOW
2026-09-12 11:20:10,bhagy,FILE MODIFIED,.\audit_log.txt,,NO,1514f56f6da965ce125176a54a02b8a431a4c0c7a7c9651b07ac46bdd7540bf0,30,LOW
2026-09-12 11:20:11,bhagy,FILE MODIFIED,.\audit_log.txt,,NO,99ffe6731c91da404351fefe0bb64522f7b63f27ef2c45629b7cde908a6880bf,30,LOW
2026-09-12 11:20:11,bhagy,FILE MODIFIED,.\audit_log.txt,,NO,5cf4c3a660f9baedcc4167494e35d79d0fba4bf6a1a5c826fde0896cfaae4709,30,LOW
2026-09-12 11:20:11,bhagy,FILE MODIFIED,.\audit_log.txt,,NO,92e19e9d70735cf7e79ac96c0f22aa6df8675b1ac1bfa7d7a1b499b7a77c29be,30,LOW
2026-09-12 11:20:11,bhagy,FILE MODIFIED,.\audit_log.txt,,NO,668f7efba26c6c3b0de16293f8b791ed9c5bc1de4dbc0467a75a319437d4ed29,30,LOW
2026-09-12 11:20:11,bhagy,FILE MODIFIED,.\audit_log.txt,,NO,5085f6f97d59ca71de202d24df49d452bb1da2db01295645605cc3cf714fa5c2,30,LOW
2026-09-12 11:20:12,bhagy,FILE MODIFIED,.\audit_log.txt,,NO,81536ad26fd703acb68304872d280549ede96b24aeedf57f4c747dc6cfec6659,30,LOW
2026-09-12 11:20:12,bhagy,FILE MODIFIED,.\audit_log.txt,,NO,c210589c65f8e8e16f345145dd856eda5caad23f72188c437147ed066252797c,30,LOW
2026-09-12 11:20:12,bhagy,FILE MODIFIED,.\audit_log.txt,,NO,84c383f14669e8f09f9fe2ff30ae0398b969b970dbc1c6f5a76834da13ac8d8b,30,LOW
2026-09-12 11:20:12,bhagy,FILE MODIFIED,.\audit_log.txt,,NO,16ac7673f603205a19f0edbbec3a986b201d47a763568eac271beac6fdee37c5,30,LOW
2026-09-12 11:20:12,bhagy,FILE MODIFIED,.\audit_log.txt,,NO,0ed651cc60316683d718bbb61d38920b208cd0ecc331af8210c3ba6b05903626,30,LOW
2026-09-12 11:20:12,bhagy,FILE MODIFIED,.\audit_log.txt,,NO,7cebeb450c71a5073249a34dd8a7ad54594aa1e6610dbfb94d740b5cfda1f74b,30,LOW
2026-09-12 11:20:13,bhagy,FILE MODIFIED,.\audit_log.txt,,NO,37e1ff26ecc792ee14265e475411f822a143269dee1d6ff73987e04ee50e5f72,30,LOW
2026-09-12 11:20:13,bhagy,FILE MODIFIED,.\audit_log.txt,,NO,3c8b16a02adbaeec828e6c8d936f101cead263ee4686d9106f9585579974d5af,30,LOW
2026-09-12 11:20:13,bhagy,FILE MODIFIED,.\audit_log.txt,,NO,84a3350603f0998fb3003f4823dfcc20f81cbf39ada039cd25e1cb825d1086c5,30,LOW
2026-09-12 11:20:13,bhagy,FILE MODIFIED,.\audit_log.txt,,NO,9a48701a5ea2c27c0f82ba1de72cfb7686116169a9b5c93ac275833656af2673,30,LOW
2026-09-12 11:20:13,bhagy,FILE MODIFIED,.\audit_log.txt,,NO,d11884fd2d2a9dc923284bb5ced20cb1d4617047ab6ea0644fd7b8651c21ebf8,30,LOW
2026-09-12 11:20:13,bhagy,FILE MODIFIED,.\audit_log.txt,,NO,d611b9a6765b4d533c476deb7823353b5cb405d42e578f01f44266a1c6894835,30,LOW
2026-09-12 11:20:14,bhagy,FILE MODIFIED,.\audit_log.txt,,NO,d887759dc33a71fbb5dd01fbfb3423a9b9075866fc3af2a310f34a65155afba2,30,LOW
2026-09-12 11:20:14,bhagy,FILE MODIFIED,.\audit_log.txt,,NO,b8769a59c2b21cfe2fbcda6e361c48fc4d5ece2bedac0532b846fc72eb69e500,30,LOW
2026-09-12 11:20:14,bhagy,FILE MODIFIED,.\audit_log.txt,,NO,cdfde8a713213ff55fa1d9d2454845b8e1e26232f10b9e359737a516112b9c45,30,LOW
2026-09-12 11:20:14,bhagy,FILE MODIFIED,.\audit_log.txt,,NO,ca212443d64e5df2b7fb1290104ca6ce64869f33b50cbd7876677f9d258431f9,30,LOW
2026-09-12 11:20:14,bhagy,FILE MODIFIED,.\audit_log.txt,,NO,10134c7ff0f9961dfab7cf01f707d9ea520c9d2fbbbc83e18ace62cb672da1f3,30,LOW
2026-09-12 11:20:15,bhagy,FILE MODIFIED,.\audit_log.txt,,NO,e95be3b476eb107c838e3084f5f51e093e4ffa0517deaf983aec90ad97629035,30,LOW
2026-09-12 11:20:15,bhagy,FILE MODIFIED,.\audit_log.txt,,NO,6ea7382ca5ba6159c5cf7f033deda6e1ab3a353504f8e1e3c3e9193a5bf0bdea,30,LOW
2026-09-12 11:20:15,bhagy,FILE MODIFIED,.\audit_log.txt,,NO,9c0245763867d8ebce2853ab29aa621fa9e29d87ddad8c96d9ecefbcad4f4079,30,LOW
2026-09-12 11:20:15,bhagy,FILE MODIFIED,.\audit_log.txt,,NO,8474650a516e7dfca84d1cc6415e84a752dcd839d5d28ec04e78452111014d14,30,LOW
2026-09-12 11:20:15,bhagy,FILE MODIFIED,.\audit_log.txt,,NO,43529bc76784f20dce31ad8eb82b410bf6692291a08ebaea02ae383d7e351841,30,LOW
2026-09-12 11:20:15,bhagy,FILE MODIFIED,.\audit_log.txt,,NO,2ba25d2ad5049e6d8acfd8d45782a7256037e18aa7ffd23991a15067a95d6cfd,30,LOW
2026-09-12 11:20:16,bhagy,FILE MODIFIED,.\audit_log.txt,,NO,56fabd0ad16e0ba27af8e9e5940358bc51f5ac858dc9abd8b2f75f36c4174276,30,LOW
2026-09-12 11:20:16,bhagy,FILE MODIFIED,.\audit_log.txt,,NO,39f00c69ab9dbd744cf061c5749d2a906e6aee2e5803c9916ddc942895737c59,30,LOW
2026-09-12 11:20:16,bhagy,FILE MODIFIED,.\audit_log.txt,,NO,ac454597f765b30db09f2269d737a3e873b05db82d4c0c5cb91e8fa3f64e714d,30,LOW
2026-09-12 11:20:16,bhagy,FILE MODIFIED,.\audit_log.txt,,NO,0a686cb94fb61c29f7cbc3786dd1d04164e3848d71d8bd7005c0872e676be22d,30,LOW
2026-09-12 11:20:16,bhagy,FILE MODIFIED,.\audit_log.txt,,NO,7b0e8314657af4dbb56571d7f274ca86835f497f85663ab7021cd5c8d4ba13bb,30,LOW
2026-09-12 11:20:16,bhagy,FILE MODIFIED,.\audit_log.txt,,NO,9d3495fa56623783a67a27c74b32904c4f53768f884c92398f0df4be7a90e973,30,LOW
2026-09-12 11:20:17,bhagy,FILE MODIFIED,.\audit_log.txt,,NO,1ccac9f2f965b62a9cba5db93187572c88a4e9091f63055bf33511893284a2e1,30,LOW
2026-09-12 11:20:17,bhagy,FILE MODIFIED,.\audit_log.txt,,NO,3f6f0317c18728a87940711ff9007ee03eb239a089e5cd9541a72dd8a505a01b,30,LOW
2026-09-12 11:20:17,bhagy,FILE MODIFIED,.\audit_log.txt,,NO,72ea11a7e16b74fdb94ee483b905158295ef4a2f1d0fdf836b51b426c72ca56f,30,LOW
2026-09-12 11:20:17,bhagy,FILE MODIFIED,.\audit_log.txt,,NO,69d2859e8b942f1b5f6436475406b195e5b5c9dddc286e67c2e8c357eee42d33,30,LOW
2026-09-12 11:20:17,bhagy,FILE MODIFIED,.\audit_log.txt,,NO,5eecb1d6adf8bf73bb976b605c7cd80a9533557d3291de66ca9f31c0cedbba37,30,LOW
2026-09-12 11:20:17,bhagy,FILE MODIFIED,.\audit_log.txt,,NO,a490ed287b005faaf6973dd3777ef8273d008a5a740516dadeb9c61705d17339,30,LOW
2026-09-12 11:20:17,bhagy,FILE MODIFIED,.\audit_log.txt,,NO,d438e9612bf1dd55143e522e57dfd9f6a9fe96682d1be35cb42625e7c8699b3c,30,LOW
2026-09-12 11:20:18,bhagy,FILE MODIFIED,.\audit_log.txt,,NO,678988934d1f7756e26fa487ce5f0f2e7742d3bc5e9dff28bb552f503e9fe765,30,LOW
2026-09-12 11:20:18,bhagy,FILE MODIFIED,.\audit_log.txt,,NO,5f59fe21b42ae28f151397eeb5a7fef5beafac9809ac27ac1b8439231d3d44c0,30,LOW
2026-09-12 11:20:18,bhagy,FILE MODIFIED,.\audit_log.txt,,NO,e7ea83acaa2c14dc181170cca0ce3f5d540c28b0c253a12e76a44c4a62ee5f39,30,LOW
2026-09-12 11:20:18,bhagy,FILE MODIFIED,.\audit_log.txt,,NO,a2a1557d18e98d556f5fe011aebe4460860ca26bd51cac002df6884150d806ca,30,LOW
2026-09-12 11:20:18,bhagy,FILE MODIFIED,.\audit_log.txt,,NO,b4caef41bd0de65e333f7ee44a8b35e5d533dbeec74a8f9e47a21a3d435fe91f,30,LOW
2026-09-12 11:20:18,bhagy,FILE MODIFIED,.\audit_log.txt,,NO,f4e766ed46a49acf834e0a6e1f13587a68e3d21f401cf076b9ba6726afb1e560,30,LOW
2026-09-12 11:20:19,bhagy,FILE MODIFIED,.\audit_log.txt,,NO,3a71dfc2a8e0cb19e008fbe339f4a892d112041d20262e29cc73de11f5610ca1,30,LOW
2026-09-12 11:20:19,bhagy,FILE MODIFIED,.\audit_log.txt,,NO,01f4af7296b425b836163020feca6d627107c478b2e7be1bdd7bc9a93ddbb326,30,LOW
2026-09-12 11:20:19,bhagy,FILE MODIFIED,.\audit_log.txt,,NO,03f694c986d6994d950810f1df8fd06ebf100de564ce32b0df809b6a6cbf7ba5,30,LOW
2026-09-12 11:20:19,bhagy,FILE MODIFIED,.\audit_log.txt,,NO,d0f26f9df78c30e4492107aff11265e11ba0728127b0f6a85c95a68ba5228e68,30,LOW
2026-09-12 11:20:19,bhagy,FILE MODIFIED,.\audit_log.txt,,NO,2f74d9c9c794936c3b6ca4b8ada5f2960f1dad2f97d747108a21691394ef9796,30,LOW
2026-09-12 11:20:20,bhagy,FILE MODIFIED,.\audit_log.txt,,NO,f20711e05e5ca3587066cea655c23035d1c91b5310935edd04424aaa4fed9d9d,30,LOW
2026-09-12 11:20:20,bhagy,FILE MODIFIED,.\audit_log.txt,,NO,3e0284a408f3cde8e827d7a681f7bb62bb46a7b9abb988394b691223d28b39b3,30,LOW
2026-09-12 11:20:20,bhagy,FILE MODIFIED,.\audit_log.txt,,NO,cefb652d8249d64e2fd42d60520f84e5f8359c964ba3ce9265b9f9d461fbbb58,30,LOW
2026-09-12 11:20:20,bhagy,FILE MODIFIED,.\audit_log.txt,,NO,761d9799a44d07b04991f85570546af971e8e548a00687fd9c84d55d80a7d471,30,LOW
2026-09-12 11:20:21,bhagy,FILE MODIFIED,.\audit_log.txt,,NO,e0a12faeafdae59d542c8a0ae95f64d1187ce3b676d11bb3112f355cae96b202,30,LOW
2026-09-12 11:20:21,bhagy,FILE MODIFIED,.\audit_log.txt,,NO,ddfb34caa284210d262b053bc4f90cf3fe6e997c42c13679d18396bf6f84eba0,30,LOW
2026-09-12 11:20:21,bhagy,FILE MODIFIED,.\audit_log.txt,,NO,479433b5745c7c732c378ac7853fb2d26ca569512cb362d7e4f042a868e8157b,30,LOW
2026-09-12 11:20:21,bhagy,FILE MODIFIED,.\audit_log.txt,,NO,df9649b274d34853519c79bcc2b2760025791396a5fc566140246c00b424ec52,30,LOW
2026-09-12 11:20:21,bhagy,FILE MODIFIED,.\audit_log.txt,,NO,8dd452d9cad37a732c9bbd889fd95a1774f7f5b1f9312e846ffe149450000f29,30,LOW
2026-09-12 11:20:21,bhagy,FILE MODIFIED,.\audit_log.txt,,NO,827e401453510006fa4bda61179902babb2e6753c8876fb794e7ca371fffe255,30,LOW
2026-09-12 11:20:22,bhagy,FILE MODIFIED,.\audit_log.txt,,NO,2af737d48c27b62e12c5395a4d032baba95ef244e8596274352561d0742afffa,30,LOW
2026-09-12 11:20:22,bhagy,FILE MODIFIED,.\audit_log.txt,,NO,e152492529121ef3181f1fdefa2c7d9532f4e7e1e42671acdb5ea6f5115b2803,30,LOW
2026-09-12 11:20:22,bhagy,FILE MODIFIED,.\audit_log.txt,,NO,d832f482093824471ab8d61a4d58feddc14b10fcd051a75d678d468d0b3a5740,30,LOW
2026-09-12 11:20:22,bhagy,FILE MODIFIED,.\audit_log.txt,,NO,dcb2a3db1e592b559cdd6c8ec2449c0920a4fae9dc3cdcaa08238e4a715a3d58,30,LOW
2026-09-12 11:20:22,bhagy,FILE MODIFIED,.\audit_log.txt,,NO,8ffe8f368c6fb6f84e4f6515560911ce011027e12439fa09f4c540314de03895,30,LOW
2026-09-12 11:20:23,bhagy,FILE MODIFIED,.\audit_log.txt,,NO,a8aa799081d05eec8596dc2641e3c0fb37760a67cc647978d2b9df4f271403d2,30,LOW
2026-09-12 11:20:23,bhagy,FILE MODIFIED,.\audit_log.txt,,NO,35f1b52e22d77d4270c4e80ccf72c3f7e4066d4a85003d47815b88afc55115e5,30,LOW
2026-09-12 11:20:23,bhagy,FILE MODIFIED,.\audit_log.txt,,NO,70fe36ef6d8632bfd83490379cb502d7a783b7f33555746c9ab2ee63ee5cb72f,30,LOW
2026-09-12 11:20:23,bhagy,FILE MODIFIED,.\audit_log.txt,,NO,44603774f15b1f8fe5d5e46858d3eeecd3a9391f7ffc3ecb04046c59f1841f13,30,LOW
2026-09-12 11:20:23,bhagy,FILE MODIFIED,.\audit_log.txt,,NO,cef8a046756038ac8463d4f60a469e00032bcb41f0f807e2f36efcccf642393a,30,LOW
2026-09-12 11:20:24,bhagy,FILE MODIFIED,.\audit_log.txt,,NO,3669dfade99d329c5ecd9bc2888ca256162125953af1164548b70c5ef2469d4a,30,LOW
2026-09-12 11:20:24,bhagy,FILE MODIFIED,.\audit_log.txt,,NO,e36cdcb9cc9c2bf2a8ddf3de0ba8048aa10505e32ad2ff276e4e3448d85f5039,30,LOW
2026-09-12 11:20:24,bhagy,FILE MODIFIED,.\audit_log.txt,,NO,8a1802b0fddaf4227abb57603389909b67a08dd79f2992e84d61d5e3488a5c72,30,LOW
2026-09-12 11:20:24,bhagy,FILE MODIFIED,.\audit_log.txt,,NO,d71884395d8b499f84453540455b952392b367a00eee42470bc20a1d85c5e54f,30,LOW
2026-09-12 11:20:24,bhagy,FILE MODIFIED,.\audit_log.txt,,NO,46bf7b056f3dedd22efe762731deeced35b52fbbd0a32b07a32be75f73615465,30,LOW
2026-09-12 11:20:25,bhagy,FILE MODIFIED,.\audit_log.txt,,NO,6ca88615616e5bfaea472f0ab2facfd07a76e15110431445e836351b91c9f629,30,LOW
2026-09-12 11:20:25,bhagy,FILE MODIFIED,.\audit_log.txt,,NO,79a4edd768efc116f8a5bfc86143982eceb1d5c780c35b6ba28202159de3b6ef,30,LOW
2026-09-12 11:20:25,bhagy,FILE MODIFIED,.\audit_log.txt,,NO,a21e83c5177e37a73b6c4566a5587d686a11cc1adf01db5d0c6131b02cf160d4,30,LOW
2026-09-12 11:20:25,bhagy,FILE MODIFIED,.\audit_log.txt,,NO,3b5c1224247fb5cd5470c21e7ce40365e688952d9ac263a207f6763893fb47f0,30,LOW
2026-09-12 11:20:25,bhagy,FILE MODIFIED,.\audit_log.txt,,NO,8920e1d4992db3cc1a69eb51c8f530b7f8541e36b348cca7048bbce1d5aba080,30,LOW
2026-09-12 11:20:26,bhagy,FILE MODIFIED,.\audit_log.txt,,NO,8f3b485a24c86ab708a0dc5945fee915b0d0a9fb169fce01770f48ed831865da,30,LOW
2026-09-12 11:20:26,bhagy,FILE MODIFIED,.\audit_log.txt,,NO,e7bab5bb603fa5f8cbff39887af631439adc3d4fd8162f3b9ec8b84f9cb6ea91,30,LOW
2026-09-12 11:20:26,bhagy,FILE MODIFIED,.\audit_log.txt,,NO,83e4e975bf5afb9411e5795e04717f80154912015342ad85548a4d1c084ed501,30,LOW
2026-09-12 11:20:26,bhagy,FILE MODIFIED,.\audit_log.txt,,NO,00df74e0169838510bee212cc070f84581b1d0c605d71b6a08eebce3427f82ef,30,LOW
2026-09-12 11:20:27,bhagy,FILE MODIFIED,.\audit_log.txt,,NO,5c346d3ed52245edf21c60ae84f9fa2be3b7a233d8b2a717d44d298ace34b707,30,LOW
2026-09-12 11:20:27,bhagy,FILE MODIFIED,.\audit_log.txt,,NO,c8ed344424747447564a930a6c7aa72de429a0aaca3cf82d2c8f425316d0a28e,30,LOW
2026-09-12 11:20:27,bhagy,FILE MODIFIED,.\audit_log.txt,,NO,bee9be1e4cbb705d870d1a1e76915b8f00e337eef981a6789f035f6b16c47ccf,30,LOW
2026-09-12 11:20:27,bhagy,FILE MODIFIED,.\audit_log.txt,,NO,6df04218b24d4dacf756396a1fd23d4f74bb1448e3ed11edf7c2a3b1f3001182,30,LOW
2026-09-12 11:20:27,bhagy,FILE MODIFIED,.\audit_log.txt,,NO,b44bec0ff502b732d829bafa74f14342eb294f8eac58edf123d577efd3f8b719,30,LOW
2026-09-12 11:20:28,bhagy,FILE MODIFIED,.\audit_log.txt,,NO,934a6591543845115875041d1490285f2c781494c911023441c825b5cb9e755b,30,LOW
2026-09-12 11:20:28,bhagy,FILE MODIFIED,.\audit_log.txt,,NO,a6278b750433ee038f0cd8d56d2cdb25a1ae7bacd4e63daa1d8e855e1d9294a4,30,LOW
2026-09-12 11:20:28,bhagy,FILE MODIFIED,.\audit_log.txt,,NO,e949da6fce89625edbba32588634721a57e4334b9f91a32b8259e6f7e5969972,30,LOW
2026-09-12 11:20:28,bhagy,FILE MODIFIED,.\audit_log.txt,,NO,3816d2ae9d2ed0a35cdc0ef73ea4a302361a7ef7c92ddaca8b8adb0ff6a56d98,30,LOW
2026-09-12 11:20:28,bhagy,FILE MODIFIED,.\audit_log.txt,,NO,a19fbb9d8e945f50793333f1ace71b1579a729b5e9a0929c7db6e2fdc4400c4b,30,LOW
2026-09-12 11:20:29,bhagy,FILE MODIFIED,.\audit_log.txt,,NO,a30a920b4925453b9648099b18c06b9539c0f982488d80285a1c2d12e8b8889d,30,LOW
2026-09-12 11:20:29,bhagy,FILE MODIFIED,.\audit_log.txt,,NO,bc16f984feb41b9ebb46bd0144a2e4ed6255eb4e07917fe61ad8c20274571824,30,LOW
2026-09-12 11:20:29,bhagy,FILE MODIFIED,.\audit_log.txt,,NO,a14ec71d7f817ade05f4317d93a1e08ece43c57343d24b369ceaa5a6f2d9ab70,30,LOW
2026-09-12 11:20:29,bhagy,FILE MODIFIED,.\audit_log.txt,,NO,7a7796fcd6c6321a82ff084747a75a271b1aecbf65ab3ecf8b6bed05678eb1d5,30,LOW
2026-09-12 11:20:29,bhagy,FILE MODIFIED,.\audit_log.txt,,NO,202c9286a87027726c0411d44954501ab8e0c7b07ede8909617afa9e233eddb1,30,LOW
2026-09-12 11:20:30,bhagy,FILE MODIFIED,.\audit_log.txt,,NO,ae54600adf9a5910539bc00d3f0ab0907a8220d3d636321814f42d2c3b94426b,30,LOW
2026-09-12 11:20:30,bhagy,FILE MODIFIED,.\audit_log.txt,,NO,630817c15b612c004428fbfb97a979f0b89b14cf3c1ba06d954814ab1ecd9b22,30,LOW
2026-09-12 11:20:30,bhagy,FILE MODIFIED,.\audit_log.txt,,NO,080c226f81efbe1641a236c3a1169302d0967128e8d23f88369dce42d510a849,30,LOW
2026-09-12 11:20:30,bhagy,FILE MODIFIED,.\audit_log.txt,,NO,ad076781883a88f0310a9feea437ff8a10c8af6c4fa3e4c968e483115b913a8d,30,LOW
2026-09-12 11:20:30,bhagy,FILE MODIFIED,.\audit_log.txt,,NO,868049186f461bc510df032fbd18243d633776155ee1b1c5674a08aae83ed0cf,30,LOW
2026-09-12 11:20:30,bhagy,FILE MODIFIED,.\audit_log.txt,,NO,263cc8e7b5f35423e44d89bb5612b623119f2b34e1b55df0463b34e13c677820,30,LOW
2026-09-12 11:20:31,bhagy,FILE MODIFIED,.\audit_log.txt,,NO,c0bcf8108a00c68ff2e6e698e515eebdd4233576dcaa3684324577d23927f575,30,LOW
2026-09-12 11:20:31,bhagy,FILE MODIFIED,.\audit_log.txt,,NO,fb7e4aa041c587a69acbf26097fff77e0f4c0bd15f78881624fe2ac73de7389e,30,LOW
2026-09-12 11:20:31,bhagy,FILE MODIFIED,.\audit_log.txt,,NO,d46d03b2508626396137f79de92412e223bec4672486298e3b6805398ed26314,30,LOW
2026-09-12 11:20:31,bhagy,FILE MODIFIED,.\audit_log.txt,,NO,bfde6d854375f5a008f1a80d2446d96b4924482434c3699388fed1d503b0ea35,30,LOW
2026-09-12 11:20:32,bhagy,FILE MODIFIED,.\audit_log.txt,,NO,b9806b3e7abacb77244374bb1cb4e310539833913053365c03551dd429d35001,30,LOW
2026-09-12 11:20:32,bhagy,FILE MODIFIED,.\audit_log.txt,,NO,9021c117902760f1919384ae22e9fa866414883d4dd5953b6f0a1750ada6bc9c,30,LOW
2026-09-12 11:20:32,bhagy,FILE MODIFIED,.\audit_log.txt,,NO,f44046bb75ab2e72b8b44cc16a9d69cc7793774bc7a23bd997c12262804c383b,30,LOW
2026-09-12 11:20:32,bhagy,FILE MODIFIED,.\audit_log.txt,,NO,440439bcab8d796e702e7923a8375c6c8e926c6be3537e1a02650c14eb242046,30,LOW
2026-09-12 11:20:32,bhagy,FILE MODIFIED,.\audit_log.txt,,NO,a8596674a7a48ac1e001631775dd24b2f774087ef14384373363449e262d5f12,30,LOW
2026-09-12 11:20:32,bhagy,FILE MODIFIED,.\audit_log.txt,,NO,2c9c246276952574485ece293668072f971bcb6b45d090b3841d92395ce3ccd6,30,LOW
2026-09-12 11:20:33,bhagy,FILE MODIFIED,.\audit_log.txt,,NO,c501041d22cb182d1e99461bc685f34a8a6740d0ee47d6b85f122ee47a02bdf2,30,LOW
2026-09-12 11:20:33,bhagy,FILE MODIFIED,.\audit_log.txt,,NO,d748cccceb1adec297e5639283aa0dea8f41197a90b46dd466c901293f940ab0,30,LOW
2026-09-12 11:20:33,bhagy,FILE MODIFIED,.\audit_log.txt,,NO,04679c52fdea99da7401d320abafc0424ea34745d909007e6f1e634868357f91,30,LOW
2026-09-12 11:20:33,bhagy,FILE MODIFIED,.\audit_log.txt,,NO,2e3c45b450965c2f4db590d659d7250f90254e7a6825fc190093fd6fcfe9c95b,30,LOW
2026-09-12 11:20:33,bhagy,FILE MODIFIED,.\audit_log.txt,,NO,84ad7e28550f90f6341f84bcf91b1323d35997f6cc78032c10d43e995e8782cd,30,LOW
2026-09-12 11:20:33,bhagy,FILE MODIFIED,.\audit_log.txt,,NO,c6ee5b55abd922d911c9b9ffd3c927afd96b5e9c352a2ccdf9056191f9a57d55,30,LOW
2026-09-12 11:20:34,bhagy,FILE MODIFIED,.\audit_log.txt,,NO,e1d53835df0a5bac2e90ef3d698b383c77f7f97ddf6e3c312cb7831b8cbc183e,30,LOW
2026-09-12 11:20:34,bhagy,FILE MODIFIED,.\audit_log.txt,,NO,2cb7fa738f88f4f22ce5b786a781ceb64814d0c1f26d8ec63bc8f76245a67cd5,30,LOW
2026-09-12 11:20:34,bhagy,FILE MODIFIED,.\audit_log.txt,,NO,778bf118fa3271044bc35c071c6adcdd381a4c298cf68bf3afab21f6652db225,30,LOW
2026-09-12 11:20:34,bhagy,FILE MODIFIED,.\audit_log.txt,,NO,f5766f6edfb024e9f887589cad67312dd62b5cb7feb875976c450ca84d6e7d1f,30,LOW
2026-09-12 11:20:34,bhagy,FILE MODIFIED,.\audit_log.txt,,NO,2784651e0d5dfb961886bd40a294a164498c5c05b4bfe732e687d92100e0777b,30,LOW
2026-09-12 11:20:35,bhagy,FILE MODIFIED,.\audit_log.txt,,NO,0a019229c3f304a68f087677355b329e33338ae16fb081b914d7f54ccb51ad91,30,LOW
2026-09-12 11:20:35,bhagy,FILE MODIFIED,.\audit_log.txt,,NO,d9c1201abdd2dad2006fb161a5ff15debc2f2bd386d38315e3793c02003145c5,30,LOW
2026-09-12 11:20:35,bhagy,FILE MODIFIED,.\audit_log.txt,,NO,0f98b44d2580a19fe15ca4c00b6470460afeb83bda2c3f89af44acc943a11b33,30,LOW
2026-09-12 11:20:35,bhagy,FILE MODIFIED,.\audit_log.txt,,NO,12dec4952d46c64959b0ca794dffd581726fbd76c592d8ecc2fc8c69f629549e,30,LOW
2026-09-12 11:20:35,bhagy,FILE MODIFIED,.\audit_log.txt,,NO,3d26f770a1e4a3b9116a6e74631911a7eb7ec33e24472f5cea653bf6bf85ad08,30,LOW
2026-09-12 11:20:35,bhagy,FILE MODIFIED,.\audit_log.txt,,NO,93a33a8ad77d108343c0bdf50c445df5cb1823050e1eed951ecda011a8ae9a48,30,LOW
2026-09-12 11:20:36,bhagy,FILE MODIFIED,.\audit_log.txt,,NO,0a8bf414a66bcf882c03de87f070045e1b3afe5aaaec251afbb9ddaffc5b689d,30,LOW
2026-09-12 11:20:36,bhagy,FILE MODIFIED,.\audit_log.txt,,NO,e45ef5f226dce49ae34f23b673d5d5173c692c6889d7054df48cf66f56475126,30,LOW
2026-09-12 11:20:36,bhagy,FILE MODIFIED,.\audit_log.txt,,NO,46e293a9f0a65f182818652739cd2a0c4d92a20ebb8e66d739e97a5b9cf8ac4c,30,LOW
2026-09-12 11:20:36,bhagy,FILE MODIFIED,.\audit_log.txt,,NO,cd51ac5018e2dcfe8e9965a9eb0de154dc6c04bcfd95b9018399b53724a7fbd2,30,LOW
2026-09-12 11:20:36,bhagy,FILE MODIFIED,.\audit_log.txt,,NO,48fcb429450fcf8edfeed6cb0a95d12ddc99305df7788890faacb672b487a49d,30,LOW
2026-09-12 11:20:37,bhagy,FILE MODIFIED,.\audit_log.txt,,NO,4a7620a4e5b5a7db891d955b155328367061d3ce664082383eba6e4aa9d2a8d6,30,LOW
2026-09-12 11:20:37,bhagy,FILE MODIFIED,.\audit_log.txt,,NO,4874e581d1ffec48a1306d800bac1abb56a8a8655eb215f1db95b94e70266bc6,30,LOW
2026-09-12 11:20:37,bhagy,FILE MODIFIED,.\audit_log.txt,,NO,b2bb97ba399b962cd8c058d47ccb0a6c8c87df3305c6316505276076fcbcbd5c,30,LOW
2026-09-12 11:20:37,bhagy,FILE MODIFIED,.\audit_log.txt,,NO,0a246de5e4e91aa792fe18c0ac076df2fc4f12e7b5f876235c2d9f973c7ea30f,30,LOW
2026-09-12 11:20:37,bhagy,FILE MODIFIED,.\audit_log.txt,,NO,1904aa9a16003725d8320205f609b866ea86a95763bada1f49ebfd7594227d14,30,LOW
2026-09-12 11:20:37,bhagy,FILE MODIFIED,.\audit_log.txt,,NO,578655f5fd941bc6b678ae472dc5a0ec1ac39dbaddb75c24d8524b35f55ac7ea,30,LOW
2026-09-12 11:20:37,bhagy,FILE MODIFIED,.\audit_log.txt,,NO,42fa4f86fb38ca430de6cd7cb62ff9977b9c94eed6485d82fd77729fc738462f,30,LOW
2026-09-12 11:20:37,bhagy,FILE MODIFIED,.\audit_log.txt,,NO,54428142832735f19d38fd81aea2405af522663c7ce7fe4ecbf026e87ec9e6e0,30,LOW
2026-09-12 11:20:37,bhagy,FILE MODIFIED,.\audit_log.txt,,NO,8711391b424169d35ea2a73941aabd76ad2dedb1956d567273f16571f34b16c0,30,LOW
2026-09-12 11:20:37,bhagy,FILE MODIFIED,.\audit_log.txt,,NO,bf28d9066f69f09ff2ac276ae4f606c4c29fecfdf37f66d364726190479fdb82,30,LOW
2026-09-12 11:20:37,bhagy,FILE MODIFIED,.\audit_log.txt,,NO,f113a9c2c29c54fe26d1a5f271b8eb09ae48be242ae7d6e288c66e15d332bc43,30,LOW
2026-09-12 11:20:38,bhagy,FILE MODIFIED,.\audit_log.txt,,NO,cac1e6e5e32c8d8dba1b4635819cb65bd61f5c58e0ff8492f88051095caf9860,30,LOW
2026-09-12 11:20:38,bhagy,FILE MODIFIED,.\audit_log.txt,,NO,78d126a10f58e906ef8999bc814628276b5b668b52818a7944ef0d900353f4d3,30,LOW
2026-09-12 11:20:38,bhagy,FILE MODIFIED,.\audit_log.txt,,NO,0c0042c9b000720469a1dde8e492e71a95fc8ecc37563fb1b4d4e44a8349eec3,30,LOW
2026-09-12 11:20:38,bhagy,FILE MODIFIED,.\audit_log.txt,,NO,436cc262cf26d8b4340f6ca5e801d23485ee804ac2a0948b5744ffb2ec883dbe,30,LOW
2026-09-12 11:20:38,bhagy,FILE MODIFIED,.\audit_log.txt,,NO,acb0f647966315d3fd694ce68bcf375a47374f6b6177b3267a487800506a180e,30,LOW
2026-09-12 11:20:38,bhagy,FILE MODIFIED,.\audit_log.txt,,NO,cdccf5456bc56bb7e82a5379b842192203c41d6159367cf7d290357c7b8580b4,30,LOW
2026-09-12 11:20:39,bhagy,FILE MODIFIED,.\audit_log.txt,,NO,2f78a35ae848391eea33a0c21b7667f42c2468a8d5427062cae984c74edac765,30,LOW
2026-09-12 11:20:39,bhagy,FILE MODIFIED,.\audit_log.txt,,NO,d2b05089e41436f3ffa1b21998565615455d75d7ed07d40ed9cb08303fdcbfa8,30,LOW
2026-09-12 11:20:39,bhagy,FILE MODIFIED,.\audit_log.txt,,NO,e9e8878beb1c67a4a819822c8dc0bcb56cbcfb96a203199a093a13260a900b08,30,LOW
2026-09-12 11:20:39,bhagy,FILE MODIFIED,.\audit_log.txt,,NO,aaa6ecc06a97be1a9430cfaa1b2b6cf6924067bcdb7ee94a79f27f49cab80162,30,LOW
2026-09-12 11:20:39,bhagy,FILE MODIFIED,.\audit_log.txt,,NO,0588a3d6f110451b9236f16ef43486743f2454ff60cac89ed89cecf32b259a0c,30,LOW
2026-09-12 11:20:39,bhagy,FILE MODIFIED,.\audit_log.txt,,NO,83436023c2ad51bb502a50a28e4b0fff7d267c38bc2a8b19447bd7eb899522e4,30,LOW
2026-09-12 11:20:40,bhagy,FILE MODIFIED,.\audit_log.txt,,NO,5c292eed12794ca8026e06b5b9c2abec4bcfc375b3e90366411a8b85ec41deba,30,LOW
2026-09-12 11:20:40,bhagy,FILE MODIFIED,.\audit_log.txt,,NO,71569904a52ca8b356891d82eb18e027a26c2b1017d3e471cd814b445ea387ac,30,LOW
2026-09-12 11:20:40,bhagy,FILE MODIFIED,.\audit_log.txt,,NO,8296fa1a1675d07ba8d8185797b9bb36d74d6338dc6c9471ea292bbffc7cf8c7,30,LOW
2026-09-12 11:20:40,bhagy,FILE MODIFIED,.\audit_log.txt,,NO,716ef9853312955696afb9657cd2c80a1d602b912ce90a6b15a88a32916cf820,30,LOW
2026-09-12 11:20:40,bhagy,FILE MODIFIED,.\audit_log.txt,,NO,2e710c5e7de834404569c4afd2854b12df430d283c207b55ec522e109de6fd2a,30,LOW
2026-09-12 11:20:41,bhagy,FILE MODIFIED,.\audit_log.txt,,NO,170be5c635fe38f6dee2c2a02766d89c94af38973a0972542b3a71e6829b8492,30,LOW
2026-09-12 11:20:41,bhagy,FILE MODIFIED,.\audit_log.txt,,NO,82dd7dc2672ae6ba745cfdf76d074179b59ecd8110bf5cda1a8d129b1ea39764,30,LOW
2026-09-12 11:20:41,bhagy,FILE MODIFIED,.\audit_log.txt,,NO,d9b0d12beed2199aa43bea28d937a3d04ac31d034cd96c01edc809a0c4d9fe56,30,LOW
2026-09-12 11:20:41,bhagy,FILE MODIFIED,.\audit_log.txt,,NO,88b38215e295733eb588681c10a29302cefbe28e8c35f0c3bdc51ce4e9f038b6,30,LOW
2026-09-12 11:20:41,bhagy,FILE MODIFIED,.\audit_log.txt,,NO,0489ceb3f256e38789a51f64b4f45c01dec724b3b184d080ddb2bc6e83538ff2,30,LOW
2026-09-12 11:20:42,bhagy,FILE MODIFIED,.\audit_log.txt,,NO,fa3aa932a7be36afb55bd1fde8ce575c5b61153b7a09e7f0aeecf4b1f588b9ff,30,LOW
2026-09-12 11:20:42,bhagy,FILE MODIFIED,.\audit_log.txt,,NO,8d918ec7a105c9ee46a503c97386d00f603f077b26be2b6cc67606cf95472941,30,LOW
2026-09-12 11:20:42,bhagy,FILE MODIFIED,.\audit_log.txt,,NO,8226d48ba94969c551bbf028c8ccd74aa7328ea51767d18a1a8edeaba1a4f02d,30,LOW
2026-09-12 11:20:42,bhagy,FILE MODIFIED,.\audit_log.txt,,NO,050b098ea20ca87584c708f0ffa9103fe4606b09be1c9e85172e5c3232a754fa,30,LOW
2026-09-12 11:20:42,bhagy,FILE MODIFIED,.\audit_log.txt,,NO,08f959c7cfb68972d6b2f3769e82662b430ee3345af8bb22810bfc8e206f2c35,30,LOW
2026-09-12 11:20:43,bhagy,FILE MODIFIED,.\audit_log.txt,,NO,222aadac67088ab68c86121b5e14a35ba568e78e870f9c636e7d4f4503b859d4,30,LOW
2026-09-12 11:20:43,bhagy,FILE MODIFIED,.\audit_log.txt,,NO,2833b5c28f8243cdc447474f25c6f63c01b984dcf970bd230dc1bf41475f4b82,30,LOW
2026-09-12 11:20:43,bhagy,FILE MODIFIED,.\audit_log.txt,,NO,d35efc5d9031fc08d9650c309bd8475798554470099eba5a5dfadb73b4557d45,30,LOW
2026-09-12 11:20:43,bhagy,FILE MODIFIED,.\audit_log.txt,,NO,8886343edb60abb1c903c31946cf582ba6b7df4ab2403aacf99d8c8e63a2853a,30,LOW
2026-09-12 11:20:43,bhagy,FILE MODIFIED,.\audit_log.txt,,NO,c6e6543b09547dafbc5dc03a5b9773e197ff62b3de597f2d5bcbd36c1a6cc1c3,30,LOW
2026-09-12 11:20:44,bhagy,FILE MODIFIED,.\audit_log.txt,,NO,e4676b6a0a68a70abf0e581be3ed12615e63d6c0d864cc8e7e683aeb6ffd1526,30,LOW
2026-09-12 11:20:44,bhagy,FILE MODIFIED,.\audit_log.txt,,NO,14c22197f35cfdd8ea732a11d1c08981fd2efb30c34e164376553ad4accb366d,30,LOW
2026-09-12 11:20:44,bhagy,FILE MODIFIED,.\audit_log.txt,,NO,32c195dcd48ca6c725ac06ec710e7b428a9528d31af258ead33cf065df4eeb42,30,LOW
2026-09-12 11:20:44,bhagy,FILE MODIFIED,.\audit_log.txt,,NO,14b28afc06873af3cba4e1af7e6200d29dfd4d1f60dfdcb07870da9e3c2c1339,30,LOW
2026-09-12 11:20:44,bhagy,FILE MODIFIED,.\audit_log.txt,,NO,2c8fc752618951dbe3d712f2d84c1b33914fb507c60b8066e8f1f910eda92ffe,30,LOW
2026-09-12 11:20:45,bhagy,FILE MODIFIED,.\audit_log.txt,,NO,18d015be78f7361f5c59af212d39fef3bb7c1dea7ac1093a9d9569293f098aa4,30,LOW
2026-09-12 11:20:45,bhagy,FILE MODIFIED,.\audit_log.txt,,NO,93f551ab6c674d7e3acad3359f04c6e05c72326ed08a7061fea9d37dc790f92a,30,LOW
2026-09-12 11:20:45,bhagy,FILE MODIFIED,.\audit_log.txt,,NO,9bea2d3ca527adefb25e0eaa6ea1c71f6d2bc32ac426f179f2b291ae0b1b56ae,30,LOW
2026-09-12 11:20:45,bhagy,FILE MODIFIED,.\audit_log.txt,,NO,95c55bdbcf543021eebce4c24a1d2d92258e19a6aa02e0bdb0d502e294e559f0,30,LOW
2026-09-12 11:20:45,bhagy,FILE MODIFIED,.\audit_log.txt,,NO,9538615c072e8d6c25d4c5441a0dc1e8963236e441eccada33d889641f9d828c,30,LOW
2026-09-12 11:20:45,bhagy,FILE MODIFIED,.\audit_log.txt,,NO,c3bdcb4241012e75bc660ebe9eb62492c0ef81c96ea10618341fe0827a23a207,30,LOW
2026-09-12 11:20:46,bhagy,FILE MODIFIED,.\audit_log.txt,,NO,1fc3bedf5101981175d936028054a56d275475c49aa7819e1fb60a1dea8ed87e,30,LOW
2026-09-12 11:20:46,bhagy,FILE MODIFIED,.\audit_log.txt,,NO,e23d55a73efba98c5b0521e872bdfdab488d6467fe42d45a28239c8ec9955d48,30,LOW
2026-09-12 11:20:46,bhagy,FILE MODIFIED,.\audit_log.txt,,NO,5d2ac5629ec6001debb3f71c337501f5c663ff46290438740e08cbfb1cbb0108,30,LOW
2026-09-12 11:20:47,bhagy,FILE MODIFIED,.\audit_log.txt,,NO,7f85fe451d455bee8f75f8e9769d37603d578770a41f0ace7b83fdc7a5da30a7,30,LOW
2026-09-12 11:20:47,bhagy,FILE MODIFIED,.\audit_log.txt,,NO,9a9c6ed36af2c11705817391709234c34c17648c648c44de7e3c6454a4b0ce90,30,LOW
2026-09-12 11:20:47,bhagy,FILE MODIFIED,.\audit_log.txt,,NO,23418a7c3f53efc6d9546c194ca9288d02599b58967257774a98a1615e4672f0,30,LOW
2026-09-12 11:20:48,bhagy,FILE MODIFIED,.\audit_log.txt,,NO,1abf83cf30fd40c2383ca888f621e7c608fda2a55fbccb2141ff6200c32ed5e9,30,LOW
2026-09-12 11:20:48,bhagy,FILE MODIFIED,.\audit_log.txt,,NO,b5dbce59943d19eec9076af263ade5d696c095f514e002e3bba9f0d36183b743,30,LOW
2026-09-12 11:20:48,bhagy,FILE MODIFIED,.\audit_log.txt,,NO,e00bc1be254f81fa74e311aa956f73b83c16cf177be0e8e0b05a8a1151524421,30,LOW
2026-09-12 11:20:48,bhagy,FILE MODIFIED,.\audit_log.txt,,NO,1d8e9d25ce272bdaac8c670dd79902263ec559bf587abb0fff0f9114d23e7cc7,30,LOW
2026-09-12 11:20:49,bhagy,FILE MODIFIED,.\audit_log.txt,,NO,cf94332a55b11b69c927b2d481cf1c22fafc70001c869ce9e58a5894aba903e8,30,LOW
2026-09-12 11:20:49,bhagy,FILE MODIFIED,.\audit_log.txt,,NO,6508360dee74185fbc898162de2821f6df535cc5233265543b2d493c5df457e4,30,LOW
2026-09-12 11:20:49,bhagy,FILE MODIFIED,.\audit_log.txt,,NO,d9ae032a625014e133377261f785ca831d524a29adb4a37660a8a2b07e105023,30,LOW
2026-09-12 11:20:50,bhagy,FILE MODIFIED,.\audit_log.txt,,NO,e63fdb6393186a0fecff7bf6eca1ca0bcce4bffcbf8a0c375fb99caeff34db9d,30,LOW
2026-09-12 11:20:50,bhagy,FILE MODIFIED,.\audit_log.txt,,NO,31e96ec97ab887799a2bed77964417d32a274ef200d9d034c610e0c9b5b22a49,30,LOW
2026-09-12 11:20:50,bhagy,FILE MODIFIED,.\audit_log.txt,,NO,4aa897fe243101f3172a5b38757ef2495553cd7bfd70257d95f881e9a9a2ecaf,30,LOW
2026-09-12 11:20:50,bhagy,FILE MODIFIED,.\audit_log.txt,,NO,1e5d5c4c645f254938af488ef0cb46012ac9da7729d487bece3e6a91dc3efb37,30,LOW
2026-09-12 11:20:51,bhagy,FILE MODIFIED,.\audit_log.txt,,NO,e7d390f7009d1dfd5b7f935312dc7115522825e653c6b67a6d912ca1e6cfb8e3,30,LOW
2026-09-12 11:20:51,bhagy,FILE MODIFIED,.\audit_log.txt,,NO,9d0aafd7c76e6a3bc91e82f319800dd614869618f774a7c6cca8cfecb17611aa,30,LOW
2026-09-12 11:20:51,bhagy,FILE MODIFIED,.\audit_log.txt,,NO,214f87f9fec071ba276c47fe45ac14a874170a9e1e656b3db870bd276aeb3a2b,30,LOW
2026-09-12 11:20:51,bhagy,FILE MODIFIED,.\audit_log.txt,,NO,55abf2bb6589b050c74ffcc089c8f33d3ef706c22e3e5d02171e234b2a03ff6f,30,LOW
2026-09-12 11:20:52,bhagy,FILE MODIFIED,.\audit_log.txt,,NO,cc2dcb3ec8071928eb7b187fe61b81a0d8173f2b4b2d3cfa78e7bccdbcf33eaf,30,LOW
2026-09-12 11:20:52,bhagy,FILE MODIFIED,.\audit_log.txt,,NO,dc4f7bc0d15139ecd5f4fe14ba9b54055a778a7ee0e19cd677a0fdf347616486,30,LOW
2026-09-12 11:20:52,bhagy,FILE MODIFIED,.\audit_log.txt,,NO,1a737cc76b1c473591ee1f6effb610181444de746a988e3cc7c10f274df96487,30,LOW
2026-09-12 11:20:52,bhagy,FILE MODIFIED,.\audit_log.txt,,NO,ebcf54c6e4b480a4ad44c539372ac1b9cf1dfcd435c5d4091344d496fa5a01cf,30,LOW
2026-09-12 11:20:53,bhagy,FILE MODIFIED,.\audit_log.txt,,NO,df05a39d5cbd6406a8c95a6c5c35aaef8350a4ab36c329565c12129ece037382,30,LOW
2026-09-12 11:20:53,bhagy,FILE MODIFIED,.\audit_log.txt,,NO,0bd62e815ff4cfce207e6ce9c86a9ecd3e6f0392dedbdec895c8216a64c7a8fc,30,LOW
2026-09-12 11:20:53,bhagy,FILE MODIFIED,.\audit_log.txt,,NO,1bb8eb4d34d3d267d9090d9b205c86867156f5f950581694138a418b6a81ba35,30,LOW
2026-09-12 11:20:53,bhagy,FILE MODIFIED,.\audit_log.txt,,NO,5a19942106112396ff660acc52d32a3ec16bce488e80d1b6cf38f1e26b56bcff,30,LOW
2026-09-12 11:20:54,bhagy,FILE MODIFIED,.\audit_log.txt,,NO,c0be44cdf7f79381775bed9279de116d97b8ac2db44728785a2b64e5afb0dec2,30,LOW
2026-09-12 11:20:54,bhagy,FILE MODIFIED,.\audit_log.txt,,NO,0249b5c1b1261eaa5482b1019ae80b14db3561702e45cf4de5c13ab467a6acf4,30,LOW
2026-09-12 11:20:54,bhagy,FILE MODIFIED,.\audit_log.txt,,NO,6f729cad041ec4807e70024212e3e9d0a42282d30d56a76bb8a0005a1800be3e,30,LOW
2026-09-12 11:20:54,bhagy,FILE MODIFIED,.\audit_log.txt,,NO,a98af0521ee2764377641576f1a0d5e9e6ed3532d84df76f71ed3102149aea88,30,LOW
2026-09-12 11:20:54,bhagy,FILE MODIFIED,.\audit_log.txt,,NO,7c841512aaa02338786c57fade8e6c0e168f59d8645a056cf1e54b88b0bcf09c,30,LOW
2026-09-12 11:20:54,bhagy,FILE MODIFIED,.\audit_log.txt,,NO,482b6383b5e0ded76213f6cbdf350f7ed35f8e6f4c49a7a1de96f5d0d55004ca,30,LOW
2026-09-12 11:20:55,bhagy,FILE MODIFIED,.\audit_log.txt,,NO,0d38b519c92830ae891bc98a2be916ebd5d21fc9a59f3f56d6c8056b351b1350,30,LOW
2026-09-12 11:20:55,bhagy,FILE MODIFIED,.\audit_log.txt,,NO,3ab0bc1639e7566257acf290febd40398bab474fcd0eb4c67bfc756d79e14737,30,LOW
2026-09-12 11:20:55,bhagy,FILE MODIFIED,.\audit_log.txt,,NO,dc524c7adae474d09449b06be6f19c918ff129b40e4461efda832106369b26ed,30,LOW
2026-09-12 11:20:55,bhagy,FILE MODIFIED,.\audit_log.txt,,NO,e5e74e842fd351fd2d3e00700c76f82a0e6643e096698a9460faaaa4edb4de61,30,LOW
2026-09-12 11:20:55,bhagy,FILE MODIFIED,.\audit_log.txt,,NO,4ddddb9e95ba4ae0ed4a3137b431610717596668c09da63bb5e12568d83063a0,30,LOW
2026-09-12 11:20:56,bhagy,FILE MODIFIED,.\audit_log.txt,,NO,75113e3af2f125a8c586baa23f91e34604818a6685005780b9f05588d54d3297,30,LOW
2026-09-12 11:20:56,bhagy,FILE MODIFIED,.\audit_log.txt,,NO,e6715167bf34bd9d2867b68018169c48a8aa76acb576adbf17a3f9c5b4c9f830,30,LOW
2026-09-12 11:20:56,bhagy,FILE MODIFIED,.\audit_log.txt,,NO,459a73b35affa69ac4de109cfad7e72ea5577c81ae11bf99c40ae9a995f96051,30,LOW
2026-09-12 11:20:56,bhagy,FILE MODIFIED,.\audit_log.txt,,NO,5cd07e2a5fb160671ce844a4ee7275953031f4688449a595750c921e267a4326,30,LOW
2026-09-12 11:20:56,bhagy,FILE MODIFIED,.\audit_log.txt,,NO,461de36640c657ea3d7dd522e5bcbffec44f03bd31a68d2fb925addad307aea9,30,LOW
2026-09-12 11:20:56,bhagy,FILE MODIFIED,.\audit_log.txt,,NO,85f757dfc06141243f605cff38f2b7b794e43b008683b17466b7e3413df6e9d6,30,LOW
2026-09-12 11:20:56,bhagy,FILE MODIFIED,.\audit_log.txt,,NO,f7dd1db6705fbf5eaadca5a3d9088f32a65997d8f5e3d8c36fdb256d0c8b2484,30,LOW
2026-09-12 11:20:57,bhagy,FILE MODIFIED,.\audit_log.txt,,NO,d86f1e473e0614ab249e87dcdbfbb7e895e7e4d38a6814d20eada0f774fa5563,30,LOW
2026-09-12 11:20:57,bhagy,FILE MODIFIED,.\audit_log.txt,,NO,7a24ca5b4a9bab77be8b054473e268324ec16ab35aede024dd8d037f961add66,30,LOW
2026-09-12 11:20:57,bhagy,FILE MODIFIED,.\audit_log.txt,,NO,54df347422676d1f48daa094239ff866c4521b0e182f39f8bb12265046a01378,30,LOW
2026-09-12 11:20:57,bhagy,FILE MODIFIED,.\audit_log.txt,,NO,d1699354806df1f51c9fa4b56148eb5203c56ef5150fbaacc85e2f43ae54a080,30,LOW
2026-09-12 11:20:57,bhagy,FILE MODIFIED,.\audit_log.txt,,NO,6d57fde9c3eee62a9ba469d6828992a2b91e6faea98e30f3f88a52413172ba9d,30,LOW
2026-09-12 11:20:57,bhagy,FILE MODIFIED,.\audit_log.txt,,NO,f5756b765fee971bacc3754fd58de738354b06c9023eb7e4c96c0ffbbab2450f,30,LOW
2026-09-12 11:20:58,bhagy,FILE MODIFIED,.\audit_log.txt,,NO,3e865e896c08e47f199612fd5a302b56874e1bf61ae5dccf1fc614e28a347763,30,LOW
2026-09-12 11:20:58,bhagy,FILE MODIFIED,.\audit_log.txt,,NO,a15ef5f98bfcc8e16df86454ca4db5d988590f512651fdb7539b044e473c8776,30,LOW
2026-09-12 11:20:58,bhagy,FILE MODIFIED,.\audit_log.txt,,NO,2a47debd283e46709a11abcb929ce17c4fc2d2f2bae481fb8b7f7ab625c97e5b,30,LOW
2026-09-12 11:20:58,bhagy,FILE MODIFIED,.\audit_log.txt,,NO,8c47e02d3e6264c487994588e4d25ceba18edba2ac57b8f8f3dbce847af962ad,30,LOW
2026-09-12 11:20:58,bhagy,FILE MODIFIED,.\audit_log.txt,,NO,03895c5b8edcce15008e52ce06d1fdfe5e21902bd959544211a0ff58861efc7c,30,LOW
2026-09-12 11:20:59,bhagy,FILE MODIFIED,.\audit_log.txt,,NO,df34231d3bd8fac0fb79c8c5cb6a92095a07cd586594ab335d8009e334b4eedf,30,LOW
2026-09-12 11:20:59,bhagy,FILE MODIFIED,.\audit_log.txt,,NO,af00a73a9b059136a079431c82a9d1dee42347ec3b042ee6ae75eaf59a720905,30,LOW
2026-09-12 11:20:59,bhagy,FILE MODIFIED,.\audit_log.txt,,NO,534355150c696570d40a5e2bda340dbec9819d633578e07f4e51767489c850c0,30,LOW
2026-09-12 11:20:59,bhagy,FILE MODIFIED,.\audit_log.txt,,NO,2b18a3101950c55abe45703fbc149fd15187880fc82b2aa3a85e2011650e2cef,30,LOW
2026-09-12 11:20:59,bhagy,FILE MODIFIED,.\audit_log.txt,,NO,05534bcf0960d45bf5a906130994d53996a15599d45236b459fe4eef7086a8bc,30,LOW
2026-09-12 11:21:00,bhagy,FILE MODIFIED,.\audit_log.txt,,NO,d9251a14d1941adc2f8782872885a44b85944253ded29fc8cbd2a653981e8b6f,30,LOW
2026-09-12 11:21:00,bhagy,FILE MODIFIED,.\audit_log.txt,,NO,62a87caf13ab2d6bb3ca111723d9a92c022234d9566897a984d9df17e7dcb14f,30,LOW
2026-09-12 11:21:00,bhagy,FILE MODIFIED,.\audit_log.txt,,NO,5268c4073e79809a817f75da0ff1c09b9b91b28b96418f841290925e269f9cde,30,LOW
2026-09-12 11:21:00,bhagy,FILE MODIFIED,.\audit_log.txt,,NO,faf171c4ac0ea1472d4c81aa776a9e96514c462eaf10883cfbcc8326ff7ec735,30,LOW
2026-09-12 11:21:00,bhagy,FILE MODIFIED,.\audit_log.txt,,NO,4f79790a941e038f5a08080a7103333035d765071ddd8b908e990e14c2a37a04,30,LOW
2026-09-12 11:21:01,bhagy,FILE MODIFIED,.\audit_log.txt,,NO,83380be66027cbd47c5b1a7d4e7a28f73dd1c19825fbafa5c34cde675a4ad9f2,30,LOW
2026-09-12 11:21:01,bhagy,FILE MODIFIED,.\audit_log.txt,,NO,162833ef372ce10a4798bd5f15d6ff60715889cca5ea05d810e99cc571a5d3e0,30,LOW
2026-09-12 11:21:01,bhagy,FILE MODIFIED,.\audit_log.txt,,NO,1f91c1da89f93de17d6eef08d770c4350c9c8c396289a9c5e2c5362c864cb035,30,LOW
2026-09-12 11:21:01,bhagy,FILE MODIFIED,.\audit_log.txt,,NO,646f5c5a8c2370720003643c126a4947739c7e5dbf2da784e2032eb1a5742c17,30,LOW
2026-09-12 11:21:01,bhagy,FILE MODIFIED,.\audit_log.txt,,NO,2842dca2261724f7b45b9b298a818bd7cbe8f67606ffb9d4931e2918e30492d6,30,LOW
2026-09-12 11:21:01,bhagy,FILE MODIFIED,.\audit_log.txt,,NO,48b8ec7efbba9467521cb5ec08ca2e0b482e14c16efdb619ea87a0a85db3cb5b,30,LOW
2026-09-12 11:21:02,bhagy,FILE MODIFIED,.\audit_log.txt,,NO,972d75dd4492c8eafb330ef37c624a8a451264caa8e8081c1c153f1b2369c42c,30,LOW
2026-09-12 11:21:02,bhagy,FILE MODIFIED,.\audit_log.txt,,NO,46b6c90e466f0992b82d55cd7037232a2650c2c5fa77f40dea813e863a416418,30,LOW
2026-09-12 11:21:02,bhagy,FILE MODIFIED,.\audit_log.txt,,NO,e836947a293d6be2373a01122c96b8f361263154c45db738592be609c6b02dfa,30,LOW
2026-09-12 11:21:02,bhagy,FILE MODIFIED,.\audit_log.txt,,NO,2b4e71665a47b5c07b1701af651bc48e73c0f9e68c0ae2c3f9e12bcb7ed48264,30,LOW
2026-09-12 11:21:02,bhagy,FILE MODIFIED,.\audit_log.txt,,NO,bdef71e3da4174ae345a08b1c3369db7fd2a37447a5684f68dc79644bf86c9ad,30,LOW
2026-09-12 11:21:03,bhagy,FILE MODIFIED,.\audit_log.txt,,NO,e4f8cb89ebaa4fa8688338e3a13e18d4fd92d872c827c5e264c3d4da4aac8024,30,LOW
2026-09-12 11:21:03,bhagy,FILE MODIFIED,.\audit_log.txt,,NO,9fca477b2e67afd66d382c89269243bb5035a929e25189a859201927b50930ee,30,LOW
2026-09-12 11:21:03,bhagy,FILE MODIFIED,.\audit_log.txt,,NO,5f908459d56bb8fd38d4c4274dc762f1fc6986e8362cd09d5c488b059ddf96fc,30,LOW
2026-09-12 11:21:03,bhagy,FILE MODIFIED,.\audit_log.txt,,NO,c9d361dc3c87f2ee455dcdf439bb80784d2fa4c615e01c5c0c70dc0a0b16a7c2,30,LOW
2026-09-12 11:21:03,bhagy,FILE MODIFIED,.\audit_log.txt,,NO,190b041989b6220055b438818595d5f8edd257ced012a761dce66bbeec131452,30,LOW
2026-09-12 11:21:03,bhagy,FILE MODIFIED,.\audit_log.txt,,NO,07b6a6d204f719cd7feb02fcfc373190079033e10882fbd1fc3c491a6c23d3fb,30,LOW
2026-09-12 11:21:04,bhagy,FILE MODIFIED,.\audit_log.txt,,NO,be125ded4cc688e8179dff13633ea045031db6b946fd26b76f6d4dc50f4321a6,30,LOW
2026-09-12 11:21:04,bhagy,FILE MODIFIED,.\audit_log.txt,,NO,48d946e50de58c7e5c23b30890006f07e9263fc52e72161ef90294ddf9cd9295,30,LOW
2026-09-12 11:21:04,bhagy,FILE MODIFIED,.\audit_log.txt,,NO,ec55f3863b30e46b02e381cda8aa95f15646fe895e0504ddf5057b312d68d972,30,LOW
2026-09-12 11:21:04,bhagy,FILE MODIFIED,.\audit_log.txt,,NO,4ba6b7c209ea4eb5bcf6bc7c633b2e4ab72fb50c19aac0d157d082d5bfe1fd43,30,LOW
2026-09-12 11:21:05,bhagy,FILE MODIFIED,.\audit_log.txt,,NO,94a14300697f3f299480bb62d6cd5778adeb2ef16f0293c56f5e1b2a6b289fa0,30,LOW
2026-09-12 11:21:05,bhagy,FILE MODIFIED,.\audit_log.txt,,NO,d0011dc5e9f6a9cc52d86318830ba8f4bc393ee19390a17cb50d80d930b16d91,30,LOW
2026-09-12 11:21:05,bhagy,FILE MODIFIED,.\audit_log.txt,,NO,adab97b1faa281343064b857e8f5e48674e0e53cbcf54d897a5636e3280153a7,30,LOW
2026-09-12 11:21:05,bhagy,FILE MODIFIED,.\audit_log.txt,,NO,9e471c49ea4ce52d95f3502959051fcf852be04676617546d33df72d8d99a1c4,30,LOW
2026-09-12 11:21:05,bhagy,FILE MODIFIED,.\audit_log.txt,,NO,3d0e5193a1c971a5deb7f315a98a1a85b4d3b1dd1701eb52f2e3d896c77975fd,30,LOW
2026-09-12 11:21:05,bhagy,FILE MODIFIED,.\audit_log.txt,,NO,ae786b80ba85901a8aed397d758338c7f76c86f79dd209d11f7e9a579fa19016,30,LOW
2026-09-12 11:21:06,bhagy,FILE MODIFIED,.\audit_log.txt,,NO,302d403a90aa699d65baf1891361cd2cdeab396d8c46f453ec1db8db27f0f555,30,LOW
2026-09-12 11:21:06,bhagy,FILE MODIFIED,.\audit_log.txt,,NO,86db90e31f174a2ac84997ce18ecb372ceeb69a3775d2a76204a42c11aa3ffe4,30,LOW
2026-09-12 11:21:06,bhagy,FILE MODIFIED,.\audit_log.txt,,NO,44e300327359691858cf711cc15f64b675d0440c54f7fa57bcd6d83b9dc2ecd8,30,LOW
2026-09-12 11:21:06,bhagy,FILE MODIFIED,.\audit_log.txt,,NO,3094fde0e2d5c10c6f6080107b8829671a8e3b726f479eb0d39f57440e835a0f,30,LOW
2026-09-12 11:21:06,bhagy,FILE MODIFIED,.\audit_log.txt,,NO,8a37280a850e5987cfbab59fcb8e09ab74fd2b64c50bb8723af2d3b9e759be0c,30,LOW
2026-09-12 11:21:06,bhagy,FILE MODIFIED,.\audit_log.txt,,NO,9e21eaf9f255fdcfabd7a68e0b42f45feabb0394ae842cdec20fc328188a216f,30,LOW
2026-09-12 11:21:07,bhagy,FILE MODIFIED,.\audit_log.txt,,NO,3413a087085f60692583cca616886b3753d052714391117671eb40bfd5ca9ec0,30,LOW
2026-09-12 11:21:07,bhagy,FILE MODIFIED,.\audit_log.txt,,NO,32a20745c051d6a3850211bf784ebf8871471e1b1f61a56c80954fac259b20f8,30,LOW
2026-09-12 11:21:07,bhagy,FILE MODIFIED,.\audit_log.txt,,NO,2585759da5b96b60ca6cb1877937f2e1a349e80beae0804571ccc014489e2308,30,LOW
2026-09-12 11:21:07,bhagy,FILE MODIFIED,.\audit_log.txt,,NO,1161ac0d37340a25957f4f11e394ebcda98a8f24b97939c7263ce7e8efde9847,30,LOW
2026-09-12 11:21:07,bhagy,FILE MODIFIED,.\audit_log.txt,,NO,d3675797913164bc6831e80f8e4bc50da1329e6ced5e917b8db673c2d3f24bb9,30,LOW
2026-09-12 11:21:07,bhagy,FILE MODIFIED,.\audit_log.txt,,NO,c6cc5f6907fc514105112f4e2f83ca3d520f3284ce15fbe26051e832cc0583c4,30,LOW
2026-09-12 11:21:08,bhagy,FILE MODIFIED,.\audit_log.txt,,NO,3d0443f9c8c45f3a4be3fe53508f301f990a7e5fd18ed8c15085b0bca7aa161a,30,LOW
2026-09-12 11:21:08,bhagy,FILE MODIFIED,.\audit_log.txt,,NO,bfe3382f8cf4b47b001e1f5f38f315c4e0cc667f6afa63a89984a2317d1e3cd5,30,LOW
2026-09-12 11:21:08,bhagy,FILE MODIFIED,.\audit_log.txt,,NO,a531485860277523290648782aa1fdcdc40de1e9c04b9760eed3c89d4ab617df,30,LOW
2026-09-12 11:21:08,bhagy,FILE MODIFIED,.\audit_log.txt,,NO,a5350dde7e815545d46e1f3a2859bd9ba07e401a05a147afde884539232b4828,30,LOW
2026-09-12 11:21:08,bhagy,FILE MODIFIED,.\audit_log.txt,,NO,bc066dcc6e26da921be6d44d32afa995cc340cf01d88345e1e2a375990b50ed3,30,LOW
2026-09-12 11:21:09,bhagy,FILE MODIFIED,.\audit_log.txt,,NO,4ccad310ad89cd7c9e4712187914599a3ad32902a2e46af995eb7e1dd52a14ae,30,LOW
2026-09-12 11:21:09,bhagy,FILE MODIFIED,.\audit_log.txt,,NO,e67971e7e9d9eaf261f1a22554c115470800321d881c62b471a2229844096e4f,30,LOW
2026-09-12 11:21:09,bhagy,FILE MODIFIED,.\audit_log.txt,,NO,176277950b91884c2549ff9b78276298ceebc4d088a67cb535c180ca58350cb3,30,LOW
2026-09-12 11:21:09,bhagy,FILE MODIFIED,.\audit_log.txt,,NO,d85ee5b96e6ab5eef3f3d8d59ae18a06f89f7ab976bbd489cd527edc853fd898,30,LOW
2026-09-12 11:21:09,bhagy,FILE MODIFIED,.\audit_log.txt,,NO,c498be82e891378aaec6a09783ceaefe079f246e8992120dabaabdecbc7d69ce,30,LOW
2026-09-12 11:21:09,bhagy,FILE MODIFIED,.\audit_log.txt,,NO,4c1eda1af9e9c26340b6712eac4a8fb798c7c726fc1d111c39f90a1a2100f23f,30,LOW
2026-09-12 11:21:09,bhagy,FILE MODIFIED,.\audit_log.txt,,NO,458b3b7f9651859a27db1ebefa090d8ba0d0eed1d39ef1a2fc11caacddae2adb,30,LOW
2026-09-12 11:21:10,bhagy,FILE MODIFIED,.\audit_log.txt,,NO,67c4ed53a53485f90d486e001323c28681b0bb112c39127dbd0ba6f39fb8cd0e,30,LOW
2026-09-12 11:21:10,bhagy,FILE MODIFIED,.\audit_log.txt,,NO,5a4a6e7c638801d9842d82f50b4693881eb65b6d9393e64334e26b8ef081dc85,30,LOW
2026-09-12 11:21:10,bhagy,FILE MODIFIED,.\audit_log.txt,,NO,855878169d25a74c83d2d87d9e2dd5ce0d2b83a8d21405c5b25f7ea19943c77a,30,LOW
2026-09-12 11:21:10,bhagy,FILE MODIFIED,.\audit_log.txt,,NO,a6aa3bff854e6635a13158f4813f64f4e81ff2a2b702a0da345e7ebdbc09338d,30,LOW
2026-09-12 11:21:10,bhagy,FILE MODIFIED,.\audit_log.txt,,NO,4b2230150ab4a6362ba45bd576785f97d38021339d3571df2a9b517ce0a851fa,30,LOW
2026-09-12 11:21:11,bhagy,FILE MODIFIED,.\audit_log.txt,,NO,83fd38b1c33fcd410ff3bca0e84a24580772f0a3e53546c4141251984424a23b,30,LOW
2026-09-12 11:21:11,bhagy,FILE MODIFIED,.\audit_log.txt,,NO,d2b2cb04fc66e4b2603f659ec3f5c971f8a43fc2791d087be7b139c8ab22109c,30,LOW
2026-09-12 11:21:11,bhagy,FILE MODIFIED,.\audit_log.txt,,NO,ed0b14b7d89fe0071ad09470d00da0760ffbdd5206089dd3fd1565dffafd7e0e,30,LOW
2026-09-12 11:21:11,bhagy,FILE MODIFIED,.\audit_log.txt,,NO,16308c39813d59457a8bb8ccde4b86d9a41efa6d12570960a0f193b8e1b78193,30,LOW
2026-09-12 11:21:11,bhagy,FILE MODIFIED,.\audit_log.txt,,NO,e26535d0d18ff14513a3f80579625347d0ea082c4ed271864689295383e0c806,30,LOW
2026-09-12 11:21:12,bhagy,FILE MODIFIED,.\audit_log.txt,,NO,bbb9cda13689c6b712f24170985fff73ee8d8cef06952a87f0863a6ac655a0b2,30,LOW
2026-09-12 11:21:12,bhagy,FILE MODIFIED,.\audit_log.txt,,NO,29b02157b19f8219af268596058d30c93441837a1753985a75055a8f3e66dcea,30,LOW
2026-09-12 11:21:12,bhagy,FILE MODIFIED,.\audit_log.txt,,NO,1f36681735eb108553e84272d6baf115781a47e3bb5dd6246ba92efad02d8856,30,LOW
2026-09-12 11:21:12,bhagy,FILE MODIFIED,.\audit_log.txt,,NO,7472bdab689c0ffbc60e15c6b1942220def24a6d75a90d26fb7479d455ca884a,30,LOW
2026-09-12 11:21:12,bhagy,FILE MODIFIED,.\audit_log.txt,,NO,356cb7ae00b1aa0bd35cf47086a139fd07976755b52ff232191693f62f28f8ad,30,LOW
2026-09-12 11:21:13,bhagy,FILE MODIFIED,.\audit_log.txt,,NO,cfc2ec646c46d6d526ee097b29de662e8f875709b9f0f369a221b12462ece552,30,LOW
2026-09-12 11:21:13,bhagy,FILE MODIFIED,.\audit_log.txt,,NO,951082dda1aecc4ddf1b0178bc25e87200c1cde25920670276676a1431f05089,30,LOW
2026-09-12 11:21:13,bhagy,FILE MODIFIED,.\audit_log.txt,,NO,a19da1e7149b85def7a29431cb00c309cb77a0e9c9dbe0da05ca11227281d382,30,LOW
2026-09-12 11:21:13,bhagy,FILE MODIFIED,.\audit_log.txt,,NO,afcc921f8eb4c686a20c1813721c2995dc58f50bee7739c439852c9978e24dba,30,LOW
2026-09-12 11:21:13,bhagy,FILE MODIFIED,.\audit_log.txt,,NO,19d6d5592ce7f73c0f2695579e054325dd48f2ef9875697c5af8c923f39fb0e5,30,LOW
2026-09-12 11:21:14,bhagy,FILE MODIFIED,.\audit_log.txt,,NO,d9e2b7a67b298fe3a00e3c3c67c45441c398aec708324483188da36ae005b04a,30,LOW
2026-09-12 11:21:14,bhagy,FILE MODIFIED,.\audit_log.txt,,NO,8126a0b0ca31cccd7ca29acb9d9ba64c456fc0a143c5576faa2574ffad9b4581,30,LOW
2026-09-12 11:21:14,bhagy,FILE MODIFIED,.\audit_log.txt,,NO,717e5d35a1af611faeb4d5350cdfb6a4b29318adb682090554dbab0f578c460c,30,LOW
2026-09-12 11:21:14,bhagy,FILE MODIFIED,.\audit_log.txt,,NO,14411d99d27cfe9d8594bf0d1c923020b550ac0359b904fc54e0a97f88b55292,30,LOW
2026-09-12 11:21:14,bhagy,FILE MODIFIED,.\audit_log.txt,,NO,f61265ece2e021e2707b33f0a473d18baad279df10fe922a5223933da317faaf,30,LOW
2026-09-12 11:21:14,bhagy,FILE MODIFIED,.\audit_log.txt,,NO,23477b30e110c48cba9b6c5f9cf0fc79b8dfff5d8ff379952cde142b612f44fd,30,LOW
2026-09-12 11:21:14,bhagy,FILE MODIFIED,.\audit_log.txt,,NO,11133a2ad68d4ff0481bf9f7be35d6d4e66dab3ed3f47fb5c51f5db8a35612dd,30,LOW
2026-09-12 11:21:15,bhagy,FILE MODIFIED,.\audit_log.txt,,NO,968eca58dc2b5d762f2d51ac5cc5a5bd20e740ad8b83c44847ed7e0df66df3df,30,LOW
2026-09-12 11:21:15,bhagy,FILE MODIFIED,.\audit_log.txt,,NO,9ef7d1f64eec950bc9d27c37c9263d85fc95edf90147800a0bbc81cd665b8d97,30,LOW
2026-09-12 11:21:15,bhagy,FILE MODIFIED,.\audit_log.txt,,NO,9a0715dca3d951e2328c229d81b192ebe91a2741e1378dafd2018052400897cd,30,LOW
2026-09-12 11:21:15,bhagy,FILE MODIFIED,.\audit_log.txt,,NO,fd479e8b5f013e273cc3d4c45f138fc278396b8b3706591911d1e4862c4dcf09,30,LOW
2026-09-12 11:21:15,bhagy,FILE MODIFIED,.\audit_log.txt,,NO,860c4813f9068acddd1fc6cd3896040f9f36862a843dbabd417b30e01863375a,30,LOW
2026-09-12 11:21:15,bhagy,FILE MODIFIED,.\audit_log.txt,,NO,a2f4374d651adebc42f8ea490c6648a94adf97bb3d98b621637192fbc930a401,30,LOW
2026-09-12 11:21:16,bhagy,FILE MODIFIED,.\audit_log.txt,,NO,4bde4c32d695d7b160ede1949241b9a3218337d85371b22fe1727ccc5e079a7d,30,LOW
2026-09-12 11:21:16,bhagy,FILE MODIFIED,.\audit_log.txt,,NO,fb16507d9dad66a8a5a314bd30d8e8e6e3c09574f74f44750cd5209d5d262733,30,LOW
2026-09-12 11:21:16,bhagy,FILE MODIFIED,.\audit_log.txt,,NO,22c6c53a00e938ac26ea0f055fa37e4a2419316da786a673f6fd87443ad8c28f,30,LOW
2026-09-12 11:21:16,bhagy,FILE MODIFIED,.\audit_log.txt,,NO,77821ca8daae6f4172f92d72ea32aae9cb31fff31b2f7e9d7aedc796658c02b8,30,LOW
2026-09-12 11:21:16,bhagy,FILE MODIFIED,.\audit_log.txt,,NO,6dce815121e330ed15c7f0148567dfe359158ecac692933381144eff839a9f1b,30,LOW
2026-09-12 11:21:16,bhagy,FILE MODIFIED,.\audit_log.txt,,NO,aac544e3dc36edb0ff3870b22600fe4ca0b249cba2f03d8cf3aef1c5f38ba837,30,LOW
2026-09-12 11:21:17,bhagy,FILE MODIFIED,.\audit_log.txt,,NO,bc81aae6a47f5cf53b7749b18d94110a30bd4ffa830fd1f1a5ab9192bd2c8151,30,LOW
2026-09-12 11:21:17,bhagy,FILE MODIFIED,.\audit_log.txt,,NO,e17f7c7857d5016f38332037fff1a63d836a04228412455df5fd73ac0f1634c1,30,LOW
2026-09-12 11:21:17,bhagy,FILE MODIFIED,.\audit_log.txt,,NO,247075048e9f147d58b6a8d0b127750ae80e29cd07b34f0e6b9b932527ba0996,30,LOW
2026-09-12 11:21:17,bhagy,FILE MODIFIED,.\audit_log.txt,,NO,7a72ba45761b4f778830dd0653a975f5967593024bedad9a0415ad67ffcf75d3,30,LOW
2026-09-12 11:21:17,bhagy,FILE MODIFIED,.\audit_log.txt,,NO,c0a0be80f3819786ed7c92524a5fb25294963297b626027b96ff25a21bd65bea,30,LOW
2026-09-12 11:21:17,bhagy,FILE MODIFIED,.\audit_log.txt,,NO,463b7484bbfb4146e30b94a6269eec359e6a00020399c011711c1d3d32e104b2,30,LOW
2026-09-12 11:21:17,bhagy,FILE MODIFIED,.\audit_log.txt,,NO,5030bcef0bdc6199941794ecd5505cb40ac6f7c9bfcf1ffa00056896ce8545c5,30,LOW
2026-09-12 11:21:17,bhagy,FILE MODIFIED,.\audit_log.txt,,NO,acdef4396f0f2384c9b32fa9673e1fa0bb610f643feef4cf9be656a3b3ad9343,30,LOW
2026-09-12 11:21:18,bhagy,FILE MODIFIED,.\audit_log.txt,,NO,b65fda39be964ef1bd01e6746948c3b90d14f45cb6a1f96062cf3f7b06f6d699,30,LOW
2026-09-12 11:21:18,bhagy,FILE MODIFIED,.\audit_log.txt,,NO,5deb8057aa013d9383ae9c494feb18e52e008426c9c7e0790cb6cd10e252ad69,30,LOW
2026-09-12 11:21:18,bhagy,FILE MODIFIED,.\audit_log.txt,,NO,2914a62030fb46e372d14877638fd10cd584004658fc0ff2058314bf0d290854,30,LOW
2026-09-12 11:21:18,bhagy,FILE MODIFIED,.\audit_log.txt,,NO,277f2da56b2e9ae378ea825b7c033e7df76e2397b73492cd3e6dcb64f522982a,30,LOW
2026-09-12 11:21:18,bhagy,FILE MODIFIED,.\audit_log.txt,,NO,c21070a0924ff0e0135644ff2dcf9cae21c0d56fc9c5135dbf192f7eb94e5a24,30,LOW
2026-09-12 11:21:19,bhagy,FILE MODIFIED,.\audit_log.txt,,NO,0c837fcd05501b74de236552bceb0327c54bfc6296c75e5b67d62616ffc799ff,30,LOW
2026-09-12 11:21:19,bhagy,FILE MODIFIED,.\audit_log.txt,,NO,4cea5ff6d2a60f36288bc37c6d40463662ee6c575fb0dcae301e0576b2a30abf,30,LOW
2026-09-12 11:21:19,bhagy,FILE MODIFIED,.\audit_log.txt,,NO,379772b19b8c0c506885aa66734c5f0186dc76bc6b3057390801dd145502c58e,30,LOW
2026-09-12 11:21:19,bhagy,FILE MODIFIED,.\audit_log.txt,,NO,6bd01127daa15cc6089816bb7e4a5a73dde664508694dfefcb69da0e082068fe,30,LOW
2026-09-12 11:21:19,bhagy,FILE MODIFIED,.\audit_log.txt,,NO,1a44889146fe3a698277f3538ea733d4b045aad4f70e5e0d5a76f46a8606773d,30,LOW
2026-09-12 11:21:19,bhagy,FILE MODIFIED,.\audit_log.txt,,NO,f91dff9a68ad8cf5abfa4cea9ff62584086c1e1193a9322f3bbdd5c88e3ac857,30,LOW
2026-09-12 11:21:20,bhagy,FILE MODIFIED,.\audit_log.txt,,NO,d85ac363aa31e244856264ace295272054e75fbd0d37d855eedb9f43bcb8ee18,30,LOW
2026-09-12 11:21:20,bhagy,FILE MODIFIED,.\audit_log.txt,,NO,a4c09b1676fb0816a6170415a2c325a9057026e61200e09a622771a0f7c2476f,30,LOW
2026-09-12 11:21:20,bhagy,FILE MODIFIED,.\audit_log.txt,,NO,af4e42ae9ef56871de56bd13d08da208a7e36e708dc549f9e93f649b9d06e3c1,30,LOW
2026-09-12 11:21:20,bhagy,FILE MODIFIED,.\audit_log.txt,,NO,0ac0f9f095e8692cf815c54ccbcf72c538342cc6b8947eee8cc1d4817d0bacaa,30,LOW
2026-09-12 11:21:20,bhagy,FILE MODIFIED,.\audit_log.txt,,NO,fe6d6d60798224fef7f63527aefd84de54b7a08dd052edf8a3a772c728a44c58,30,LOW
2026-09-12 11:21:20,bhagy,FILE MODIFIED,.\audit_log.txt,,NO,81f8e6322f67a305eb32429008b41c95f5e5b50ba142c93fc854b8e0acfdc7ba,30,LOW
2026-09-12 11:21:20,bhagy,FILE MODIFIED,.\audit_log.txt,,NO,be90b08ac094ca37e980b0ee19bbc99e7dad2a2e0ab6cdfd8d4821ba33afc9c5,30,LOW
2026-09-12 11:21:21,bhagy,FILE MODIFIED,.\audit_log.txt,,NO,6836fd4f192f0c4e8714477f85d448f42bea1da3961f1e94ccdfd81f2e31c578,30,LOW
2026-09-12 11:21:21,bhagy,FILE MODIFIED,.\audit_log.txt,,NO,5e4094067169e8d9d5c187ba34ceda5e3051d8afe474e24ec281261e46dfb8b8,30,LOW
2026-09-12 11:21:21,bhagy,FILE MODIFIED,.\audit_log.txt,,NO,8f52b323d642421a6997b89f776ce276bc2ecd575f073bd7de0e8926e1bc0fcb,30,LOW
2026-09-12 11:21:21,bhagy,FILE MODIFIED,.\audit_log.txt,,NO,13ea751ef3d1869fa3e26e46e8bd3c8bb5a0520be7387676b261a0ac7209d6d8,30,LOW
2026-09-12 11:21:21,bhagy,FILE MODIFIED,.\audit_log.txt,,NO,c4ccfe96dadc5229b436c84e7c51d31e1c51bbcc3ec8bc566761a7226193c0e9,30,LOW
2026-09-12 11:21:22,bhagy,FILE MODIFIED,.\audit_log.txt,,NO,431d60ca63e1a350a14aff8475bc028a44f70e32580a55dcb5bb953b212e623d,30,LOW
2026-09-12 11:21:22,bhagy,FILE MODIFIED,.\audit_log.txt,,NO,d092cfdd6568a3cd03b9f5ca889cb4607a92846b5f2f328c9ba6e925cb4c6240,30,LOW
2026-09-12 11:21:22,bhagy,FILE MODIFIED,.\audit_log.txt,,NO,8465fe4212f13dd0138705576cdca6362e943c6b90b5069f401b9e19d5bd8f3a,30,LOW
2026-09-12 11:21:22,bhagy,FILE MODIFIED,.\audit_log.txt,,NO,5aab2daa7cfbb49157b8911dccc824d6f1e5ab256d0f13ebbd68ecd4279b3455,30,LOW
2026-09-12 11:21:22,bhagy,FILE MODIFIED,.\audit_log.txt,,NO,e052f4e3926dcaae39f7e6ffa76b002db47e0e0c7bd4248b303ee80422f00363,30,LOW
2026-09-12 11:21:22,bhagy,FILE MODIFIED,.\audit_log.txt,,NO,fb02c83f54b56e653f065dc32dd28d72da69ead914b15cf3ae504e938f46df34,30,LOW
2026-09-12 11:21:23,bhagy,FILE MODIFIED,.\audit_log.txt,,NO,2fad85b32606c73f751c9593f2b0b250939bf74c3b5a832a9c6e348b0eb9e796,30,LOW
2026-09-12 11:21:23,bhagy,FILE MODIFIED,.\audit_log.txt,,NO,426d76866d6eed30114f0b5e9d461a7c0ffce4cc367a98800afee011bac32dfb,30,LOW
2026-09-12 11:21:23,bhagy,FILE MODIFIED,.\audit_log.txt,,NO,d3b9c1f030784955f6a4a372c541395dbbffa17da029f09a0b101dfab173b064,30,LOW
2026-09-12 11:21:23,bhagy,FILE MODIFIED,.\audit_log.txt,,NO,7b711a654eac198e0d4e2e6b7670367013dceebd24757d1cf5d05c133628cd0a,30,LOW
2026-09-12 11:21:23,bhagy,FILE MODIFIED,.\audit_log.txt,,NO,d3a946fc473ba6e8855cb03b6ac178e3d8682aa143652118bdb0727e07cb6cf0,30,LOW
2026-09-12 11:21:24,bhagy,FILE MODIFIED,.\audit_log.txt,,NO,a5f7c2f94252e2681a125bc104c47a25978fedf5615488f1defd70d399f15586,30,LOW
2026-09-12 11:21:24,bhagy,FILE MODIFIED,.\audit_log.txt,,NO,998f9fc31438e7aadc5f2acbe4a0006449392dc888d45d196ca0f2622d4061ff,30,LOW
2026-09-12 11:21:24,bhagy,FILE MODIFIED,.\audit_log.txt,,NO,9d1381e22bc19fac44aac400539642ea238b3225bf0edb206b50f443c41afd32,30,LOW
2026-09-12 11:21:24,bhagy,FILE MODIFIED,.\audit_log.txt,,NO,17bfa750ba84d21354caabf6afeb2977caf90566017176020d65e3dbfc478a63,30,LOW
2026-09-12 11:21:24,bhagy,FILE MODIFIED,.\audit_log.txt,,NO,a518e4688d0d4c804aa431de420de923141f0a1e46fc54201b40fa6245907f75,30,LOW
2026-09-12 11:21:24,bhagy,FILE MODIFIED,.\audit_log.txt,,NO,8e105f4e669b91d179465a9c3e76499a87073e747a59d4b748eec9615505bc95,30,LOW
2026-09-12 11:21:25,bhagy,FILE MODIFIED,.\audit_log.txt,,NO,ee19afa8ee241400a35b056651ac45adec803e266e675126c51700b0fe1a134f,30,LOW
2026-09-12 11:21:25,bhagy,FILE MODIFIED,.\audit_log.txt,,NO,3f3d692fe8061006d9bd9aa156a34f182d9c307281da893f0c95829e00392a25,30,LOW
2026-09-12 11:21:25,bhagy,FILE MODIFIED,.\audit_log.txt,,NO,31e0bb7bf89c80bdf421a308258ca716e7d5c19207dc687508c40bf9056a07ff,30,LOW
2026-09-12 11:21:25,bhagy,FILE MODIFIED,.\audit_log.txt,,NO,dfc2e408d9b2ed09eefe68fa267086034c76148693c3984a28ac75f24884f601,30,LOW
2026-09-12 11:21:25,bhagy,FILE MODIFIED,.\audit_log.txt,,NO,ff371093bca9a3459049bdcd3de5bdd9b86678db2380265956abb62b12af4a83,30,LOW
2026-09-12 11:21:25,bhagy,FILE MODIFIED,.\audit_log.txt,,NO,cbf8741e3cdf1f6475204101da9b42b3e1c2477051aa8bab29e82a2293d8700a,30,LOW
2026-09-12 11:21:26,bhagy,FILE MODIFIED,.\audit_log.txt,,NO,f247832db004d23b6a21ebf6f787aacffd121f71d216d083c330f8de769f9813,30,LOW
2026-09-12 11:21:26,bhagy,FILE MODIFIED,.\audit_log.txt,,NO,5c36b4e5da28489cd86ce31c272702fffe8d3bb673e05cf06466c80079ba6501,30,LOW
2026-09-12 11:21:26,bhagy,FILE MODIFIED,.\audit_log.txt,,NO,932e1164b0fbb2dcd0ae796d9c80c7223f4da95eadc7abd671a1fe6cffa4ea38,30,LOW
2026-09-12 11:21:26,bhagy,FILE MODIFIED,.\audit_log.txt,,NO,7ba58c8f4d34534eedc6eb0bf0f872e4bd22c89323bc5464ea8cfccfc699f8d8,30,LOW
2026-09-12 11:21:26,bhagy,FILE MODIFIED,.\audit_log.txt,,NO,f6b7008a48bd9fc3f72d601b42ccd60e3d19c4bb1b355e1f665d649160099ed2,30,LOW
2026-09-12 11:21:27,bhagy,FILE MODIFIED,.\audit_log.txt,,NO,4647e77348cb2deb6512e895bebe1d410fd5ab21973e4a4bfb7dcdc5bb1557b9,30,LOW
2026-09-12 11:21:27,bhagy,FILE MODIFIED,.\audit_log.txt,,NO,ffc7764430f73c55ede3e4aa2f57ee4dc9147c894e366f35ce94080e581888a1,30,LOW
2026-09-12 11:21:27,bhagy,FILE MODIFIED,.\audit_log.txt,,NO,d0dcc2cdfdcb6e83e7cae30eefa3401de5e96d1d41e2922b19af98b92f986f4d,30,LOW
2026-09-12 11:21:27,bhagy,FILE MODIFIED,.\audit_log.txt,,NO,b0b088735ab6a1ec3a69391eae47e01839006d3a1b5dcedde1e726d6d07321a1,30,LOW
2026-09-12 11:21:27,bhagy,FILE MODIFIED,.\audit_log.txt,,NO,7dd7d803df5b0aa5a15cfb48ad6cad7257cd67c772d5287464232d766c69969f,30,LOW
2026-09-12 11:21:27,bhagy,FILE MODIFIED,.\audit_log.txt,,NO,5c9b5f5c807529f1eb4804f571decd9ef4fa501c8c48ecbd2f8a0b06d0c9b389,30,LOW
2026-09-12 11:21:28,bhagy,FILE MODIFIED,.\audit_log.txt,,NO,55ef5a0bd169a0c4876417a69f32aba7287606f640a78fb728c3d9af1800bf1b,30,LOW
2026-09-12 11:21:28,bhagy,FILE MODIFIED,.\audit_log.txt,,NO,6f7f11aa7d5c55524f4c111efc1d979d9a8733a6762f672e9474cebf8353ffbe,30,LOW
2026-09-12 11:21:28,bhagy,FILE MODIFIED,.\audit_log.txt,,NO,d267b33134f7facfe6c9e84193f9670cd61551614c4bbb6df7ab1c63c241a45b,30,LOW
2026-09-12 11:21:28,bhagy,FILE MODIFIED,.\audit_log.txt,,NO,a016909679e6e8788e22f67f5b03233f106edcd8b075593b6cea17323d0b7a47,30,LOW
2026-09-12 11:21:28,bhagy,FILE MODIFIED,.\audit_log.txt,,NO,c7ae65dc5447efc50699b9d03d66806b155d828935b449ae54eeba0e5c8f7fa3,30,LOW
2026-09-12 11:21:28,bhagy,FILE MODIFIED,.\audit_log.txt,,NO,f52dce7cc7ecb3502845756b32a4b70df9813b902dda624f02b4537d0e76f0c3,30,LOW
2026-09-12 11:21:28,bhagy,FILE MODIFIED,.\audit_log.txt,,NO,8903392ab5481e9196aa0d01a76402f991421e7a51b01426b7e6a4cf8ff366cc,30,LOW
2026-09-12 11:21:29,bhagy,FILE MODIFIED,.\audit_log.txt,,NO,8dc7804cbfa3ce1a4b3018ea4386d42931f0edf86fd9c10bf526e31f67b23a15,30,LOW
2026-09-12 11:21:29,bhagy,FILE MODIFIED,.\audit_log.txt,,NO,8d8e31342c078da60eefdacfc89ee596503757aecbc6faa2741a13d850c2872a,30,LOW
2026-09-12 11:21:29,bhagy,FILE MODIFIED,.\audit_log.txt,,NO,f033117c6fef2ffbc00cd126700c298d4e46c23339b4968d66f9f8299acbfd3b,30,LOW
2026-09-12 11:21:29,bhagy,FILE MODIFIED,.\audit_log.txt,,NO,185acab60993ddfd0bce55cf6ab3d09beb86440bf5f102491f884e98bc30709e,30,LOW
2026-09-12 11:21:29,bhagy,FILE MODIFIED,.\audit_log.txt,,NO,c8860d9421b50d8e4d5ab773fbb8141fa9a5e036e955ab51f7b85167a7d56dee,30,LOW
2026-09-12 11:21:30,bhagy,FILE MODIFIED,.\audit_log.txt,,NO,721bc06e8cafe254d9877c975dbfe34417a744f098599cb3e1fa80c75f74667f,30,LOW
2026-09-12 11:21:30,bhagy,FILE MODIFIED,.\audit_log.txt,,NO,03f41e55641fb0c12714746757560966b71d696b16707d11eb6319d57479d6b2,30,LOW
2026-09-12 11:21:30,bhagy,FILE MODIFIED,.\audit_log.txt,,NO,d476cb44bbde0a29e9d65fa1df6056b7eaa65d82a7a81284673344285c64818c,30,LOW
2026-09-12 11:21:30,bhagy,FILE MODIFIED,.\audit_log.txt,,NO,1275fa599574234cd45f78b134e32362a2d09b2bc9aac0d0008df6b237d19221,30,LOW
2026-09-12 11:21:30,bhagy,FILE MODIFIED,.\audit_log.txt,,NO,26ac5e4f832ab3e63fb218c5084d671dbcdc6970c12d5d63daf2f2f6dd840a45,30,LOW
2026-09-12 11:21:30,bhagy,FILE MODIFIED,.\audit_log.txt,,NO,f46d1fdd2238fb4bea6a4d1ebef7bd1e98a39d34c324a7a13933411aa1621eb5,30,LOW
2026-09-12 11:21:31,bhagy,FILE MODIFIED,.\audit_log.txt,,NO,e75235288acf255bc1ef96514edd6fc75d7a5ed71e76e14b4bd186272a170c40,30,LOW
2026-09-12 11:21:31,bhagy,FILE MODIFIED,.\audit_log.txt,,NO,5bef194d8a44f2ff18e6158175425bc9ec91184918ac046f88d4be7c4210c2bd,30,LOW
2026-09-12 11:21:31,bhagy,FILE MODIFIED,.\audit_log.txt,,NO,7c3a0797ecc78c2463874c38c4a7f36cfbed17a7c562571e67d75cb975e4c907,30,LOW
2026-09-12 11:21:31,bhagy,FILE MODIFIED,.\audit_log.txt,,NO,956b75facc4d75311f1d3938f3af06d3cf71e659f258a738b3ef980a81f715b1,30,LOW
2026-09-12 11:21:31,bhagy,FILE MODIFIED,.\audit_log.txt,,NO,44cc3d22c72bae05088d621927dca5c2280742c682d2470b806612f8544fe80b,30,LOW
2026-09-12 11:21:31,bhagy,FILE MODIFIED,.\audit_log.txt,,NO,0bfce7589bfdbef24ead1313ef0ee57910d11323e28f5e5d2d830991e83f6139,30,LOW
2026-09-12 11:21:32,bhagy,FILE MODIFIED,.\audit_log.txt,,NO,d63761bf8c0558e467b379ace1e7a4189ec166464f18fb261b8ab86cef88d775,30,LOW
2026-09-12 11:21:32,bhagy,FILE MODIFIED,.\audit_log.txt,,NO,d268a8d41ff96e3c3698504dc31bd92dfe7286d138cd1ecd1ff169d2047a1dec,30,LOW
2026-09-12 11:21:32,bhagy,FILE MODIFIED,.\audit_log.txt,,NO,18e8f454062283998a413afe6fcd552f5d0317095691485bd145d57e12c4222c,30,LOW
2026-09-12 11:21:32,bhagy,FILE MODIFIED,.\audit_log.txt,,NO,06a5366c4bc2d6731e8c20f3fc354bb4dbf9998bc9a8892353caa8df2b54e0fd,30,LOW
2026-09-12 11:21:32,bhagy,FILE MODIFIED,.\audit_log.txt,,NO,0c80092a9f2f1045f505d21bf3d4bc3680b6fdfcbcc9cb3aefaac2a1c342d039,30,LOW
2026-09-12 11:21:33,bhagy,FILE MODIFIED,.\audit_log.txt,,NO,6cc8dd43df2a02b31539fbe4b83063d1ba297a7f048ce9973aef98167e81dc77,30,LOW
2026-09-12 11:21:33,bhagy,FILE MODIFIED,.\audit_log.txt,,NO,83606360226d4c6598367fac5b158f427a09331fe6f7cadb32bce51a144cca17,30,LOW
2026-09-12 11:21:33,bhagy,FILE MODIFIED,.\audit_log.txt,,NO,f6be98a03f501d2d8c5ba4130af9324a2fb31e8f3cf816ce547a46c6365044ee,30,LOW
2026-09-12 11:21:33,bhagy,FILE MODIFIED,.\audit_log.txt,,NO,9fc33cf3e31dea1b21758857f560082aac35c2143159f43f17d19e48d30323e2,30,LOW
2026-09-12 11:21:33,bhagy,FILE MODIFIED,.\audit_log.txt,,NO,09fc8a2f3c5bc9f25cb5dc133a8156c9b8daa0bc3d2126fa456bf25945a53c84,30,LOW
2026-09-12 11:21:33,bhagy,FILE MODIFIED,.\audit_log.txt,,NO,1df475d4ae34e2e3e7e15c386ea36f80876aef012676fe045d4965dd8dba3478,30,LOW
2026-09-12 11:21:33,bhagy,FILE MODIFIED,.\audit_log.txt,,NO,c95d40b415c30fd63a670ba9246c57516aba810772147536dfaf60daa81779c3,30,LOW
2026-09-12 11:21:34,bhagy,FILE MODIFIED,.\audit_log.txt,,NO,a4352e2e1a838792a8bccd1be25cae9d41307249c1129d3f967b4d5e07eb180e,30,LOW
2026-09-12 11:21:34,bhagy,FILE MODIFIED,.\audit_log.txt,,NO,5346b4d9a79e06d63bb3bc18ca3edf0874791326ee56ec9c4fec10f0967d3745,30,LOW
2026-09-12 11:21:34,bhagy,FILE MODIFIED,.\audit_log.txt,,NO,10bb722f71bd5dd16735967abae5271cad299253bde9d734084ec06ba40413f8,30,LOW
2026-09-12 11:21:34,bhagy,FILE MODIFIED,.\audit_log.txt,,NO,f0e66089a13ab244b56d3ce68767fb576e092c62b38439458db80b9996529c67,30,LOW
2026-09-12 11:21:34,bhagy,FILE MODIFIED,.\audit_log.txt,,NO,7b7f7b0a85fbd80e77707d43cc316c7539dc770e4f39847f03b7e01c882e7899,30,LOW
2026-09-12 11:21:34,bhagy,FILE MODIFIED,.\audit_log.txt,,NO,8f22a4aafc572eb49106ab17123baf5abc5e21666d234780457fbd4a5c7b82c4,30,LOW
2026-09-12 11:21:35,bhagy,FILE MODIFIED,.\audit_log.txt,,NO,ca0e5f560fe8f55640ae10829cfa08a174c289c5474dea092acdcc90ac6c35c6,30,LOW
2026-09-12 11:21:35,bhagy,FILE MODIFIED,.\audit_log.txt,,NO,f87644260cf00478f0c5e5b2bf5c518226b4d829aaeb6a3b4b212766dd48b468,30,LOW
2026-09-12 11:21:35,bhagy,FILE MODIFIED,.\audit_log.txt,,NO,7b5d13f55bad06a9aa980b3872eb2f83b6ef700efa2cc0e25e436d9fce405699,30,LOW
2026-09-12 11:21:35,bhagy,FILE MODIFIED,.\audit_log.txt,,NO,4bb77420516ba1ca3b615fc727fe7f9bc99fea34cdc3cbc3b43fcae950284ba9,30,LOW
2026-09-12 11:21:35,bhagy,FILE MODIFIED,.\audit_log.txt,,NO,c4f439b457452b3526c19c64db3b1c1b1dc1ae53c72f64bbf859e7c4fed457a2,30,LOW
2026-09-12 11:21:35,bhagy,FILE MODIFIED,.\audit_log.txt,,NO,e20cf3427d6e370e7d52728c2a06bd1342c351fefb3837203b4a05e09547a56d,30,LOW
2026-09-12 11:21:36,bhagy,FILE MODIFIED,.\audit_log.txt,,NO,5c3c05ac416c9024fa172c33f240a86f982b8ed745a1138a7a2d678a67588ed8,30,LOW
2026-09-12 11:21:36,bhagy,FILE MODIFIED,.\audit_log.txt,,NO,b48e9dbb75dcf34079a72193c06c431dd8b05f4ee1e210abe2174afd836dbce1,30,LOW
2026-09-12 11:21:36,bhagy,FILE MODIFIED,.\audit_log.txt,,NO,acf737ac2c78f986158e336846634fb046d89ddf170d0805dcd4427928d7469b,30,LOW
2026-09-12 11:21:36,bhagy,FILE MODIFIED,.\audit_log.txt,,NO,2adf03ee2ca8bf167e4ef8597a68682e4fab48f0272fb5413f4649aa6d8afffc,30,LOW
2026-09-12 11:21:36,bhagy,FILE MODIFIED,.\audit_log.txt,,NO,4ecd15b3aaeec71076a188f63be78c95ac7632a3d41b9ace3166b4b431289cce,30,LOW
2026-09-12 11:21:36,bhagy,FILE MODIFIED,.\audit_log.txt,,NO,fae283a2f50a9532cb9aaf22d7fe2990676bd57deaffbc2d5da31dd40a5dcd45,30,LOW
2026-09-12 11:21:37,bhagy,FILE MODIFIED,.\audit_log.txt,,NO,52a96359fa9986d352c5129dfa487434e921553dea4f97d66299baedfb0351ad,30,LOW
2026-09-12 11:21:37,bhagy,FILE MODIFIED,.\audit_log.txt,,NO,ce7aeee993a6f0137fe362f2e52c2f98079f5e20b02920b583a98cbb62f29c81,30,LOW
2026-09-12 11:21:37,bhagy,FILE MODIFIED,.\audit_log.txt,,NO,dce13697f8aae92c6fcefa17d5a7c65b3435b23f701dea44d43a202b1f1cc643,30,LOW
2026-09-12 11:21:37,bhagy,FILE MODIFIED,.\audit_log.txt,,NO,d2f6cc7d84142a879958090a9360960ba42c2280f2020e7d5947b8d7d96926da,30,LOW
2026-09-12 11:21:37,bhagy,FILE MODIFIED,.\audit_log.txt,,NO,e31ca4d86b3c31afdcb07449aed53080a1891b76357a785aade1a68fcf87641c,30,LOW
2026-09-12 11:21:37,bhagy,FILE MODIFIED,.\audit_log.txt,,NO,17bd09a4b8cdf158617f56d86538f5bf3cd52ee1e5ba694aa5c1dfbb92fe8bbb,30,LOW
2026-09-12 11:21:38,bhagy,FILE MODIFIED,.\audit_log.txt,,NO,899f5a52c4ddd64e22866d95ebbab467c155d2458fc824883bc954bbb2d286c4,30,LOW
2026-09-12 11:21:38,bhagy,FILE MODIFIED,.\audit_log.txt,,NO,a09386f22efbd25fc37bea48ae238e6c11114c4627cd81f482404cb62fd2c247,30,LOW
2026-09-12 11:21:38,bhagy,FILE MODIFIED,.\audit_log.txt,,NO,ab0d73cf99eefc275a08746cc3dc2e56d3aa785ef4e47fba23e2382f6e3f9ef5,30,LOW
2026-09-12 11:21:38,bhagy,FILE MODIFIED,.\audit_log.txt,,NO,f98cd26c2e784cae03fa042051835c10f2acbde834ffe62a08e08c3dea48278e,30,LOW
2026-09-12 11:21:38,bhagy,FILE MODIFIED,.\audit_log.txt,,NO,a15baae52c8584927ca20b5b941bdf1058c3e42c28ef2bad8ab4bc2c6bc84e85,30,LOW
2026-09-12 11:21:38,bhagy,FILE MODIFIED,.\audit_log.txt,,NO,0ff6135e9db5e6b462e9c6403e44bef01ffa6e90fb17c43e6b2116eae97dedff,30,LOW
2026-09-12 11:21:39,bhagy,FILE MODIFIED,.\audit_log.txt,,NO,936615d1565dfc2c3a717e6fb1c730edf1a6631cacd78b708710dbc003cacc60,30,LOW
2026-09-12 11:21:39,bhagy,FILE MODIFIED,.\audit_log.txt,,NO,6c0f3f809da4ac7468e0a72c12d72bbda15de3d949321115cd5bb43ffeab9981,30,LOW
2026-09-12 11:21:39,bhagy,FILE MODIFIED,.\audit_log.txt,,NO,6f0c23c39dcc1bbe8036676e0d720ca39190efbf9bfaa8d34a74e45e74ae414c,30,LOW
2026-09-12 11:21:39,bhagy,FILE MODIFIED,.\audit_log.txt,,NO,2ac4d19c3ba69a73c17fbf35c1d4206452c6c5c917a063205221425d066c9006,30,LOW
2026-09-12 11:21:39,bhagy,FILE MODIFIED,.\audit_log.txt,,NO,65140335ba3ab4114e425a575fab0dd35f64c44e38057519eeda15b054b9072b,30,LOW
2026-09-12 11:21:39,bhagy,FILE MODIFIED,.\audit_log.txt,,NO,9540eb43e5439b493cdc8fc3d53b4860a0a31f3bc0f7e2d2b25a0da28abcf0f5,30,LOW
2026-09-12 11:21:40,bhagy,FILE MODIFIED,.\audit_log.txt,,NO,a8f68a5d5fa9736a88d690d50677328688a45ddad25f872802df35c88801945f,30,LOW
2026-09-12 11:21:40,bhagy,FILE MODIFIED,.\audit_log.txt,,NO,28aa045461a30204309db0dc73d28a6432dd1b9c7876e0fb76218451dc998bfb,30,LOW
2026-09-12 11:21:40,bhagy,FILE MODIFIED,.\audit_log.txt,,NO,862c038da39a7383e64788050b32169bc41b0ea79cc6e34042331a046afe1f27,30,LOW
2026-09-12 11:21:40,bhagy,FILE MODIFIED,.\audit_log.txt,,NO,43eaf3ab1952cdc9413f2e2a92e5d92668afd63a009754f38983ef7c72d7aa18,30,LOW
2026-09-12 11:21:40,bhagy,FILE MODIFIED,.\audit_log.txt,,NO,5a782fdb13ae64ff6028241b8713228e61403efe8d9751885ffa954e00a84d18,30,LOW
2026-09-12 11:21:40,bhagy,FILE MODIFIED,.\audit_log.txt,,NO,1051c232e38308cc1a9f495a77c926deefa6505f315e562b6da4998e06c4cac8,30,LOW
2026-09-12 11:21:40,bhagy,FILE MODIFIED,.\audit_log.txt,,NO,b9f0a24faf21d87e6e62611ef4b5840e318037ba8d3297b51b0e7ab93a09fa98,30,LOW
2026-09-12 11:21:41,bhagy,FILE MODIFIED,.\audit_log.txt,,NO,fdb3962cd0ad54c3c42abfa620a918964f68065656718d08c44ddb2adfe3bbfa,30,LOW
2026-09-12 11:21:41,bhagy,FILE MODIFIED,.\audit_log.txt,,NO,7a8f41afa5cff25f789ced98d3beb148accf8a5d97248733ad4f489cefda317f,30,LOW
2026-09-12 11:21:41,bhagy,FILE MODIFIED,.\audit_log.txt,,NO,70aa5a2794bf3de419013929b93e174c27292d3f6da5ea57573d40e545b783be,30,LOW
2026-09-12 11:21:41,bhagy,FILE MODIFIED,.\audit_log.txt,,NO,0412c018a79fbeb03bf5be4c438c8da0255064c1464b93e72473108962d27f3a,30,LOW
2026-09-12 11:21:41,bhagy,FILE MODIFIED,.\audit_log.txt,,NO,323c4aeee7a8e9b39db6e0eabf1e5cc12ea3c2cd74e8c0fe5b2f968dfd4155da,30,LOW
2026-09-12 11:21:42,bhagy,FILE MODIFIED,.\audit_log.txt,,NO,b7070005999cd38ccc94f4f530cbd2cb29dfed159878fddb2c1ede83e04270a6,30,LOW
2026-09-12 11:21:42,bhagy,FILE MODIFIED,.\audit_log.txt,,NO,920d2b8f03f505d786c3173467e8eabdacc1136ef64377aaaf91ec09a611be7c,30,LOW
2026-09-12 11:21:42,bhagy,FILE MODIFIED,.\audit_log.txt,,NO,499ac861280f8ef13bf5c5342933d18b3157a0a640f797adc86d3704ce0fe752,30,LOW
2026-09-12 11:21:42,bhagy,FILE MODIFIED,.\audit_log.txt,,NO,e7c246bdf0b4efd9547fed6289b230a4edbe1dcd44bd8ec49bac8328059cde89,30,LOW
2026-09-12 11:21:42,bhagy,FILE MODIFIED,.\audit_log.txt,,NO,0be460640e7d3bae361a7c0f8f98e5ca19a9114b1859da7f9b2fd5f3473ab558,30,LOW
2026-09-12 11:21:42,bhagy,FILE MODIFIED,.\audit_log.txt,,NO,3fffedf21efdcebb8a92bd665eef72e4511ce378b85701f9f8f3ee94a6b3a9dd,30,LOW
2026-09-12 11:21:42,bhagy,FILE MODIFIED,.\audit_log.txt,,NO,499cc280ef45c619e9efb9a8c8bd34e0c2e9138848351b71e430f1776c8bad96,30,LOW
2026-09-12 11:21:43,bhagy,FILE MODIFIED,.\audit_log.txt,,NO,a81bac526e120c7812a891c10e11e1a7fd83ebb2190611cd5867f206392c28b6,30,LOW
2026-09-12 11:21:43,bhagy,FILE MODIFIED,.\audit_log.txt,,NO,4bd160be30a0ade28888f7f84a50adc7c7b30507bb320057a29cc488ff434077,30,LOW
2026-09-12 11:21:43,bhagy,FILE MODIFIED,.\audit_log.txt,,NO,926a6cee492c4162d39d5aa37cafa244299547c5ac52b3bed1d920b6e7104020,30,LOW
2026-09-12 11:21:43,bhagy,FILE MODIFIED,.\audit_log.txt,,NO,9a516c8213ecbb887548e9c3bbd1c8125c5bbe16ed1bf84e73c2b27f732946d6,30,LOW
2026-09-12 11:21:43,bhagy,FILE MODIFIED,.\audit_log.txt,,NO,1b4a15a0ef6ae82459062df0093cfb9437249fd10f012f689ffee166fbb8d1d2,30,LOW
2026-09-12 11:21:43,bhagy,FILE MODIFIED,.\audit_log.txt,,NO,eabf074bc82334c20a58ef0fa7e8ccc1dec2236ead353d7e02fd90d272f9a872,30,LOW
2026-09-12 11:21:43,bhagy,FILE MODIFIED,.\audit_log.txt,,NO,f08284ba015a68243a718b50de386ed38b33eaeb8397c2e7aa2dafa1c0afe1bd,30,LOW
2026-09-12 11:21:44,bhagy,FILE MODIFIED,.\audit_log.txt,,NO,b7bc2ace57b6b4ccafefd49aaba483b36958207f94aea6162a1c3bd2e44338cd,30,LOW
2026-09-12 11:21:44,bhagy,FILE MODIFIED,.\audit_log.txt,,NO,7f27d7b8653d68b61c862be194c89c112880a838667552827037bc4fe8befa0f,30,LOW
2026-09-12 11:21:44,bhagy,FILE MODIFIED,.\audit_log.txt,,NO,7f5803bc615804cbbfd47aef648702830ef7b52d489ff51fc7c7d9956ff115dd,30,LOW
2026-09-12 11:21:44,bhagy,FILE MODIFIED,.\audit_log.txt,,NO,4b80501647cd259e72494d677e49b3afcddcf124cef1f3b83b96413903e6d248,30,LOW
2026-09-12 11:21:44,bhagy,FILE MODIFIED,.\audit_log.txt,,NO,41f728c6833aa478acdce5d217d4a11687ff0369f615308a390bc4426f840d55,30,LOW
2026-09-12 11:21:44,bhagy,FILE MODIFIED,.\audit_log.txt,,NO,6da6f2b98ae05459402ba3d1f31e74610b10f549715b0a7409777b3d38cb7dab,30,LOW
2026-09-12 11:21:45,bhagy,FILE MODIFIED,.\audit_log.txt,,NO,6a0e8be891d75574feef54a3141f2402183144aa043cda92881785600a9ccf51,30,LOW
2026-09-12 11:21:45,bhagy,FILE MODIFIED,.\audit_log.txt,,NO,ee15da1de3e3b9903d3c442fce551d25f9ee85032b839d5ebb15594da401a8ff,30,LOW
2026-09-12 11:21:45,bhagy,FILE MODIFIED,.\audit_log.txt,,NO,0e4d5db2b172950918084e6bcef450477479eebf417d9b6ad69ad303eb60473e,30,LOW
2026-09-12 11:21:45,bhagy,FILE MODIFIED,.\audit_log.txt,,NO,706cc707ce992f3d332dd2dc79aaf4554b9eb99e02ade29fba4e2392aae4ae9f,30,LOW
2026-09-12 11:21:45,bhagy,FILE MODIFIED,.\audit_log.txt,,NO,ad564b260731ff6712890d356380fafae22031d0ab07ab35ab7362c3142f1dd0,30,LOW
2026-09-12 11:21:45,bhagy,FILE MODIFIED,.\audit_log.txt,,NO,befb60e2badd06c86d74c54d5e9c066bed60a78c9431772d8f395e3e6dd56c3a,30,LOW
2026-09-12 11:21:46,bhagy,FILE MODIFIED,.\audit_log.txt,,NO,2e7b951db0fe855057f5db33ec5a731ff1eb3315e0f1af06b80a0f5a375d0881,30,LOW
2026-09-12 11:21:46,bhagy,FILE MODIFIED,.\audit_log.txt,,NO,270523e41d0cd0014e76f754099035569d7110eaaa6edc53fd0f7e8a74ec0c0a,30,LOW
2026-09-12 11:21:46,bhagy,FILE MODIFIED,.\audit_log.txt,,NO,89fb410ce7c90f1e0d7c932f3e8b6b1bad0849b319aadf33692a9e3a4539f02e,30,LOW
2026-09-12 11:21:46,bhagy,FILE MODIFIED,.\audit_log.txt,,NO,fe00e7faa02dd7776e4bf81b32e936f5f06fd24cc5f4f40d5f3510badec8721c,30,LOW
2026-09-12 11:21:46,bhagy,FILE MODIFIED,.\audit_log.txt,,NO,403d46948cd6b76a3b6124f151505cffd047df426aa936ba59e326b02e55e726,30,LOW
2026-09-12 11:21:46,bhagy,FILE MODIFIED,.\audit_log.txt,,NO,b424c58c5e90f398bd139af54f894564c4519c918b21198697a57b923dc0c2af,30,LOW
2026-09-12 11:21:46,bhagy,FILE MODIFIED,.\audit_log.txt,,NO,b126b0c105dea5a5f25329793226c3b21a3aaf9b1cab11d43220bd41b59e60be,30,LOW
2026-09-12 11:21:47,bhagy,FILE MODIFIED,.\audit_log.txt,,NO,233a3003482445de62159f63e99cf9cbafcd13ca9bf2169e91150669edf3df1a,30,LOW
2026-09-12 11:21:47,bhagy,FILE MODIFIED,.\audit_log.txt,,NO,f4d29f7c1ab9ccd49efa27784edc075f427b51f7a3897a0cf727838aed507f67,30,LOW
2026-09-12 11:21:47,bhagy,FILE MODIFIED,.\audit_log.txt,,NO,853769bdae11f05ae24cf410f84dc2735758cc3e92adf4711d5a631bdd090d2e,30,LOW
2026-09-12 11:21:47,bhagy,FILE MODIFIED,.\audit_log.txt,,NO,9c159d5a3482a4d7d2417b68c6433f5cc0e5aa07d7f6d9176a4b31ddbbba305d,30,LOW
2026-09-12 11:21:47,bhagy,FILE MODIFIED,.\audit_log.txt,,NO,a17d206b64a9b08639176e2263a3d5435047bccc54905cc0d414612777ebfdac,30,LOW
2026-09-12 11:21:48,bhagy,FILE MODIFIED,.\audit_log.txt,,NO,851068b7e43b6ce24a947ba2b0b00c31b98150fa7c18b5db55c6e02e08300052,30,LOW
2026-09-12 11:21:48,bhagy,FILE MODIFIED,.\audit_log.txt,,NO,c27c290a86f74cc128fbe42bfec5dbba20a4cf984d9cfdf0ed67cc3b97e3c675,30,LOW
2026-09-12 11:21:48,bhagy,FILE MODIFIED,.\audit_log.txt,,NO,05bc966e2d17182dcd2e45371b7827c4fff1072e42d131a6aef51103dd57f101,30,LOW
2026-09-12 11:21:48,bhagy,FILE MODIFIED,.\audit_log.txt,,NO,a11c08debcfd7b3ea54af8d6e4fc88960e92915cd6ac0a9210e2ae3a72e36210,30,LOW
2026-09-12 11:21:48,bhagy,FILE MODIFIED,.\audit_log.txt,,NO,f1d6fb00fcc24dc27d8770fbdf9376baca326de4dc6be8da520bdc49e70591e1,30,LOW
2026-09-12 11:21:48,bhagy,FILE MODIFIED,.\audit_log.txt,,NO,0ce31e2c62ade5dd42d94afb9af41cad276de3ea082adb8630ed312f12013e0b,30,LOW
2026-09-12 11:21:48,bhagy,FILE MODIFIED,.\audit_log.txt,,NO,23e2efee1bc86d8a1aadd8bb4077da5cc61c1a0323154fd09af52dd8f3a52258,30,LOW
2026-09-12 11:21:49,bhagy,FILE MODIFIED,.\audit_log.txt,,NO,0b37a36f990f3e553408cd48d5fabbe5d6fa89f4c813a7136090d3a3aecadf67,30,LOW
2026-09-12 11:21:49,bhagy,FILE MODIFIED,.\audit_log.txt,,NO,66455e270548045c0c4a949ff69537315330e1d03425453c0a753c0f0158b488,30,LOW
2026-09-12 11:21:49,bhagy,FILE MODIFIED,.\audit_log.txt,,NO,75181c8b84745b7dd7311b33220dd251a64119c081b21e0f32711b50344018b6,30,LOW
2026-09-12 11:21:49,bhagy,FILE MODIFIED,.\audit_log.txt,,NO,bec1d68fb649009af4526c10d7ae9053937ed7e98779f1ec4a8ac87291c99112,30,LOW
2026-09-12 11:21:49,bhagy,FILE MODIFIED,.\audit_log.txt,,NO,6be63d7ceb63ff51f0a1c967ca0eabbd42bdf84c9e6fb00ab6b9fa3b6190c79b,30,LOW
2026-09-12 11:21:49,bhagy,FILE MODIFIED,.\audit_log.txt,,NO,b09396cc9c90d1799c2646035008ccbb3cc9a48fd66d0ba8b583252ce15c548e,30,LOW
2026-09-12 11:21:49,bhagy,FILE MODIFIED,.\audit_log.txt,,NO,8f8295ed6a8dc9e996b52dbdc8e3611a64b299d9c11e62edfd6ca9b0834148cd,30,LOW
2026-09-12 11:21:50,bhagy,FILE MODIFIED,.\audit_log.txt,,NO,41fc336d2b18715a78f374a24ce72c6f041b25d0cb1e873a7dd141c7b58b56d1,30,LOW
2026-09-12 11:21:50,bhagy,FILE MODIFIED,.\audit_log.txt,,NO,189f6792dad0f0b8defa25626330ed844284492165f9f1d2248527f0df87d63d,30,LOW
2026-09-12 11:21:50,bhagy,FILE MODIFIED,.\audit_log.txt,,NO,15f8b4f6f277cd12a9f0306271af77d8380cef62b46968c8abd4e471fe9257c0,30,LOW
2026-09-12 11:21:50,bhagy,FILE MODIFIED,.\audit_log.txt,,NO,2f45bbd6c2d36baffd281db07c4e233951172af898e718d612b6cf5b2cb382b0,30,LOW
2026-09-12 11:21:50,bhagy,FILE MODIFIED,.\audit_log.txt,,NO,a4d1f8447534201bc3a8941612d2b1d7b62611e34e50a21819bbce60a91315e7,30,LOW
2026-09-12 11:21:50,bhagy,FILE MODIFIED,.\audit_log.txt,,NO,36d04c3bd37e6b38548a2d25c1c5f195d8dfd406ab75fb8fd4884ee23e54c39a,30,LOW
2026-09-12 11:21:51,bhagy,FILE MODIFIED,.\audit_log.txt,,NO,d27c2bceea126b6263f915b00685fd1346038885d6eaf44f94d6472cc858593d,30,LOW
2026-09-12 11:21:51,bhagy,FILE MODIFIED,.\audit_log.txt,,NO,7c3d56be3f705ac273f00b532283e768d7bbd8e2aacc829c2b45dac188f154a2,30,LOW
2026-09-12 11:21:51,bhagy,FILE MODIFIED,.\audit_log.txt,,NO,4d8e98c8f4c90153b9b8dd82f618aa1296f8b09a0fcbabfb9dfb02e8c543ff06,30,LOW
2026-09-12 11:21:51,bhagy,FILE MODIFIED,.\audit_log.txt,,NO,81657e5a75c34d8b687e793a9aa08237ce556c88e91468f2d2669e4705027dd5,30,LOW
2026-09-12 11:21:51,bhagy,FILE MODIFIED,.\audit_log.txt,,NO,2940652b490f3ec732b717396849f6f0bc95255ec6eaece46c2c179f1b1f32b7,30,LOW
2026-09-12 11:21:51,bhagy,FILE MODIFIED,.\audit_log.txt,,NO,cdf76dc990e82a047ee8e2f8ffea0200ed2b5850bffc24936319d0897628eaef,30,LOW
2026-09-12 11:21:51,bhagy,FILE MODIFIED,.\audit_log.txt,,NO,da14815fa82abb1aabd872d8e060a2b5e5fa7b4f38de4606a46dedd0c24a4d5d,30,LOW
2026-09-12 11:21:52,bhagy,FILE MODIFIED,.\audit_log.txt,,NO,41ebc58f4f2ab54bea037faf56482795b706cc5acd8aceb3cec2bf774cec6496,30,LOW
2026-09-12 11:21:52,bhagy,FILE MODIFIED,.\audit_log.txt,,NO,44fad9986349b69d3096a149dd0bb3d1e25133b2b7518e1349d337472251652b,30,LOW
2026-09-12 11:21:52,bhagy,FILE MODIFIED,.\audit_log.txt,,NO,83fb3a8d8777b12bb8dc5dfd9a8624a0030c0c725308c14eaaff8da424be16a0,30,LOW
2026-09-12 11:21:52,bhagy,FILE MODIFIED,.\audit_log.txt,,NO,81d0dd0b9bff3b2d28fa6726c6595cf42aaa6372579292aa1ce5be001c732d40,30,LOW
2026-09-12 11:21:52,bhagy,FILE MODIFIED,.\audit_log.txt,,NO,5119cc599a43f38c3b7119af23c7ea725e850ee93a1859b412905c8a1316bf1f,30,LOW
2026-09-12 11:21:52,bhagy,FILE MODIFIED,.\audit_log.txt,,NO,25d267416393106ae229586feb27d27dee00b2782c33f3aad083351703ef95d9,30,LOW
2026-09-12 11:21:52,bhagy,FILE MODIFIED,.\audit_log.txt,,NO,29f80e19bcc26ff52e6375142ddd68dd0a5e95b9756a51957a56e041ac7a0844,30,LOW
2026-09-12 11:21:53,bhagy,FILE MODIFIED,.\audit_log.txt,,NO,380ab39ddcc30444e7475777cbbf2a459233248128fe74a8a105a0af54a5ffb3,30,LOW
2026-09-12 11:21:53,bhagy,FILE MODIFIED,.\audit_log.txt,,NO,3a832af3972213a4738c7f930f5accd3737a2f1c2ce9d316eb7ef0bc676efa11,30,LOW
2026-09-12 11:21:53,bhagy,FILE MODIFIED,.\audit_log.txt,,NO,82bb034311b9eeb8493888317a817c3f96ba7b5b7f6f9257280f25ebbcbb8977,30,LOW
2026-09-12 11:21:53,bhagy,FILE MODIFIED,.\audit_log.txt,,NO,0dabf9be0eb2cf49a3f85b959f3fcda07a377835f7d2382bd6d700a1826b390e,30,LOW
2026-09-12 11:21:53,bhagy,FILE MODIFIED,.\audit_log.txt,,NO,3e5fdda957ef6e99f3e64ad47b60288d53fe30b9eb785d62ad5fdbc066e55669,30,LOW
2026-09-12 11:21:53,bhagy,FILE MODIFIED,.\audit_log.txt,,NO,f4bfe28d41ca45fc4d53308c68c0c75b7a4620c5d162663f824f69f16d92289b,30,LOW
2026-09-12 11:21:54,bhagy,FILE MODIFIED,.\audit_log.txt,,NO,6240f13f29529926013047fb6a2d7bda2c840b669a9581d94466b25327affc32,30,LOW
2026-09-12 11:21:54,bhagy,FILE MODIFIED,.\audit_log.txt,,NO,dc9b0733b2eaf7b3485bec2b6c0f90c494155511e7c7f094e40fecd3cafb63c5,30,LOW
2026-09-12 11:21:54,bhagy,FILE MODIFIED,.\audit_log.txt,,NO,e5c40d70dd6c8c4fe5ce88804da6de311c3d5b853387ae001bf7c4c28510e093,30,LOW
2026-09-12 11:21:54,bhagy,FILE MODIFIED,.\audit_log.txt,,NO,ba307fb7d4cad0afb3e2fee6128f75ffd2b22ed84bb9cd6e73a4c9da834926df,30,LOW
2026-09-12 11:21:54,bhagy,FILE MODIFIED,.\audit_log.txt,,NO,3e1ca750087e68342441e581a2f78b0c1fce16f98be60530457a3c42a6e45a8f,30,LOW
2026-09-12 11:21:54,bhagy,FILE MODIFIED,.\audit_log.txt,,NO,94371affeb009df9b2ebc82800105ece463cccfe2a4ebfab58c9ba6b664f2217,30,LOW
2026-09-12 11:21:54,bhagy,FILE MODIFIED,.\audit_log.txt,,NO,c39a88b143e2ab05f1f0b37bc3f917d515f170e917df19fe57aa74840773954b,30,LOW
2026-09-12 11:21:55,bhagy,FILE MODIFIED,.\audit_log.txt,,NO,949ffd62657e375f964219bc1d00eaface6e2e268f00077cadeb3717e8aa6e9c,30,LOW
2026-09-12 11:21:55,bhagy,FILE MODIFIED,.\audit_log.txt,,NO,3bdc0d209e803cd53bc1e563facbd7b59856a453c57fa13db3219f7030c912dc,30,LOW
2026-09-12 11:21:55,bhagy,FILE MODIFIED,.\audit_log.txt,,NO,6acd3ed43926bf05ca46e5053fb4b59452e1d0855a322aea74c101a0af3e3087,30,LOW
2026-09-12 11:21:55,bhagy,FILE MODIFIED,.\audit_log.txt,,NO,65207d115e52ff07f43dc85eeb68c03690f05116aa6bee8bf73d3bdf88c81090,30,LOW
2026-09-12 11:21:55,bhagy,FILE MODIFIED,.\audit_log.txt,,NO,716837437da8b940cef522c84772950f6c97599cd6383459002669e66b23959d,30,LOW
2026-09-12 11:21:55,bhagy,FILE MODIFIED,.\audit_log.txt,,NO,1d0ba7a62e8846f4c63b9e463a3e9d0581d18ef4ca9f9a05668ec2005fd06395,30,LOW
2026-09-12 11:21:56,bhagy,FILE MODIFIED,.\audit_log.txt,,NO,34de4f43e446bc423142669075f84dc39c035178f4bd8f5ec9a810b7eab4282c,30,LOW
2026-09-12 11:21:56,bhagy,FILE MODIFIED,.\audit_log.txt,,NO,12dcf81195784cffcf3dd4025102876531b36c02b95c97bf5a22bc5622f36e21,30,LOW
2026-09-12 11:21:56,bhagy,FILE MODIFIED,.\audit_log.txt,,NO,85768bc2ecb8ea9b420252b396022b85cd7dd91fda83472be23cbe1a8cc58302,30,LOW
2026-09-12 11:21:56,bhagy,FILE MODIFIED,.\audit_log.txt,,NO,5102ec8f0f502c5db759c936e9381111497f1d25d924e00d7943295fa3f48352,30,LOW
2026-09-12 11:21:56,bhagy,FILE MODIFIED,.\audit_log.txt,,NO,84a0adf5a2c566f46ff186940e4dc2ccc9713e4a58e0553ea1843ef874a79362,30,LOW
2026-09-12 11:21:57,bhagy,FILE MODIFIED,.\audit_log.txt,,NO,bac6f02218412149dd87cca81da5cb9887efbc4a1c3f202eb4ae6d41f3ade101,30,LOW
2026-09-12 11:21:57,bhagy,FILE MODIFIED,.\audit_log.txt,,NO,6201d089e386b7974bab97099e5511e54a228330e42721cbf2b16e34262aef6f,30,LOW
2026-09-12 11:21:57,bhagy,FILE MODIFIED,.\audit_log.txt,,NO,7ec5c2ff634c7fcf24dcc78492f9be4b6eadba7dc7e3079bbaff724feb241d94,30,LOW
2026-09-12 11:21:57,bhagy,FILE MODIFIED,.\audit_log.txt,,NO,5ba0bea6e9656a368825cc42b0366546ab44250894dbf9a5d19059c617dc7caa,30,LOW
2026-09-12 11:21:57,bhagy,FILE MODIFIED,.\audit_log.txt,,NO,8c2269166fae1e0c3af470d29e49ffe7aa8ba7996515012072e5c3363939893a,30,LOW
2026-09-12 11:21:57,bhagy,FILE MODIFIED,.\audit_log.txt,,NO,e8510bd1e25a205918b44ac427c418bdd4115b61b4503d496c68d0f9428206fe,30,LOW
2026-09-12 11:21:57,bhagy,FILE MODIFIED,.\audit_log.txt,,NO,a1795914d22a7ca1a72c0d2341ae331ec356959de67967c9b4227fa42616c0b3,30,LOW
2026-09-12 11:21:57,bhagy,FILE MODIFIED,.\audit_log.txt,,NO,92f1e01423c48b899248a30136c20718561fc3e417f58252de6c485604b8b868,30,LOW
2026-09-12 11:21:58,bhagy,FILE MODIFIED,.\audit_log.txt,,NO,c7104c4d2391ad5841eef6b2b0afca8713cead66910f3a23b313e9ffb4a5215e,30,LOW
2026-09-12 11:21:58,bhagy,FILE MODIFIED,.\audit_log.txt,,NO,5690fdf659e3abd85e415b98e1dca8e5ece9cb119513ef1526c49cae44faebfa,30,LOW
2026-09-12 11:21:58,bhagy,FILE MODIFIED,.\audit_log.txt,,NO,6ac050ff341be5297f462ffb7d9d5a84b9c43b549ea31cbf2d14720b020a9017,30,LOW
2026-09-12 11:21:58,bhagy,FILE MODIFIED,.\audit_log.txt,,NO,bfc9abf725ba84f9d6cf031fc833b67d7e6f4d28d8fa9cba5544ae961547d783,30,LOW
2026-09-12 11:21:58,bhagy,FILE MODIFIED,.\audit_log.txt,,NO,eb03189913f08d796ef73fff89fbc46e6cdbff9b3cdd0cc4cdbf382a58aba126,30,LOW
2026-09-12 11:21:58,bhagy,FILE MODIFIED,.\audit_log.txt,,NO,ee12bf732841df4f7b0fb65a0da607a6a4d19b0365e53744b03a460edc92be33,30,LOW
2026-09-12 11:21:59,bhagy,FILE MODIFIED,.\audit_log.txt,,NO,2d66b2e6997e6c01936d3cc716d8391d11597b044528624a7ed03298b7334ed6,30,LOW
2026-09-12 11:21:59,bhagy,FILE MODIFIED,.\audit_log.txt,,NO,93b114dddaf195e533135e408b16ae36cce5cc666b29e004c0e735792af552e0,30,LOW
2026-09-12 11:21:59,bhagy,FILE MODIFIED,.\audit_log.txt,,NO,9d929115398594098f5feeb4e366041bee98f88d51915b074fae7ed699bbd3d4,30,LOW
2026-09-12 11:21:59,bhagy,FILE MODIFIED,.\audit_log.txt,,NO,7cf98b56402f51915304e599c646cf58a76c7796a1ef8c7058b7b27b294b9870,30,LOW
2026-09-12 11:21:59,bhagy,FILE MODIFIED,.\audit_log.txt,,NO,5b66f6c703c900c4eb6e43d484071c4c14a74c7d569b626171de6bfaaf9eec66,30,LOW
2026-09-12 11:21:59,bhagy,FILE MODIFIED,.\audit_log.txt,,NO,57a4d09fcbb5ce1cd065e07227a1b4370ae67fe9ee723c2015f03b40fa1f9616,30,LOW
2026-09-12 11:22:00,bhagy,FILE MODIFIED,.\audit_log.txt,,NO,59af6c4cf0b079f80f9b98deaeb5c76251418e24067a3cb212d9a879173d09fa,30,LOW
2026-09-12 11:22:00,bhagy,FILE MODIFIED,.\audit_log.txt,,NO,fefe41cc1276041ba5abfc14c1a09fee77f072081f31860af82f6332b515466b,30,LOW
2026-09-12 11:22:00,bhagy,FILE MODIFIED,.\audit_log.txt,,NO,567313f447d6a1cd182357c8f5e8adc45b76041320fe61f28f770dc0b87e0ac5,30,LOW
2026-09-12 11:22:00,bhagy,FILE MODIFIED,.\audit_log.txt,,NO,2e07d603d3f13f05d728f4035380815905cbfae19321d5f8efb613f51e931db0,30,LOW
2026-09-12 11:22:00,bhagy,FILE MODIFIED,.\audit_log.txt,,NO,46ae28b1bb9cb4cfa26be63449ec23352abdde47ab659c45f23cf3e838f96196,30,LOW
2026-09-12 11:22:00,bhagy,FILE MODIFIED,.\audit_log.txt,,NO,9cfbfcd930ff2f112a6de0e649870ec27f31417339624700584016b4be027b6c,30,LOW
2026-09-12 11:22:01,bhagy,FILE MODIFIED,.\audit_log.txt,,NO,a6fe728a68143fe7a807752895de93a1447605e003a4700f827e4d35e6cb52fe,30,LOW
2026-09-12 11:22:01,bhagy,FILE MODIFIED,.\audit_log.txt,,NO,be8327d1bd9ea187b2d3dcc654e3912dd569ee9991970e4b0874a6e8c973ff6b,30,LOW
2026-09-12 11:22:01,bhagy,FILE MODIFIED,.\audit_log.txt,,NO,6fb55dd5db357590e0162b0746be238ff3271d25f4b4f48b77e8098e9efc357c,30,LOW
2026-09-12 11:22:01,bhagy,FILE MODIFIED,.\audit_log.txt,,NO,ae72d6cd163c6160a747efa44cdc4ecdafb8ab5214d39eb91764db5d37304bfb,30,LOW
2026-09-12 11:22:01,bhagy,FILE MODIFIED,.\audit_log.txt,,NO,b5a498d43ff2c2901dcd2643f30d882ced2e64f3d70b5cc40f0ffed3a648ba48,30,LOW
2026-09-12 11:22:01,bhagy,FILE MODIFIED,.\audit_log.txt,,NO,e34083f22d1407e6a0ba3917da09d40ab5162758cf0a84e8ebd38689fc3523a6,30,LOW
2026-09-12 11:22:02,bhagy,FILE MODIFIED,.\audit_log.txt,,NO,5f9d4e2883b27ada60694dc939ca778ad05f5e3246b161165b059617efb7618d,30,LOW
2026-09-12 11:22:02,bhagy,FILE MODIFIED,.\audit_log.txt,,NO,dae039bbbd366d6bce9e7c14492ee0fa1920ed4916499d847ba8489c109c73e8,30,LOW
2026-09-12 11:22:02,bhagy,FILE MODIFIED,.\audit_log.txt,,NO,806eaa689e2b171356eeeaaab68ebe6b18af41b697f7c52930caefa1f815ffef,30,LOW
2026-09-12 11:22:02,bhagy,FILE MODIFIED,.\audit_log.txt,,NO,994b2d78514cf778565aefb20148f6d2c6dc05fb006dace417696a1ac90daefc,30,LOW
2026-09-12 11:22:02,bhagy,FILE MODIFIED,.\audit_log.txt,,NO,1cc763d9d261893d29ac13b710607c77984211e5101b3c7a50e29b212268e84b,30,LOW
2026-09-12 11:22:02,bhagy,FILE MODIFIED,.\audit_log.txt,,NO,50184051c6464bd6da232a8909ae475cc901d90bf40a5da00785dd4d9ccce356,30,LOW
2026-09-12 11:22:03,bhagy,FILE MODIFIED,.\audit_log.txt,,NO,784981724a0760c9496ea824560c67a8af338a522be506d30a0410e3337167a0,30,LOW
2026-09-12 11:22:03,bhagy,FILE MODIFIED,.\audit_log.txt,,NO,81f6c22279a05f2519304a124ded11ac7628a0fe20e2eb73ab698ba87cdee7d2,30,LOW
2026-09-12 11:22:03,bhagy,FILE MODIFIED,.\audit_log.txt,,NO,fdd7a9ee812c1c89336bab832235c1e1e973b52a98e4f9237d073d99640f745c,30,LOW
2026-09-12 11:22:03,bhagy,FILE MODIFIED,.\audit_log.txt,,NO,5e8b7c1e3afbe1c86af2c352db6dc5da70d7a2289a128498f536c552ade6ab1b,30,LOW
2026-09-12 11:22:03,bhagy,FILE MODIFIED,.\audit_log.txt,,NO,7a4b19747e188141f833288f417e4273b36157eb658cbc070154bff21e192c67,30,LOW
2026-09-12 11:22:03,bhagy,FILE MODIFIED,.\audit_log.txt,,NO,3d033aa6b4b078793297f369660eeb00b7f9af4897e0d02a2aaed7b5800c52ff,30,LOW
2026-09-12 11:22:04,bhagy,FILE MODIFIED,.\audit_log.txt,,NO,af1632876d4cfd459cf748159de3aa75480c6bad7be5ac341762305ad86498d3,30,LOW
2026-09-12 11:22:04,bhagy,FILE MODIFIED,.\audit_log.txt,,NO,4fd9ab0c76d1b623f6f75e3398f8f4421686e5e5f59ea8fb9f6dff5d0b5864b1,30,LOW
2026-09-12 11:22:04,bhagy,FILE MODIFIED,.\audit_log.txt,,NO,28ff1d3675ab101125b11868e211406d6abe0ba5a11d4023a687a2897c207c9d,30,LOW
2026-09-12 11:22:04,bhagy,FILE MODIFIED,.\audit_log.txt,,NO,14ac87896c03d09542091397cb9984e52f530fbdf10a90ae521617602314eafb,30,LOW
2026-09-12 11:22:04,bhagy,FILE MODIFIED,.\audit_log.txt,,NO,2977a3889360159f79c45ba2772593eb2ef35150868e061b33284aeae165def9,30,LOW
2026-09-12 11:22:04,bhagy,FILE MODIFIED,.\audit_log.txt,,NO,a1812a8cbf28989b490784042d4126b33a8c118efa8869238451f87d713b4910,30,LOW
2026-09-12 11:22:05,bhagy,FILE MODIFIED,.\audit_log.txt,,NO,9ed434a9c163cefd7c3b7899f6777aefaa20c823535b6a7a0fa3539742714f62,30,LOW
2026-09-12 11:22:05,bhagy,FILE MODIFIED,.\audit_log.txt,,NO,4664d2827c18d5e6a452a8b30cdbfcffdf01ac2d6a12afe11c0089eea80eba96,30,LOW
2026-09-12 11:22:05,bhagy,FILE MODIFIED,.\audit_log.txt,,NO,b7a167a0f611cfed35df2ffa2574e33708a782cf3644d3e1bc17f36f54e8a103,30,LOW
2026-09-12 11:22:05,bhagy,FILE MODIFIED,.\audit_log.txt,,NO,7bef0da423773600a3b8e35ba05888a4da1ad312284ca20583b199d64cbbbb7e,30,LOW
2026-09-12 11:22:05,bhagy,FILE MODIFIED,.\audit_log.txt,,NO,f7829235688ca6f8611b90737f35b7885e9762fa8e8b1b227e3b2ec39ccf1e7c,30,LOW
2026-09-12 11:22:05,bhagy,FILE MODIFIED,.\audit_log.txt,,NO,500e0ec60e7884cc6510932170f258d8daf1a530682bdeb2a4e28c00a9160732,30,LOW
2026-09-12 11:22:06,bhagy,FILE MODIFIED,.\audit_log.txt,,NO,ac0667fa9e243346400cf8c859bc0dca1418d2cedbeaa00886957cf050e6521e,30,LOW
2026-09-12 11:22:06,bhagy,FILE MODIFIED,.\audit_log.txt,,NO,12d9b229cca74c36561b29e298574ff46bda56bd1c03e5d8ce2795c0e4cd1318,30,LOW
2026-09-12 11:22:06,bhagy,FILE MODIFIED,.\audit_log.txt,,NO,34fe2910d423437f55764b0c1bdd6f8bedc52907d55de9362532334484512192,30,LOW
2026-09-12 11:22:06,bhagy,FILE MODIFIED,.\audit_log.txt,,NO,cffce8c7818270c741846727dc2d1db8cfaf4a5a08de08c694b294dcbbc47b6d,30,LOW
2026-09-12 11:22:06,bhagy,FILE MODIFIED,.\audit_log.txt,,NO,edc50aca1bf8a57091d0a3c7d57a9ceab115dd32ca28bd9b283bc0439302a8a6,30,LOW
2026-09-12 11:22:06,bhagy,FILE MODIFIED,.\audit_log.txt,,NO,b36273b4c6d4cafa7c61a2f51482580fd9006ea9b320aad5042024c6fb81b029,30,LOW
2026-09-12 11:22:06,bhagy,FILE MODIFIED,.\audit_log.txt,,NO,9b1a9e3b374ed00dc25edf63ddab6ddd87454938fa821be3905399f87bb3975d,30,LOW
2026-09-12 11:22:07,bhagy,FILE MODIFIED,.\audit_log.txt,,NO,0de854258e0b4f94304f71124b0e9358eab7c41e1f84d53f1f07e19c36d0df23,30,LOW
2026-09-12 11:22:07,bhagy,FILE MODIFIED,.\audit_log.txt,,NO,5f4baf2bde598c60d064282c762597b3ed54f06690af423bf61c9b1da0ad26dd,30,LOW
2026-09-12 11:22:07,bhagy,FILE MODIFIED,.\audit_log.txt,,NO,28aafa100ee9f85c8ca917b539d7e60e6041dfae0d345f54ceca1f24c61c10a7,30,LOW
2026-09-12 11:22:07,bhagy,FILE MODIFIED,.\audit_log.txt,,NO,47768cc6daf49a4a996921909f6b294bd2f84c5173584f03259427dccd7c82bc,30,LOW
2026-09-12 11:22:07,bhagy,FILE MODIFIED,.\audit_log.txt,,NO,8d50d5bd538959e912c63a13ebf355b1b475212f8789ed40c9d3195dd347c8c4,30,LOW
2026-09-12 11:22:07,bhagy,FILE MODIFIED,.\audit_log.txt,,NO,3f004af73c8d58856f2526a2e4eac54dc4f6b01e598c79dd71f9c56e7521a6a4,30,LOW
2026-09-12 11:22:08,bhagy,FILE MODIFIED,.\audit_log.txt,,NO,6ba972256c24f9e4fea27c39150606b745d99ae5524c9b2ad29c73eb74397b21,30,LOW
2026-09-12 11:22:08,bhagy,FILE MODIFIED,.\audit_log.txt,,NO,dfde12780685dc9fdd850c93839a1f2571e64f4b04b908344c181d36ae765f1a,30,LOW
2026-09-12 11:22:08,bhagy,FILE MODIFIED,.\audit_log.txt,,NO,77d3a5ad316a2cb92fbea517d51d07c186e54b196e20402fa9e4e49c93a1a372,30,LOW
2026-09-12 11:22:08,bhagy,FILE MODIFIED,.\audit_log.txt,,NO,514dcfbd116ff949dccd211a20eca779de3df11fd5d871150081d75e54a2548b,30,LOW
2026-09-12 11:22:08,bhagy,FILE MODIFIED,.\audit_log.txt,,NO,88e4734597008dd145e8fdb577f9d115993297f1450d87a667fcb83d5681c659,30,LOW
2026-09-12 11:22:08,bhagy,FILE MODIFIED,.\audit_log.txt,,NO,26b5861b0024392d93979aeca66ac92fccc4aeddf219ee920c8b3b75b7103874,30,LOW
2026-09-12 11:22:09,bhagy,FILE MODIFIED,.\audit_log.txt,,NO,14fa572627066f71611319946ac25813459c301ef0e2e166e2bf3befb6c62659,30,LOW
2026-09-12 11:22:09,bhagy,FILE MODIFIED,.\audit_log.txt,,NO,9c0e2e1b578a49c1dc6b38c4ce6b565387033fd8250bc2af1cff117d1f7af445,30,LOW
2026-09-12 11:22:09,bhagy,FILE MODIFIED,.\audit_log.txt,,NO,b7f582c329ce437d9424d7e06cbfa71fc5218269568ad11e8a8ae68199de4677,30,LOW
2026-09-12 11:22:09,bhagy,FILE MODIFIED,.\audit_log.txt,,NO,aeb2585bb119a404e9d35dba67c2412cb6146bd6f2602efe31ca161ff48a0a25,30,LOW
2026-09-12 11:22:09,bhagy,FILE MODIFIED,.\audit_log.txt,,NO,ca0482ef379e765036bc9ab6fff1c7cd5fa10e6d0972b4724cad87d099cf968f,30,LOW
2026-09-12 11:22:09,bhagy,FILE MODIFIED,.\audit_log.txt,,NO,8ff11e3273157b42bcc03d61cb07b7d7b1e7f6cc7626a880f6fb0302b4f4db1e,30,LOW
2026-09-12 11:22:10,bhagy,FILE MODIFIED,.\audit_log.txt,,NO,8caae026eb3e18aede3fdc18b42d1207a7aae90af6020d05c7c4a83c7c098902,30,LOW
2026-09-12 11:22:10,bhagy,FILE MODIFIED,.\audit_log.txt,,NO,d1d16a4b70354eb655b491fb3690496983421bc5550c1b2b2e9edc106ee29162,30,LOW
2026-09-12 11:22:10,bhagy,FILE MODIFIED,.\audit_log.txt,,NO,370a8fc244c33b800a2f51ee97a1da5bb2c56b9c0177ab03f55b5a05df7ccae5,30,LOW
2026-09-12 11:22:10,bhagy,FILE MODIFIED,.\audit_log.txt,,NO,4cd2c3ffeb9b66b9ae00eb94a6b3b070f31981519122e3fb072a19167506928a,30,LOW
2026-09-12 11:22:10,bhagy,FILE MODIFIED,.\audit_log.txt,,NO,836fd84de1c1e06da44304e9763d860e905809cd9558d46ca16c6d93f16fe609,30,LOW
2026-09-12 11:22:10,bhagy,FILE MODIFIED,.\audit_log.txt,,NO,fa90e9f0ddd5b5b6316a15bfecb078f8dec1cda39c3f0d6bfc9d5adb40819652,30,LOW
2026-09-12 11:22:11,bhagy,FILE MODIFIED,.\audit_log.txt,,NO,d0fdb82ce468eccb05b26df37653e482bcb55e57fdf3c544b14c240f79e2b63c,30,LOW
2026-09-12 11:22:11,bhagy,FILE MODIFIED,.\audit_log.txt,,NO,5d0cb2b01280882e9d1c3adbb6b13835dcb77fbea1d5c01f6f1d041e4008a513,30,LOW
2026-09-12 11:22:11,bhagy,FILE MODIFIED,.\audit_log.txt,,NO,cf5efc0961ea874c993acd657fba89794931559b2accfaeffdc248d0ad4f6a46,30,LOW
2026-09-12 11:22:11,bhagy,FILE MODIFIED,.\audit_log.txt,,NO,c757b1df2b7a482c446acb4fee646d97558ea8e599aedaee10c50ef0a043f318,30,LOW
2026-09-12 11:22:11,bhagy,FILE MODIFIED,.\audit_log.txt,,NO,57578917e24257582082879c35e8686e29a02ea8ee7f715b7f1f6473442aae52,30,LOW
2026-09-12 11:22:11,bhagy,FILE MODIFIED,.\audit_log.txt,,NO,97c424fbd0eda0d7f71dfa35b90b1eafb098107c4b471d23d45b0b8ca722c0ff,30,LOW
2026-09-12 11:22:12,bhagy,FILE MODIFIED,.\audit_log.txt,,NO,95cc82992f242302f5c5c026f8f23336d07d44cbc90e0d2ca9492cc84568ddb2,30,LOW
2026-09-12 11:22:12,bhagy,FILE MODIFIED,.\audit_log.txt,,NO,2a008ccf309a7405f70d6bad4353b5c917df6df3bdcdee04d22f7c740c34cbef,30,LOW
2026-09-12 11:22:12,bhagy,FILE MODIFIED,.\audit_log.txt,,NO,243a8f5c0b444f7be29b23d9a7818e910cd8a3782bf5e2fc4be6e8d4635cd387,30,LOW
2026-09-12 11:22:12,bhagy,FILE MODIFIED,.\audit_log.txt,,NO,7dcea18a40c873589313c6691ed849a485ae7a6a23c8eb538a6a8779faf2eabd,30,LOW
2026-09-12 11:22:12,bhagy,FILE MODIFIED,.\audit_log.txt,,NO,8035ff5a34c123af6f3485d9eb825f04f00cfe7e3a61dfef330059066e455ed6,30,LOW
2026-09-12 11:22:12,bhagy,FILE MODIFIED,.\audit_log.txt,,NO,f8f0677fa6d61c0cbd0b9fafbd52fcf185f3451a9d8aed1886cd10fe1c271c83,30,LOW
2026-09-12 11:22:13,bhagy,FILE MODIFIED,.\audit_log.txt,,NO,9c8f9eca97354dcf344593dbe9bb73ebf6e1a35275d173c0e4dbed7e1e5f3672,30,LOW
2026-09-12 11:22:13,bhagy,FILE MODIFIED,.\audit_log.txt,,NO,bb8406ee8197187e7de5d7eb55c32a3055a570dfa86dfa6150e25eee2f3d5fc6,30,LOW
2026-09-12 11:22:13,bhagy,FILE MODIFIED,.\audit_log.txt,,NO,39d1e6174823b2704cc03aa6f9dedb3474835872f7e80da59c55548aaf2a1dcd,30,LOW
2026-09-12 11:22:13,bhagy,FILE MODIFIED,.\audit_log.txt,,NO,7a395b50f489d73df0fdd009c2775dcc2094d4513d4cf1c8d780b63e26a4ddca,30,LOW
2026-09-12 11:22:13,bhagy,FILE MODIFIED,.\audit_log.txt,,NO,c434a12832d4da49defc9eb6d1181614367a79f5edbe74a6b545ef49e9ddac56,30,LOW
2026-09-12 11:22:13,bhagy,FILE MODIFIED,.\audit_log.txt,,NO,163f7e83f9108ee536eacef1f936a53851b390a044f8bc8c1260135e3dc80598,30,LOW
2026-09-12 11:22:14,bhagy,FILE MODIFIED,.\audit_log.txt,,NO,8a8047419f6d5c3470a9f7f29766096c3719f1f2621e0c2f622d4d057868505a,30,LOW
2026-09-12 11:22:14,bhagy,FILE MODIFIED,.\audit_log.txt,,NO,deff10fca555266aad64e46a379665d90fbf9e442c7b4c1fcddf6c0dccb15895,30,LOW
2026-09-12 11:22:14,bhagy,FILE MODIFIED,.\audit_log.txt,,NO,89a6e886bf9d23ca705fe4240f1a37ea1e619c8f22c2b18b728f8a98a028c513,30,LOW
2026-09-12 11:22:14,bhagy,FILE MODIFIED,.\audit_log.txt,,NO,3630d1782b2d903de86f52f24cc1f6ef735cdf4ce522630891df2c10b1db3792,30,LOW
2026-09-12 11:22:14,bhagy,FILE MODIFIED,.\audit_log.txt,,NO,c6d33a4a401fc6df17c10dcc1df8681e3fec5831f0907ceeea72b03ee91d9614,30,LOW
2026-09-12 11:22:14,bhagy,FILE MODIFIED,.\audit_log.txt,,NO,350f86caaa19dbae054c04557451668001a68f51f67440b3e94d01d79c660d65,30,LOW
2026-09-12 11:22:14,bhagy,FILE MODIFIED,.\audit_log.txt,,NO,7aa47b00da0658d52d5ad372f5bf05e8e24b44bc4229bc0b34e17f901bfba795,30,LOW
2026-09-12 11:22:15,bhagy,FILE MODIFIED,.\audit_log.txt,,NO,911d13ba34ed035d8b0b8b80121ff7605b478bd513923ae9fea4ed098fe808be,30,LOW
2026-09-12 11:22:15,bhagy,FILE MODIFIED,.\audit_log.txt,,NO,ae12357c1bcc341057d1589e22ef61bb689b461e039268ce748d33e9720aefaf,30,LOW
2026-09-12 11:22:15,bhagy,FILE MODIFIED,.\audit_log.txt,,NO,b32c653ba94d6f5d88a010a1b73e998a7438f6e9a55a38df0526f80a523e7fb1,30,LOW
2026-09-12 11:22:15,bhagy,FILE MODIFIED,.\audit_log.txt,,NO,cdf95ef6a8cbf28128a74d7a3005f2a0d92734d7e45d5e8db00040db1495bd00,30,LOW
2026-09-12 11:22:15,bhagy,FILE MODIFIED,.\audit_log.txt,,NO,e2bd4dfad0a2092318dd1300b373339525309e7747ea6a16d27e8e74e40477f3,30,LOW
2026-09-12 11:22:15,bhagy,FILE MODIFIED,.\audit_log.txt,,NO,6c534938f54130d7f10777c7ee1bde748da787f20a72a033b843d18563561a6c,30,LOW
2026-09-12 11:22:16,bhagy,FILE MODIFIED,.\audit_log.txt,,NO,bb0d970f6a3e85eaea43c9976fa4e695c24d4ccb8424581f24d22e37a44e2530,30,LOW
2026-09-12 11:22:16,bhagy,FILE MODIFIED,.\audit_log.txt,,NO,6ea3d65d03d92aee287fe25a1a3ad799c0b31cc80fccb4ca89479cbadc1d775c,30,LOW
2026-09-12 11:22:16,bhagy,FILE MODIFIED,.\audit_log.txt,,NO,f072bbd7ca08066ebde4d5fde431b90c93c83ce00e8410d9e2d36f9502c83c3f,30,LOW
2026-09-12 11:22:16,bhagy,FILE MODIFIED,.\audit_log.txt,,NO,d99df294c6ecdf79a06106733833648b557c988a394925698dda91ecd98d82a0,30,LOW
2026-09-12 11:22:16,bhagy,FILE MODIFIED,.\audit_log.txt,,NO,e7749abda9507434bc4abf818c3a44878a23d5f210d7e895ecbb0979e68d83d6,30,LOW
2026-09-12 11:22:16,bhagy,FILE MODIFIED,.\audit_log.txt,,NO,e7daad56c22a4d331c8b5129b9d1f9b74a94713ef77e45d038c55870814ad15e,30,LOW
2026-09-12 11:22:17,bhagy,FILE MODIFIED,.\audit_log.txt,,NO,95b605f36833e0376d2ed9656a2283f4a0c24c7030ff59ab97667b1420a25b22,30,LOW
2026-09-12 11:22:17,bhagy,FILE MODIFIED,.\audit_log.txt,,NO,4c476a221b5f8a0ae8d397b4bb9b3718b8110339d06758d0f0dbc1731311dae0,30,LOW
2026-09-12 11:22:17,bhagy,FILE MODIFIED,.\audit_log.txt,,NO,5c58f295788ce345e987ade394808f57a3c01ee2cf8434dc863c2df9a6f7602e,30,LOW
2026-09-12 11:22:17,bhagy,FILE MODIFIED,.\audit_log.txt,,NO,12ae3f01baa1c7ad979f054811d677d4b324496d6a9d52ed639ca180ed660484,30,LOW
2026-09-12 11:22:18,bhagy,FILE MODIFIED,.\audit_log.txt,,NO,36453806d18ceb35a31a7ef00cdddc861efb101de1e34ec2085dcbb6953cbd64,30,LOW
2026-09-12 11:22:18,bhagy,FILE MODIFIED,.\audit_log.txt,,NO,a7dc02c48794f086171b981e3b3b59170e7733ef4141febd03d982df95fa83cd,30,LOW
2026-09-12 11:22:18,bhagy,FILE MODIFIED,.\audit_log.txt,,NO,9352d8566c018f5d3450ecf547bad6c4fc78b1f7a7548d78ac012a73756daa53,30,LOW
2026-09-12 11:22:18,bhagy,FILE MODIFIED,.\audit_log.txt,,NO,0f9aa41f5a44d009b9bad64e831807309a9e04177019360ce3cf54daf5d689aa,30,LOW
2026-09-12 11:22:18,bhagy,FILE MODIFIED,.\audit_log.txt,,NO,8073dc438b90def66d1d2ab465db8b6a1ba34c761e5d5381d3ab05c9f448ebb6,30,LOW
2026-09-12 11:22:18,bhagy,FILE MODIFIED,.\audit_log.txt,,NO,987e980a66817fe2c248ce0ffabfcb42f5240fd048324e6170815468c14e22b8,30,LOW
2026-09-12 11:22:19,bhagy,FILE MODIFIED,.\audit_log.txt,,NO,b2ef9226db6c3565ae21ae6e32371b920971e872586ad85c3192ff16edc668bc,30,LOW
2026-09-12 11:22:19,bhagy,FILE MODIFIED,.\audit_log.txt,,NO,0164288cab70ae215504847217c5dd24add46d08a5e9f59b0853b64a7782f014,30,LOW
2026-09-12 11:22:19,bhagy,FILE MODIFIED,.\audit_log.txt,,NO,71f013f411ee370f88138466fcfcd9dfbbb96ad429ca1fc11392238d82355c89,30,LOW
2026-09-12 11:22:19,bhagy,FILE MODIFIED,.\audit_log.txt,,NO,7fd0aa2c33b11f48c603b633603983e2e8966871667e035f0478e9f591aa58e4,30,LOW
2026-09-12 11:22:19,bhagy,FILE MODIFIED,.\audit_log.txt,,NO,a0c8bb98c6d9430923fa2879a3bc42b89f7f8affbc31635e5c63cf32e07c7304,30,LOW
2026-09-12 11:22:19,bhagy,FILE MODIFIED,.\audit_log.txt,,NO,34e79f96dfabb7d94b4c6bc168d46e6be7be5a8bd162271ff9d6f6b62d6e451a,30,LOW
2026-09-12 11:22:20,bhagy,FILE MODIFIED,.\audit_log.txt,,NO,7d948e47a4f5694c27e0e2be41a1daf773464afc8fe6fda7816c49c92857fe30,30,LOW
2026-09-12 11:22:20,bhagy,FILE MODIFIED,.\audit_log.txt,,NO,2c8e674fb8825e1ea67e9c5595c770ffc577d1f6aa446e68142bcf7362d9b766,30,LOW
2026-09-12 11:22:20,bhagy,FILE MODIFIED,.\audit_log.txt,,NO,be1115376da362a5c4d3d1e097dac7a316e3a8aa5ad414309eafe236d67ad3c2,30,LOW
2026-09-12 11:22:20,bhagy,FILE MODIFIED,.\audit_log.txt,,NO,c27c0507f2543541bb55bb2ea087b2124c9e8587bf4435650e1c5a6471c8b092,30,LOW
2026-09-12 11:22:20,bhagy,FILE MODIFIED,.\audit_log.txt,,NO,08685ad9060e43441e64fa0912d9394cd77655431d9745155366d8d141460803,30,LOW
2026-09-12 11:22:20,bhagy,FILE MODIFIED,.\audit_log.txt,,NO,1f9ff587d6b6018ef1b5e7236f5a5bb1326babdb5965f0095d64facf21d6739d,30,LOW
2026-09-12 11:22:21,bhagy,FILE MODIFIED,.\audit_log.txt,,NO,bb534d8eb60865d75da1157073ae68fe929b54215d4adaa685ce8d68ae89c414,30,LOW
2026-09-12 11:22:21,bhagy,FILE MODIFIED,.\audit_log.txt,,NO,d4ba45bf1666ca30d60a93089fc7210bf745ca4423c10d57ce262c1440d01616,30,LOW
2026-09-12 11:22:21,bhagy,FILE MODIFIED,.\audit_log.txt,,NO,1539d58114bdfaa3af5a9028aa70851b35457d7226afc74430b28e458ed5951b,30,LOW
2026-09-12 11:22:21,bhagy,FILE MODIFIED,.\audit_log.txt,,NO,e59e45acfc52f75cd2f3547be5bca05b35fa26b18b1fc4417cd503d8d8f32c2f,30,LOW
2026-09-12 11:22:21,bhagy,FILE MODIFIED,.\audit_log.txt,,NO,262a95952150927b7708d5af3476028700f91a77dd44072b8666b8a9e1037a7e,30,LOW
2026-09-12 11:22:21,bhagy,FILE MODIFIED,.\audit_log.txt,,NO,f084fdd33e9e82ba6a614c90c68dc25aae25605a937deba44d693e8acd6a0b59,30,LOW
2026-09-12 11:22:22,bhagy,FILE MODIFIED,.\audit_log.txt,,NO,221a3d62c7d6b07d7e7d1b5138a95d9a02aa3303b8aa11b6028892f5dc1949de,30,LOW
2026-09-12 11:22:22,bhagy,FILE MODIFIED,.\audit_log.txt,,NO,b3d2dee217b42ae9810fd7980f04ae0e3b8ba1896015ad17ee12b4e54f2e8c6e,30,LOW
2026-09-12 11:22:22,bhagy,FILE MODIFIED,.\audit_log.txt,,NO,776b2880d9ab5e87c4a104d353ad04d9702b1eab137d7c90dc195e728bd6b60d,30,LOW
2026-09-12 11:22:22,bhagy,FILE MODIFIED,.\audit_log.txt,,NO,09b34475b4743e065193eca5490185d6c9b1114a752b13601346ee84655324bf,30,LOW
2026-09-12 11:22:22,bhagy,FILE MODIFIED,.\audit_log.txt,,NO,c1df2a07790dd909aea37a3a77f6f25edd1bc9ffc0d8a34d5ff76c490c347704,30,LOW
2026-09-12 11:22:23,bhagy,FILE MODIFIED,.\audit_log.txt,,NO,4bb602758dbab211aa5c0e0a3ab6a8ad91463ce964c356a0d189987f550281a2,30,LOW
2026-09-12 11:22:23,bhagy,FILE MODIFIED,.\audit_log.txt,,NO,b8ea64bef0610d56f83eaaf55492ddf5e02679474909e0725ab6dbcfd7c0f671,30,LOW
2026-09-12 11:22:23,bhagy,FILE MODIFIED,.\audit_log.txt,,NO,6a9e766f5eaaeec1917f56aecd2475c7309ac6a6d33dc315f6a73cabb00d00af,30,LOW
2026-09-12 11:22:23,bhagy,FILE MODIFIED,.\audit_log.txt,,NO,480d42580da37736399538123a433fb264452e777bfefd142864e44144d70612,30,LOW
2026-09-12 11:22:23,bhagy,FILE MODIFIED,.\audit_log.txt,,NO,d9d2eb6db9a9c60e2c536c0bf4c9c571e25e5479c929cc6ad42ce99d926d2ce1,30,LOW
2026-09-12 11:22:23,bhagy,FILE MODIFIED,.\audit_log.txt,,NO,2d700d1221367c29623d0a268bf88fcdb6004bd3d2e27bc172c3cbd50ca1b4a0,30,LOW
2026-09-12 11:22:24,bhagy,FILE MODIFIED,.\audit_log.txt,,NO,2e12187d1cc8f02893ad795fa62437fb6e4e4dfe3b3447b04861efec7f25564a,30,LOW
2026-09-12 11:22:24,bhagy,FILE MODIFIED,.\audit_log.txt,,NO,36fdfb4747e1c67b82fcaa0021b19c55567495e9c7d73668154c1c727de86cc7,30,LOW
2026-09-12 11:22:24,bhagy,FILE MODIFIED,.\audit_log.txt,,NO,bf0214941c8a32a14f0c700819b33eca881fc62fb76620fb48c2725dd7ef2d11,30,LOW
2026-09-12 11:22:24,bhagy,FILE MODIFIED,.\audit_log.txt,,NO,8b2f691d39c140d3e88a4d262ef15e78697e614fa16ecf15e0db9b83559ac589,30,LOW
2026-09-12 11:22:24,bhagy,FILE MODIFIED,.\audit_log.txt,,NO,4b8c9a29a98e3c0d1e25986fbf5f64200b54d784848150ea88ef721997e0a442,30,LOW
2026-09-12 11:22:24,bhagy,FILE MODIFIED,.\audit_log.txt,,NO,37321df5d846e3c25a49f57c84faf1f2ec43a175c577828dd8a2dcad3c444bf3,30,LOW
2026-09-12 11:22:25,bhagy,FILE MODIFIED,.\audit_log.txt,,NO,8055d465e85748e111e980303a59c3ec8146411bbe3bd6014387451e3a29ee66,30,LOW
2026-09-12 11:22:25,bhagy,FILE MODIFIED,.\audit_log.txt,,NO,84dd4ed4f3c79d5fd8230d16245813df113e6c40ed2c105d9c5b82a38f292361,30,LOW
2026-09-12 11:22:25,bhagy,FILE MODIFIED,.\audit_log.txt,,NO,babeab7c4e5bb58859b31d9daf093670d7d32d5e2d8ceb13834cb8bd418f6fa7,30,LOW
2026-09-12 11:22:25,bhagy,FILE MODIFIED,.\audit_log.txt,,NO,dcdd7699700170a970216574290e7944046f29a78f7c2b8ad628b6a14157175f,30,LOW
2026-09-12 11:22:25,bhagy,FILE MODIFIED,.\audit_log.txt,,NO,7efb0dc6dccf7cb96a4b64f93ec4c10f41a2b89c418fabd14d8081186fb5bc5b,30,LOW
2026-09-12 11:22:25,bhagy,FILE MODIFIED,.\audit_log.txt,,NO,d35991ffbd8bd44552a93a41c091c5dc3465f6ad61e747148725810c39c821b3,30,LOW
2026-09-12 11:22:26,bhagy,FILE MODIFIED,.\audit_log.txt,,NO,e548af99add33253dedd98c8c3f0a7df623eb3ff82c7cf14b229a342a7dc5548,30,LOW
2026-09-12 11:22:26,bhagy,FILE MODIFIED,.\audit_log.txt,,NO,aacd3b46327c14da6c67dfa6b50f49c9398f91082ec8d6932f2f4643c5c751f0,30,LOW
2026-09-12 11:22:26,bhagy,FILE MODIFIED,.\audit_log.txt,,NO,bf5e9178e1db03e6ba57ace38b231947bb59fa8a6c6e1c28c0461237c6a62ac2,30,LOW
2026-09-12 11:22:26,bhagy,FILE MODIFIED,.\audit_log.txt,,NO,c03f41e6c834bbc74d71f32822da5a688f44cc5434555d2d38fc6ae837bfe4f6,30,LOW
2026-09-12 11:22:26,bhagy,FILE MODIFIED,.\audit_log.txt,,NO,8d4d2bd9948e085b424ed5ba87cd45a0e91801570340f71ba3f74d1569e24057,30,LOW
2026-09-12 11:22:26,bhagy,FILE MODIFIED,.\audit_log.txt,,NO,64de5109f3447bec3808ce2e77a67df28e3cbb8bf4ec54e6d0229f9dd4f1e1ca,30,LOW
2026-09-12 11:22:27,bhagy,FILE MODIFIED,.\audit_log.txt,,NO,1efb51f7e5fcb7d64da87da10b84016cda68eb3d41b65742df49740fc08acd2f,30,LOW
2026-09-12 11:22:27,bhagy,FILE MODIFIED,.\audit_log.txt,,NO,b52ddd0b60cface33446da4b6f0aff8eb2656934b97e67ea2df7692f02914a51,30,LOW
2026-09-12 11:22:27,bhagy,FILE MODIFIED,.\audit_log.txt,,NO,2aa5761470a7e4a912b5e078e1fe1d8a6ac68e9b6cd6b810de9b449895c9dd6e,30,LOW
2026-09-12 11:22:27,bhagy,FILE MODIFIED,.\audit_log.txt,,NO,391e5dc1f35ad7403d13ef8f14b30796f9687b320872456c7477771d775c9d26,30,LOW
2026-09-12 11:22:27,bhagy,FILE MODIFIED,.\audit_log.txt,,NO,6e17fd76ddb036844d20db01d3eb6b3d19c938d82095959c839da951cb41413f,30,LOW
2026-09-12 11:22:27,bhagy,FILE MODIFIED,.\audit_log.txt,,NO,bcd5d5e1199ceb4ae8bde1a48942bd702c064b868e0b2a68be3336b585d47be4,30,LOW
2026-09-12 11:22:28,bhagy,FILE MODIFIED,.\audit_log.txt,,NO,77e353058e2f6df48a1d68ccdfec60248c96a1aa111b15e1e41cb44234590b90,30,LOW
2026-09-12 11:22:28,bhagy,FILE MODIFIED,.\audit_log.txt,,NO,47ae1cd1fe23c4e8b2341b1a6441dedd7a49cdf263e5dd68a9bba074c16d16ee,30,LOW
2026-09-12 11:22:28,bhagy,FILE MODIFIED,.\audit_log.txt,,NO,6a76cc8aab2ed62b621c661bdacc1023eb2ff71371c8ef7065e2999a50c74917,30,LOW
2026-09-12 11:22:28,bhagy,FILE MODIFIED,.\audit_log.txt,,NO,83582849ade6fb52dbace96d5e5eb8906e4b6eb489795111a334a1888e82a2dd,30,LOW
2026-09-12 11:22:28,bhagy,FILE MODIFIED,.\audit_log.txt,,NO,6eb4203f38b7f8efc6faf3db2b084ce5de78cb956a2eb0832ec52801e226da95,30,LOW
2026-09-12 11:22:28,bhagy,FILE MODIFIED,.\audit_log.txt,,NO,68a9c664134bf6e9945947ad9547c82f4df276f3ddd518b51ed1e1cb945171b1,30,LOW
2026-09-12 11:22:28,bhagy,FILE MODIFIED,.\audit_log.txt,,NO,42cf1f741d1d7bad7074bd7fd4639212567ad13fcb94f5be9b4eff90cfa02ff1,30,LOW
2026-09-12 11:22:29,bhagy,FILE MODIFIED,.\audit_log.txt,,NO,cd7b67fef0cf8bab9008eb9ef61fe823bebb116b3afd2c1729bf1fb692afce45,30,LOW
2026-09-12 11:22:29,bhagy,FILE MODIFIED,.\audit_log.txt,,NO,f768bbaa7a4d95fbfe67055cef13e5cc0daeb737564f294fc9763577ab757c09,30,LOW
2026-09-12 11:22:29,bhagy,FILE MODIFIED,.\audit_log.txt,,NO,b1d8c527c707b27e4c8f901cfaf31e60eca8c6b63d983fed3a3c767dcb5d390b,30,LOW
2026-09-12 11:22:29,bhagy,FILE MODIFIED,.\audit_log.txt,,NO,065c0c4d26baaa9e2666ae903dbd6e8abdfbe84ec728442a57242f3cb6268b04,30,LOW
2026-09-12 11:22:29,bhagy,FILE MODIFIED,.\audit_log.txt,,NO,d013e4b100e6179b5d8cc4777155f4ac99f323465a6307ecaeb29037e2ec64cc,30,LOW
2026-09-12 11:22:29,bhagy,FILE MODIFIED,.\audit_log.txt,,NO,c9fdeb05aa3dbee86033f583a2c5c38d3f544e93671638c4072c00a40709d652,30,LOW
2026-09-12 11:22:30,bhagy,FILE MODIFIED,.\audit_log.txt,,NO,6341fc29e16c167327c341d61cf9a72467885865c0a82d2c87b813088008eb13,30,LOW
2026-09-12 11:22:30,bhagy,FILE MODIFIED,.\audit_log.txt,,NO,bce0c33811c07d5921e7aa80a82068f607c57f6cfd9e3019af2cbf033cd7204d,30,LOW
2026-09-12 11:22:30,bhagy,FILE MODIFIED,.\audit_log.txt,,NO,ef11ea58b548c2a5ddf0d099be1659a221c8a0fa5a1b672dbbfd4df906e14c91,30,LOW
2026-09-12 11:22:30,bhagy,FILE MODIFIED,.\audit_log.txt,,NO,718a3064db87b5928a2a1788d44f3432026cbb5280a68ee3f1bb3d27e604124a,30,LOW
2026-09-12 11:22:30,bhagy,FILE MODIFIED,.\audit_log.txt,,NO,0331e22aaf5c3287fa8aa55089d32579bf0fc2b6cd048b06dc481c86a0c0cc10,30,LOW
2026-09-12 11:22:30,bhagy,FILE MODIFIED,.\audit_log.txt,,NO,0505b68cc0b6703dc6aebd0a69e01fd179b4b5fe9ab9ff20055bc13a4be62692,30,LOW
2026-09-12 11:22:31,bhagy,FILE MODIFIED,.\audit_log.txt,,NO,2ed81304c371fef8de126ca2a05b4ca7cace6014af0176864241760ae3664d37,30,LOW
2026-09-12 11:22:31,bhagy,FILE MODIFIED,.\audit_log.txt,,NO,ab97021adc268741c3a0d5f22f0c5767394b2f3297dc703cf6c63622e049d7be,30,LOW
2026-09-12 11:22:31,bhagy,FILE MODIFIED,.\audit_log.txt,,NO,f0afc047b7600acf88e7541585be9525c8ec795884202f3c6b7c2dd329047cb8,30,LOW
2026-09-12 11:22:31,bhagy,FILE MODIFIED,.\audit_log.txt,,NO,176da94d37020706c43afa79cceaa9aa2a0e7a0510df26adbd6ead66ce800d63,30,LOW
2026-09-12 11:22:31,bhagy,FILE MODIFIED,.\audit_log.txt,,NO,b19dadddea46d9c3eaaf84eedc7eba8ada54955a61b42d7a63d476cf79a8d7aa,30,LOW
2026-09-12 11:22:31,bhagy,FILE MODIFIED,.\audit_log.txt,,NO,55075d9c8ed5077d184165639252696bda6ac673541c55177d3d0f4d19d0338e,30,LOW
2026-09-12 11:22:31,bhagy,FILE MODIFIED,.\audit_log.txt,,NO,cdeb2acef90649b7f87bf9628ba82096d44b199c2d4b783132a4ededda4a362d,30,LOW
2026-09-12 11:22:32,bhagy,FILE MODIFIED,.\audit_log.txt,,NO,7084c13336bc457108e5baf04f6e02184846c080a433a299d99db1bac7459152,30,LOW
2026-09-12 11:22:32,bhagy,FILE MODIFIED,.\audit_log.txt,,NO,e27e8f6c98c9e460a94eb1659da84bff1ee1f6315aa3c78b0d8955a6a536db74,30,LOW
2026-09-12 11:22:32,bhagy,FILE MODIFIED,.\audit_log.txt,,NO,9b76fdba970cfa43f9845cfd03e5638b38af526d6aa964c66c7b5547aec5172c,30,LOW
2026-09-12 11:22:32,bhagy,FILE MODIFIED,.\audit_log.txt,,NO,43bf5063c89de50f7711b8eaa0caa543b8350894623cd505191086536410e5f6,30,LOW
2026-09-12 11:22:32,bhagy,FILE MODIFIED,.\audit_log.txt,,NO,d7591e82ad55372b96fe1c9c3b65fde8d1fc04546aa6a9eb40ec3bb468e117be,30,LOW
2026-09-12 11:22:32,bhagy,FILE MODIFIED,.\audit_log.txt,,NO,c5a526473083d272bad6a5a7b9917045470d61e6d5fd6c243002a9eb59e6e5ef,30,LOW
2026-09-12 11:22:32,bhagy,FILE MODIFIED,.\audit_log.txt,,NO,795cba157e173dd705a89c40e6153c469e1e337568e4b8947c9389d2d5a654ff,30,LOW
2026-09-12 11:22:33,bhagy,FILE MODIFIED,.\audit_log.txt,,NO,d15c6b82209e90341851a7c2cf22e30a1e90199db0c308b060942370c5039c8d,30,LOW
2026-09-12 11:22:33,bhagy,FILE MODIFIED,.\audit_log.txt,,NO,a995cb565a11fe31b202ca1760d458f2cbf24a7a857fb6293e8e36dd29f464c7,30,LOW
2026-09-12 11:22:33,bhagy,FILE MODIFIED,.\audit_log.txt,,NO,6e47a979d01193c7dbb4b421e971ae5fb558a756031067528e9844356c623012,30,LOW
2026-09-12 11:22:33,bhagy,FILE MODIFIED,.\audit_log.txt,,NO,0cb2571664177620fec0ee82e2078d20f3d4ffaf6a73c17851dba5e361bf4d46,30,LOW
2026-09-12 11:22:33,bhagy,FILE MODIFIED,.\audit_log.txt,,NO,783e3ab4a4ff5277ff4f5a3dec592219255bced5541ceb7d99cd004c2a0a59a5,30,LOW
2026-09-12 11:22:34,bhagy,FILE MODIFIED,.\audit_log.txt,,NO,457fc67fed51a7b5106a37d7b00b4bd12f369e2aa544bedb72eda23582e81508,30,LOW
2026-09-12 11:22:34,bhagy,FILE MODIFIED,.\audit_log.txt,,NO,0cfb7a9d568950c585a44ee17ca268f28580b0f1c17ed524cd3a512e05b09220,30,LOW
2026-09-12 11:22:34,bhagy,FILE MODIFIED,.\audit_log.txt,,NO,5a56a7151e5d1c509a577d4c69dea6653553311a39f5507608c03e7462df02cf,30,LOW
2026-09-12 11:22:34,bhagy,FILE MODIFIED,.\audit_log.txt,,NO,7eb331789fbc1e8c4b54ddc9f1d1a76f9b7639e26cd7d6834bf70e00c22ae5e2,30,LOW
2026-09-12 11:22:34,bhagy,FILE MODIFIED,.\audit_log.txt,,NO,a72a587b7f64627b5d9835e229b66bd007a03f8b08988980f898c72978856cb2,30,LOW
2026-09-12 11:22:34,bhagy,FILE MODIFIED,.\audit_log.txt,,NO,bef4b4f0ad8d27f3147e9b76d0bdd9f1544d272d7854a6121ca8e1be2016f7f9,30,LOW
2026-09-12 11:22:34,bhagy,FILE MODIFIED,.\audit_log.txt,,NO,b0dac91d3cd623b87c5e970950bf645c60e20e9c4eb474c20470908b5a2f10c4,30,LOW
2026-09-12 11:22:35,bhagy,FILE MODIFIED,.\audit_log.txt,,NO,dd0ea22fa269a0e8c2be2f5f65e897f478bc599ab887a7ee55f3fd0e65414607,30,LOW
2026-09-12 11:22:35,bhagy,FILE MODIFIED,.\audit_log.txt,,NO,7a7f398c306317ac3884ee9d745c92e903e0e734fa0e77d7078adf2f2e0dd129,30,LOW
2026-09-12 11:22:35,bhagy,FILE MODIFIED,.\audit_log.txt,,NO,02ab6363028217572cdc7877f52438ee16564a1bc2ca54d467e38d90ac069495,30,LOW
2026-09-12 11:22:35,bhagy,FILE MODIFIED,.\audit_log.txt,,NO,727037acf70f811670380437595e1ab3bfa0523143a54ee73e285dacad1acb3c,30,LOW
2026-09-12 11:22:35,bhagy,FILE MODIFIED,.\audit_log.txt,,NO,46d1520e60d71d054019f92083ccb203e0499b1a4e2d5dc98754c8e2cb1068f9,30,LOW
2026-09-12 11:22:35,bhagy,FILE MODIFIED,.\audit_log.txt,,NO,7c894e47d481028bb2b6b10e2ff52e14c78bf1def0264d508d9560ddbf40075b,30,LOW
2026-09-12 11:22:35,bhagy,FILE MODIFIED,.\audit_log.txt,,NO,a5321d4aa593843ee8e6320804eae8a290ac94d4bae4856a1e2b09ed2018a0c5,30,LOW
2026-09-12 11:22:36,bhagy,FILE MODIFIED,.\audit_log.txt,,NO,0e128b41bdc91dfe4e3a53644736196200b3e44105994e5902b56308fada52dd,30,LOW
2026-09-12 11:22:36,bhagy,FILE MODIFIED,.\audit_log.txt,,NO,84c8adeea9382fd81639bbfb295261191f20ab0917212f9cb16ae3f945ff5a14,30,LOW
2026-09-12 11:22:36,bhagy,FILE MODIFIED,.\audit_log.txt,,NO,671ac693250d25793f89a327fee051d9d21de9f8eb69bfffaabb7b692553127c,30,LOW
2026-09-12 11:22:36,bhagy,FILE MODIFIED,.\audit_log.txt,,NO,19e08da09d7659279b9a43086744fc6058550bc517c3621187262b7710724c24,30,LOW
2026-09-12 11:22:36,bhagy,FILE MODIFIED,.\audit_log.txt,,NO,a16b1dea0843f5a0df06433a5a44f0e56c4a657b3c6984f8d5220ffc9636230b,30,LOW
2026-09-12 11:22:36,bhagy,FILE MODIFIED,.\audit_log.txt,,NO,85c02c1a7a48259e4ec61635baff6907bf059a136db1ad70340da1d69e0ea9d5,30,LOW
2026-09-12 11:22:37,bhagy,FILE MODIFIED,.\audit_log.txt,,NO,c8c82564c17ec0c011281992ab9647934da0411d393beb8bdae0fddf113aea22,30,LOW
2026-09-12 11:22:37,bhagy,FILE MODIFIED,.\audit_log.txt,,NO,9e51ef0d1c74ada8c63c4d1be4b6c6028f7a505375c047852915510b5374754a,30,LOW
2026-09-12 11:22:37,bhagy,FILE MODIFIED,.\audit_log.txt,,NO,a48c7430f37878038bdd373ea55bada4adb2ca0c30aa2f9035704509e66df3ed,30,LOW
2026-09-12 11:22:37,bhagy,FILE MODIFIED,.\audit_log.txt,,NO,4d652347b3210fa2e03d2bfdbfdff28913664ef258050ed1365d62955d23078c,30,LOW
2026-09-12 11:22:37,bhagy,FILE MODIFIED,.\audit_log.txt,,NO,53479b3a00e61304285f49c1301e14273c2bad13c6c7bf4edb99ab9d38485f76,30,LOW
2026-09-12 11:22:37,bhagy,FILE MODIFIED,.\audit_log.txt,,NO,a428c8eb3fc65b8e4cc04020e5ec613fcdc884a4a375f17fb181d94ba0149e61,30,LOW
2026-09-12 11:22:38,bhagy,FILE MODIFIED,.\audit_log.txt,,NO,27411b2d05d757d50a8c00638671a5d89a8359aecf67bce578017a95832ad710,30,LOW
2026-09-12 11:22:38,bhagy,FILE MODIFIED,.\audit_log.txt,,NO,74aab4acb9d7aafa6b4c5dd5871cfe9b890bdf737fc78c7f1fe05bdb67ac79b9,30,LOW
2026-09-12 11:22:38,bhagy,FILE MODIFIED,.\audit_log.txt,,NO,69dcb59c40a39d4ddf70e211a422dc5481a6a4d37a688d12b91b9e123bc5966c,30,LOW
2026-09-12 11:22:38,bhagy,FILE MODIFIED,.\audit_log.txt,,NO,7e9c6e6b791b1156d0f0516c067a442dcc49d508bf0a3f42791f56d9cf8bc4c2,30,LOW
2026-09-12 11:22:38,bhagy,FILE MODIFIED,.\audit_log.txt,,NO,03e46700781e88ccbac9f8fc507012b6deedc71bf71d85ee81c372684ddd0380,30,LOW
2026-09-12 11:22:38,bhagy,FILE MODIFIED,.\audit_log.txt,,NO,de7ee4d5e40318069cc5a5d504569701f22d645913f1160cdba3096c7845aa9f,30,LOW
2026-09-12 11:22:39,bhagy,FILE MODIFIED,.\audit_log.txt,,NO,6fb67054372f708c15e7a9d3f7824a9be44978542f2d1960981c4d986c87c95d,30,LOW
2026-09-12 11:22:39,bhagy,FILE MODIFIED,.\audit_log.txt,,NO,b01fff35b4896b28b7af4eedbc6403d8b4423aa8422a2d0b4db55ee8e070dccd,30,LOW
2026-09-12 11:22:39,bhagy,FILE MODIFIED,.\audit_log.txt,,NO,f47e0e85220df99966b6fa1abf665bacbd49fb89184e9ea5f001e8485a88fd1f,30,LOW
2026-09-12 11:22:39,bhagy,FILE MODIFIED,.\audit_log.txt,,NO,564abdc89ad805a08acc28fc6fedba085cef9332a41ff3da3db6291464760087,30,LOW
2026-09-12 11:22:39,bhagy,FILE MODIFIED,.\audit_log.txt,,NO,817edd5d7b3a7bc39fb6181ee7e3fbfb4bd70237260a4dca1f391675c0bb1c7d,30,LOW
2026-09-12 11:22:39,bhagy,FILE MODIFIED,.\audit_log.txt,,NO,7015d60b7fb042df8bab9c887701da81701be5e52416875a6cd81264943a542a,30,LOW
2026-09-12 11:22:40,bhagy,FILE MODIFIED,.\audit_log.txt,,NO,7f99e18779acc36951dad4a7fae1b25e6cd7b9c37083c5556b9783dd8304000f,30,LOW
2026-09-12 11:22:40,bhagy,FILE MODIFIED,.\audit_log.txt,,NO,8deef7b52e2afc4f95d30e14ee4cf187926cb6cb893c04a5cf17a1a953e028f3,30,LOW
2026-09-12 11:22:40,bhagy,FILE MODIFIED,.\audit_log.txt,,NO,bfe61ea4de833f81204e720954e8c480a353265bccf9908a95b25699bc19b027,30,LOW
2026-09-12 11:22:40,bhagy,FILE MODIFIED,.\audit_log.txt,,NO,137e30e6aa1f7b1c57ab0993fba19d401b1f00ea05598eb38ce443f338c7f53e,30,LOW
2026-09-12 11:22:40,bhagy,FILE MODIFIED,.\audit_log.txt,,NO,f1f7a0183cd479d29cc1c38b86c7be2d72dea9840537703a401c84ed269f7eb0,30,LOW
2026-09-12 11:22:40,bhagy,FILE MODIFIED,.\audit_log.txt,,NO,2e198e0d5358ef0b17fbe51c68c64afaad60cbc652b8dd8e244d31e5239fb54a,30,LOW
2026-09-12 11:22:41,bhagy,FILE MODIFIED,.\audit_log.txt,,NO,3c0732449c6bca0841ad79e8d2bcc53c6273f5fb175b8ea73ed8a17760d62b88,30,LOW
2026-09-12 11:22:41,bhagy,FILE MODIFIED,.\audit_log.txt,,NO,530a912c76972a04cc2c206cf72cc08fc324c50d40419e2e237877cc025fa080,30,LOW
2026-09-12 11:22:41,bhagy,FILE MODIFIED,.\audit_log.txt,,NO,dfe3e46c3cce3ecde215539bfa7c91ec72d09a22f9893f36b920883581f1ad1c,30,LOW
2026-09-12 11:22:41,bhagy,FILE MODIFIED,.\audit_log.txt,,NO,921e91bf7c14db2d800f2ed679b2769be634077a9482ad88c3afc3723f46cf9a,30,LOW
2026-09-12 11:22:41,bhagy,FILE MODIFIED,.\audit_log.txt,,NO,3802d1e169710085e32f0dffc4b2242f14051db62afa4ba3dad075406ddfca93,30,LOW
2026-09-12 11:22:41,bhagy,FILE MODIFIED,.\audit_log.txt,,NO,f493915081bd3f73974fb441fa06a4f83ab0a13844a65b3d1db93f94a971385e,30,LOW
2026-09-12 11:22:41,bhagy,FILE MODIFIED,.\audit_log.txt,,NO,ff7c9092b892eabcf1e4b24f4e8c0700a1280d3ad8300690d9da00209cd72fa9,30,LOW
2026-09-12 11:22:42,bhagy,FILE MODIFIED,.\audit_log.txt,,NO,df6aa08e4030b7ca9c6c313bda4d1d3a2dec650827983ee99403bf3bc1533e8a,30,LOW
2026-09-12 11:22:42,bhagy,FILE MODIFIED,.\audit_log.txt,,NO,02c1e6fb13c98f557eedfada66d8b49b1e5193e3cad58d6a41e126bbc8183619,30,LOW
2026-09-12 11:22:42,bhagy,FILE MODIFIED,.\audit_log.txt,,NO,fa82102791b44770d9759548582782e13dc8b8d5daf7351fac214edc9a5d2d03,30,LOW
2026-09-12 11:22:42,bhagy,FILE MODIFIED,.\audit_log.txt,,NO,2cffed2da4b5bea8b0cef7b361c64e4e6617451acb6ec654c15c2e7ab3d6bec1,30,LOW
2026-09-12 11:22:42,bhagy,FILE MODIFIED,.\audit_log.txt,,NO,672e7782901c343db90d4666ab550316387dd5f730799a9631d4b5b8aa61176d,30,LOW
2026-09-12 11:22:42,bhagy,FILE MODIFIED,.\audit_log.txt,,NO,71153f5d3532dd11a019804a85d8e71f03f2ab0aabeda0203378a9149f37c379,30,LOW
2026-09-12 11:22:43,bhagy,FILE MODIFIED,.\audit_log.txt,,NO,8361a27067508426a0a8be79bebd70e382b6123b78b132472121be90e14db734,30,LOW
2026-09-12 11:22:43,bhagy,FILE MODIFIED,.\audit_log.txt,,NO,5c361b8290e4f864cc1de20e638025b0bbb3357ac762418542c81e315342ab9f,30,LOW
2026-09-12 11:22:43,bhagy,FILE MODIFIED,.\audit_log.txt,,NO,fac6acd2b4bd2283c108afaa1f6a6503aaf04c6561b62a646b91f5e641e5644c,30,LOW
2026-09-12 11:22:43,bhagy,FILE MODIFIED,.\audit_log.txt,,NO,b00bdb064fb307b41612033418401956fda58d1403edd2f90b0afb1f6784e131,30,LOW
2026-09-12 11:22:43,bhagy,FILE MODIFIED,.\audit_log.txt,,NO,8bd7f99ecd49177a1790faf6c267f73fc5cece9875772a0912b456a842e933bf,30,LOW
2026-09-12 11:22:43,bhagy,FILE MODIFIED,.\audit_log.txt,,NO,6d8b3cb1b2fe416bbbfbbc8680aef2c8dc3ba508095b823cea0e05888d0f698c,30,LOW
2026-09-12 11:22:44,bhagy,FILE MODIFIED,.\audit_log.txt,,NO,0f72fde5a18bdd5450e8b6dcbdafb061af96c39646024a7e5134dfe025b6af76,30,LOW
2026-09-12 11:22:44,bhagy,FILE MODIFIED,.\audit_log.txt,,NO,0840103b465f4a1359381a61159baa642350937c7b6a2b74aae5a1ff0d85421c,30,LOW
2026-09-12 11:22:44,bhagy,FILE MODIFIED,.\audit_log.txt,,NO,d319c3d8e7b8679a5f49a55b0a7a8a5f1cd5d00f6407f5eb36823d5436273013,30,LOW
2026-09-12 11:22:44,bhagy,FILE MODIFIED,.\audit_log.txt,,NO,9aaa74501e4db75727a4429fa03b9376a01ace37e05e26c4c9e8e5244b380920,30,LOW
2026-09-12 11:22:44,bhagy,FILE MODIFIED,.\audit_log.txt,,NO,61cb500687982f562706ba2ac8c1727207449a49ff32d710091c0072c698d726,30,LOW
2026-09-12 11:22:44,bhagy,FILE MODIFIED,.\audit_log.txt,,NO,1e0c8141ab2541cb631d0316a26b76451cf96e5c8bc1c3bb6fe9aff613f824fb,30,LOW
2026-09-12 11:22:44,bhagy,FILE MODIFIED,.\audit_log.txt,,NO,b9da4d3f092bbac9242e1e97c478d41fe794d9d0454772412ddc7aec1b20d2b4,30,LOW
2026-09-12 11:22:45,bhagy,FILE MODIFIED,.\audit_log.txt,,NO,ef2a922c392589f25acfbea8bb277b06cb346574fa3716c050976e071533588f,30,LOW
2026-09-12 11:22:45,bhagy,FILE MODIFIED,.\audit_log.txt,,NO,0f4bc479df6d1896cde8a7f508f3da562fd5c8fde8e92ada6c2bcfce44bdbbeb,30,LOW
2026-09-12 11:22:45,bhagy,FILE MODIFIED,.\audit_log.txt,,NO,81c8d375ddc328e89b4dd34cdc33005b8f66c3c2eacf0ac8361bbeb5bb8bdcbf,30,LOW
2026-09-12 11:22:45,bhagy,FILE MODIFIED,.\audit_log.txt,,NO,6960ca996997465e25370ca3ec2d7855bdf4f8623c9d1e07f5b56c8be93fe38b,30,LOW
2026-09-12 11:22:45,bhagy,FILE MODIFIED,.\audit_log.txt,,NO,eebc68552fd0d1cb3b0d027c52844d0f389dd96f686c7eaeb48f9905e32c4fa3,30,LOW
2026-09-12 11:22:46,bhagy,FILE MODIFIED,.\audit_log.txt,,NO,730d0082d4122811a44bb4d1befff41c6a833e91c9a0fca9cb5f1541af9338ee,30,LOW
2026-09-12 11:22:46,bhagy,FILE MODIFIED,.\audit_log.txt,,NO,3d250eca16d33fca29288c3874e1bd3780abbd34682441b167ebc8cd98c90692,30,LOW
2026-09-12 11:22:46,bhagy,FILE MODIFIED,.\audit_log.txt,,NO,8f9d44b7d3ee32b4b41d6a8f7b04b4c506a86719b9f91dd55d9003f67f263384,30,LOW
2026-09-12 11:22:46,bhagy,FILE MODIFIED,.\audit_log.txt,,NO,fcf67e53977365cba379933dbf574bc15f0bc92899329919e930a4659808f776,30,LOW
2026-09-12 11:22:46,bhagy,FILE MODIFIED,.\audit_log.txt,,NO,a80e5bd069545d4a9e529b29fd84fbf9454f879340cec1be0e85945695bf782d,30,LOW
2026-09-12 11:22:46,bhagy,FILE MODIFIED,.\audit_log.txt,,NO,05012d39686b2f6fd874b3d436ec6b3480d04e588c2ef162e0cc823a1fa0e0b1,30,LOW
2026-09-12 11:22:46,bhagy,FILE MODIFIED,.\audit_log.txt,,NO,d43954913a0ca8e7c922075adbb702b935fd72ce6ef0860433eaed5fc7d8abd2,30,LOW
2026-09-12 11:22:47,bhagy,FILE MODIFIED,.\audit_log.txt,,NO,b9ed6ff1b3a9452ee9b677ebb9433325652a0b8002b79c2f853b035bb55dc7be,30,LOW
2026-09-12 11:22:47,bhagy,FILE MODIFIED,.\audit_log.txt,,NO,07326213adadacb6e5c71c13038aa8d99f9a0a7ceaa8c32f44b461a1465a6ad3,30,LOW
2026-09-12 11:22:47,bhagy,FILE MODIFIED,.\audit_log.txt,,NO,1b9f7c9f807fe673dc28a89f32e172c66ec1ec55a90adc5656f4c1b2fd1f56a0,30,LOW
2026-09-12 11:22:47,bhagy,FILE MODIFIED,.\audit_log.txt,,NO,1cbaab5cd05a524b62866a830dad8097dcef0bd9c6d368360246b0620e472a51,30,LOW
2026-09-12 11:22:47,bhagy,FILE MODIFIED,.\audit_log.txt,,NO,38715a11e53fb59884405d14601d8ef0a725ce0d67df45557c23e1553cb31978,30,LOW
2026-09-12 11:22:47,bhagy,FILE MODIFIED,.\audit_log.txt,,NO,ea850a875b904ed4fe7cc3975ce7918717fac78eb1b5b15cea9be1f2889eb830,30,LOW
2026-09-12 11:22:47,bhagy,FILE MODIFIED,.\audit_log.txt,,NO,6e213b8d1a3a694315c112ecac7fdbda52fb7e375637852c24df832dd9ff93da,30,LOW
2026-09-12 11:22:48,bhagy,FILE MODIFIED,.\audit_log.txt,,NO,1f82fff3efb719cece261c2870a97bce7e47dafdf68f4494f30b33af72efe3e2,30,LOW
2026-09-12 11:22:48,bhagy,FILE MODIFIED,.\audit_log.txt,,NO,e9729c7c082ec074b0ae3d7bf5e8f2ca8eb6f6ca799e9005860e2f16f96dfec1,30,LOW
2026-09-12 11:22:48,bhagy,FILE MODIFIED,.\audit_log.txt,,NO,3793b08e23bd685da982e7c0cecd169259683cda6bed39e15234eb36394a5228,30,LOW
2026-09-12 11:22:48,bhagy,FILE MODIFIED,.\audit_log.txt,,NO,a18a540a7325871dadbb28887ddddd80eef28e7c6db581746f0b9cf408efb4bc,30,LOW
2026-09-12 11:22:48,bhagy,FILE MODIFIED,.\audit_log.txt,,NO,1933b25b1877d27205ccd529cc7b139d8a18470b4a921cf5224bcf56382ae772,30,LOW
2026-09-12 11:22:48,bhagy,FILE MODIFIED,.\audit_log.txt,,NO,d2fe03778e0aae4f12e16c3704d782a808bc338186ca81f6377f7aecede172ab,30,LOW
2026-09-12 11:22:49,bhagy,FILE MODIFIED,.\audit_log.txt,,NO,a8aafc058c2ab36acd9d941205292951dd06825f39582cd7670f2f10ab11c665,30,LOW
2026-09-12 11:22:49,bhagy,FILE MODIFIED,.\audit_log.txt,,NO,69dcd541cbebd610dcf3d3063f69bead9c22fb7775e896d6b61c5d00eeac7d64,30,LOW
2026-09-12 11:22:49,bhagy,FILE MODIFIED,.\audit_log.txt,,NO,e66da4b138d1e8a7e5e78a6b5fbe13fde6fac0b9666fa8388988045bba2209d2,30,LOW
2026-09-12 11:22:49,bhagy,FILE MODIFIED,.\audit_log.txt,,NO,753a207636565159fd10c522c621adacd1875d56d6baa40c7782b7ac6f94a8bc,30,LOW
2026-09-12 11:22:49,bhagy,FILE MODIFIED,.\audit_log.txt,,NO,29c3b3ddc5b7070ec1f4cd927dd0ba3067113de02b228c379b66fef1ef63c351,30,LOW
2026-09-12 11:22:49,bhagy,FILE MODIFIED,.\audit_log.txt,,NO,2a29a830cf12edef1b6da07354b70061187f1811e03de6e514bdeb8b0485abe3,30,LOW
2026-09-12 11:22:50,bhagy,FILE MODIFIED,.\audit_log.txt,,NO,2884445462a86e83b271e59c2e6a1a4e81a7b93f7b401f751a774fc0472b614d,30,LOW
2026-09-12 11:22:50,bhagy,FILE MODIFIED,.\audit_log.txt,,NO,1461f0186ecdfc17ce383bebd9a4331e6a02f625fb95dc88d5396f22ee8963e2,30,LOW
2026-09-12 11:22:50,bhagy,FILE MODIFIED,.\audit_log.txt,,NO,7c03664be94977d4054342cfda98ef0841ec370478f2cf1e650de82716ddbac0,30,LOW
2026-09-12 11:22:50,bhagy,FILE MODIFIED,.\audit_log.txt,,NO,4d0ecf95323e82aa6fa7299af52cd85f907720448b6ff522e3682db797cf4f42,30,LOW
2026-09-12 11:22:50,bhagy,FILE MODIFIED,.\audit_log.txt,,NO,3ab12a59b9edf6d723bbcd6a19b9b52997fbe2f6de36e5c5bde9830b0c57cf93,30,LOW
2026-09-12 11:22:50,bhagy,FILE MODIFIED,.\audit_log.txt,,NO,6e1b54c95c615fe3e88800b9d894a31d0f95b5e1cee7c6085e64b64c59a2d5f2,30,LOW
2026-09-12 11:22:51,bhagy,FILE MODIFIED,.\audit_log.txt,,NO,8eb62dbf31e550d9933813eba9abd6516143f39cfd255614ff97120abc5cfb73,30,LOW
2026-09-12 11:22:51,bhagy,FILE MODIFIED,.\audit_log.txt,,NO,4c3c2a58fd3b4972bce282b36b77df31df69dd9b9cbbd97e0beb68b07988a056,30,LOW
2026-09-12 11:22:51,bhagy,FILE MODIFIED,.\audit_log.txt,,NO,7910c7a0e516696924862fd25abd4e40c30dee97178acf341f7b1313f2dee0ad,30,LOW
2026-09-12 11:22:51,bhagy,FILE MODIFIED,.\audit_log.txt,,NO,fbdba7c140cc0ec804fee45a896658ddcad62b39ae01b20145e8f922d87773d3,30,LOW
2026-09-12 11:22:51,bhagy,FILE MODIFIED,.\audit_log.txt,,NO,9a7b7bbd282f706f7cb73d2652383f081fa288c3e09177137635daf1bf5abb29,30,LOW
2026-09-12 11:22:51,bhagy,FILE MODIFIED,.\audit_log.txt,,NO,b9a82044f47abc3acf9d6475144b7ae3a1490499236a3e523578c816180aa021,30,LOW
2026-09-12 11:22:51,bhagy,FILE MODIFIED,.\audit_log.txt,,NO,82ab9261060a0aa20e1a5071dad9d648277f4aebf8f94658fc1be24a15fefb4d,30,LOW
2026-09-12 11:22:52,bhagy,FILE MODIFIED,.\audit_log.txt,,NO,f927405769f07c267237317560498f85277d635316c0b14a8657af4eae5ff56a,30,LOW
2026-09-12 11:22:52,bhagy,FILE MODIFIED,.\audit_log.txt,,NO,79c7d643c6527fe646f03fc4509a6393f40830f1d7fc4bc576c3ae94404bb9bf,30,LOW
2026-09-12 11:22:52,bhagy,FILE MODIFIED,.\audit_log.txt,,NO,4c80c050c1cfbd020f0c90282a034e61cdaca6414bce29ae4dddfda2cf373d91,30,LOW
2026-09-12 11:22:52,bhagy,FILE MODIFIED,.\audit_log.txt,,NO,07f0c3d38be612efe6de474ac311752a5dc198ce538910c441e17425374d6ae5,30,LOW
2026-09-12 11:22:52,bhagy,FILE MODIFIED,.\audit_log.txt,,NO,252f21c81f96aeb855490b9f725482cbd221a88a696c7c8c06a3f2c90ce5eda8,30,LOW
2026-09-12 11:22:52,bhagy,FILE MODIFIED,.\audit_log.txt,,NO,e3a2de013d45f3c27e54d25dc0ec42ff03e7c7b2533f9dcb7fc81908a5bf17bc,30,LOW
2026-09-12 11:22:53,bhagy,FILE MODIFIED,.\audit_log.txt,,NO,c7933959bd3d74f016fa5a5d4adefaa71ba270631891c353f5d2573c3448cd99,30,LOW
2026-09-12 11:22:53,bhagy,FILE MODIFIED,.\audit_log.txt,,NO,d68b1eb59c273f396a54a1c889ce61d56cee7daa557ff39d39f49ec6d6b9ac2f,30,LOW
2026-09-12 11:22:53,bhagy,FILE MODIFIED,.\audit_log.txt,,NO,b61a558d4826e74f150f7ec1cf27558990e03d24d034b673c436c1983b3cee5a,30,LOW
2026-09-12 11:22:53,bhagy,FILE MODIFIED,.\audit_log.txt,,NO,15d90453fabaa0b752b9ea9fba244f112e4ff53d2e5e892639c0f85f5f2aa66f,30,LOW
2026-09-12 11:22:53,bhagy,FILE MODIFIED,.\audit_log.txt,,NO,3391d432c517d73ef4b06a8447dfa3e164d54a708552686157260c5f3883f976,30,LOW
2026-09-12 11:22:53,bhagy,FILE MODIFIED,.\audit_log.txt,,NO,241d419b3a349cb4d8173389a7f3cef80157907a9656473bde8ee0e47de6d369,30,LOW
2026-09-12 11:22:54,bhagy,FILE MODIFIED,.\audit_log.txt,,NO,ad13161837e562bc78d161d443853566195e4e3640483f272ea2956db9e4c55e,30,LOW
2026-09-12 11:22:54,bhagy,FILE MODIFIED,.\audit_log.txt,,NO,054b2881e60391cb7f66a8433611bde696b923e394f4a8f67891750faef864d7,30,LOW
2026-09-12 11:22:54,bhagy,FILE MODIFIED,.\audit_log.txt,,NO,cadc42ac48cb5399dba1ff07bc5dc79370754d4ed3621646dab230a561d66574,30,LOW
2026-09-12 11:22:54,bhagy,FILE MODIFIED,.\audit_log.txt,,NO,a08693b31b0af2fdfadf96e4721e7ec67babfae37debf59dffa9b36b554f824c,30,LOW
2026-09-12 11:22:54,bhagy,FILE MODIFIED,.\audit_log.txt,,NO,18a3775848a742ab9f297d8bf7e592f92dc56d139ae848d3a0dd479b3b5bc609,30,LOW
2026-09-12 11:22:54,bhagy,FILE MODIFIED,.\audit_log.txt,,NO,d20aa962f72df6a22a2385aa1aec0ae9fb6de726315bbc072ea4426f621fe14c,30,LOW
2026-09-12 11:22:55,bhagy,FILE MODIFIED,.\audit_log.txt,,NO,8564d43f5378c63d90fbab6ce579bca51f9447e748b357b4c4cdcaa24690f1f2,30,LOW
2026-09-12 11:22:55,bhagy,FILE MODIFIED,.\audit_log.txt,,NO,7a60e5d9f8476a9d49aebdb266441420a1ab6d721d1b43a20cbc3de54bd89e8f,30,LOW
2026-09-12 11:22:55,bhagy,FILE MODIFIED,.\audit_log.txt,,NO,66e7c72a915b90b7eb29ab1f2d7262c012e0ca629940de4878080f1d41a71e1f,30,LOW
2026-09-12 11:22:55,bhagy,FILE MODIFIED,.\audit_log.txt,,NO,898e30197f13058c5c95ab42fabdfb70223e22131b1e65caffc1b85817f9999e,30,LOW
2026-09-12 11:22:55,bhagy,FILE MODIFIED,.\audit_log.txt,,NO,07288da2cc6145b2cb8a99eda14175171eee296147d7592ed1a6f3bfa3848f8b,30,LOW
2026-09-12 11:22:55,bhagy,FILE MODIFIED,.\audit_log.txt,,NO,df75e00e673f2dd34793323aa164067681cdcb46aa8e1532fa8e5c7be868044b,30,LOW
2026-09-12 11:22:56,bhagy,FILE MODIFIED,.\audit_log.txt,,NO,e22a221948fc4c309978bf994e2ddba7b4cca9f81d365d8224e9a1ae53f348bf,30,LOW
2026-09-12 11:22:56,bhagy,FILE MODIFIED,.\audit_log.txt,,NO,387f58bd9092e9d331a898e1ea08099697d0051de576d18d0546be9212a0b8f4,30,LOW
2026-09-12 11:22:56,bhagy,FILE MODIFIED,.\audit_log.txt,,NO,a11791275c81dc8f218a80e7bf1c3ae7940a5557f99af7015b1bb7c0a22d45c5,30,LOW
2026-09-12 11:22:56,bhagy,FILE MODIFIED,.\audit_log.txt,,NO,e50290b595343cfcfb9e2ec121e4d715997f96a545d4f79ae7560959bd4b03d6,30,LOW
2026-09-12 11:22:56,bhagy,FILE MODIFIED,.\audit_log.txt,,NO,4a1612b0e4de9fbde17e5d97279f5fa109aeeadd79083ceb4ce77ee920d3566b,30,LOW
2026-09-12 11:22:56,bhagy,FILE MODIFIED,.\audit_log.txt,,NO,e96797576ca5d54aabc5b09b1023125d34648a986d072fdd5801d297fc91b930,30,LOW
2026-09-12 11:22:57,bhagy,FILE MODIFIED,.\audit_log.txt,,NO,3e8aa4eab04454d9e7e753174a86a2f3960b8378a46c1f558033c56e64c1256f,30,LOW
2026-09-12 11:22:57,bhagy,FILE MODIFIED,.\audit_log.txt,,NO,4082c454ba738d0746ba80364bb7b93395679f881c4514d9708d2601d15254b1,30,LOW
2026-09-12 11:22:57,bhagy,FILE MODIFIED,.\audit_log.txt,,NO,ebe2598cc60da04fe8381cdb646dcdb21c31bfaa4b9ffed714cc17cfc5b40973,30,LOW
2026-09-12 11:22:57,bhagy,FILE MODIFIED,.\audit_log.txt,,NO,0eeadda4cb8b25a3ed2f6c810d03011d98e61a316e64447e37bde940c002c04c,30,LOW
2026-09-12 11:22:57,bhagy,FILE MODIFIED,.\audit_log.txt,,NO,76011c96a83b3b9c467b724c2a7e1c6b44287c0a429870396681f88d4103e9b3,30,LOW
2026-09-12 11:22:57,bhagy,FILE MODIFIED,.\audit_log.txt,,NO,7cef8b6d852af49e8a8e45aba1d4b2f2d931cea4ba3e247bec49e468c56ba1de,30,LOW
2026-09-12 11:22:58,bhagy,FILE MODIFIED,.\audit_log.txt,,NO,421601644cde51cf3b27113a3a125d00e7cc0b5b64194ba75c5ea700122ffc0b,30,LOW
2026-09-12 11:22:58,bhagy,FILE MODIFIED,.\audit_log.txt,,NO,44e6ab6054ce074fa17719c6af071ffb223725ca4893f753d7ea490382fea886,30,LOW
2026-09-12 11:22:58,bhagy,FILE MODIFIED,.\audit_log.txt,,NO,03a774bf78287797a81e15b4c5fb73a2ac16da65b6ed4123c7e24ea9f95df1b8,30,LOW
2026-09-12 11:22:58,bhagy,FILE MODIFIED,.\audit_log.txt,,NO,40146ad2559e8f9d41ab39b59f54c032105a107f1d4e72037b637f9cdceb85ac,30,LOW
2026-09-12 11:22:58,bhagy,FILE MODIFIED,.\audit_log.txt,,NO,dd403e00fd2653a76286fd667d1bdc1b4022abf01275cbb5433d7b137c8f94d4,30,LOW
2026-09-12 11:22:58,bhagy,FILE MODIFIED,.\audit_log.txt,,NO,771cef6b6f19dd4e9395055dca7651965a28d2172a977a578e2641946b10ba7a,30,LOW
2026-09-12 11:22:59,bhagy,FILE MODIFIED,.\audit_log.txt,,NO,b831d157739e35f236ecf58dc1c76c255ad4b308cfa28a5e20f6153aa619665b,30,LOW
2026-09-12 11:22:59,bhagy,FILE MODIFIED,.\audit_log.txt,,NO,0089a22a6b0ea004df6fd08e71f5990fc54abf7893fa24d667a1b2a8a2d61cca,30,LOW
2026-09-12 11:22:59,bhagy,FILE MODIFIED,.\audit_log.txt,,NO,50eefe510d6a180d384d1b93b33519125daf41d0561453b4fc801d886cf80089,30,LOW
2026-09-12 11:22:59,bhagy,FILE MODIFIED,.\audit_log.txt,,NO,19e4f4c71640db7c985ce44dabf9db4f2be201777510cf02467056d7a8769b2c,30,LOW
2026-09-12 11:22:59,bhagy,FILE MODIFIED,.\audit_log.txt,,NO,29fe3bd64a07fe0a6ebf4ebb05f527699ca846e2ecdc1ba279ff7e2fd33fa88d,30,LOW
2026-09-12 11:22:59,bhagy,FILE MODIFIED,.\audit_log.txt,,NO,211a3e61e79273ac5f47d97457d440bf0d6862ee0a2c1330179ca3023cb7d97e,30,LOW
2026-09-12 11:22:59,bhagy,FILE MODIFIED,.\audit_log.txt,,NO,f9a7843ba4ed5b8e4ee607af1c63342bfac722b4db1a35a696dbbffa62f1bf4e,30,LOW
2026-09-12 11:23:00,bhagy,FILE MODIFIED,.\audit_log.txt,,NO,79378359f3799209cc97e54fdc4787479c32e2914adf7984efcbdf17120b6cf7,30,LOW
2026-09-12 11:23:00,bhagy,FILE MODIFIED,.\audit_log.txt,,NO,f5bb9f554fb3be81e902497e5d4ab9e404a7c32ba3a6b8c88f184b499ed64413,30,LOW
2026-09-12 11:23:00,bhagy,FILE MODIFIED,.\audit_log.txt,,NO,4b7e7db3edb1610e3a8f984b6c03fc13511d8f0a33542fb00f413b0108c84224,30,LOW
2026-09-12 11:23:00,bhagy,FILE MODIFIED,.\audit_log.txt,,NO,d07defed8f75a21711ad04c88a4913899dddba7384fc467eefb22ab848708ad5,30,LOW
2026-09-12 11:23:00,bhagy,FILE MODIFIED,.\audit_log.txt,,NO,a6cdff52c70f1f51599f3ff64abd8640e84dcc4f0ac3649fd05aff44e8fa7176,30,LOW
2026-09-12 11:23:01,bhagy,FILE MODIFIED,.\audit_log.txt,,NO,96f57a0834687d77777b3b9c669fe79d91544e47a6d508e63c7791a9fbb5db61,30,LOW
2026-09-12 11:23:01,bhagy,FILE MODIFIED,.\audit_log.txt,,NO,8f3b69a799dcc9ddb29b926f1d5122e65a80ec69ace0a266c31ad628d4f67a8c,30,LOW
2026-09-12 11:23:01,bhagy,FILE MODIFIED,.\audit_log.txt,,NO,8cccc86e6fa9e4c48a5a14b4f040520321c3de5f87ab54a9a4b53f3b40bf99bf,30,LOW
2026-09-12 11:23:01,bhagy,FILE MODIFIED,.\audit_log.txt,,NO,52f2b5d57ec1d070e422766da2c54a3f1f93805b5d32f7a2a565126280e490f2,30,LOW
2026-09-12 11:23:01,bhagy,FILE MODIFIED,.\audit_log.txt,,NO,15cb541dc8ac62a01ba7c154f225653592e72eff7e3a9f39b9a466810d7f6274,30,LOW
2026-09-12 11:23:01,bhagy,FILE MODIFIED,.\audit_log.txt,,NO,7ce0d8e2322ff4c2a30e16e9d3a7f2cb9f258cb29b0118234c4917bd595ac865,30,LOW
2026-09-12 11:23:02,bhagy,FILE MODIFIED,.\audit_log.txt,,NO,e6e848a8c0aa1a0059a3d532f69e0c3cc41ccab140d611288f9c8063602d3bc2,30,LOW
2026-09-12 11:23:02,bhagy,FILE MODIFIED,.\audit_log.txt,,NO,4c506aeccdba9098db2bd6cc2e131c70dd184a6783f3478c078212bdd387b988,30,LOW
2026-09-12 11:23:02,bhagy,FILE MODIFIED,.\audit_log.txt,,NO,95ebe2d6428906d38465a722ba96284b842cef3faea0c489b1f684a94599f556,30,LOW
2026-09-12 11:23:02,bhagy,FILE MODIFIED,.\audit_log.txt,,NO,1e804bac692deb0592203c0e34272fb662d23bd534aba79f6610a3f0d439e34e,30,LOW
2026-09-12 11:23:02,bhagy,FILE MODIFIED,.\audit_log.txt,,NO,98e75c9c78fbcb5a8dc6536bbdab07de36f7c54f3364e0497ae65543269b7c3f,30,LOW
2026-09-12 11:23:02,bhagy,FILE MODIFIED,.\audit_log.txt,,NO,33c7a1bf3db56787d21a5d15c357bad41673ac54ae395a99b0e63a2e4f00653f,30,LOW
2026-09-12 11:23:02,bhagy,FILE MODIFIED,.\audit_log.txt,,NO,4829b17a8c6e505b6ff0fb29d9036bda83d6d6ce121f1d2352e94bab5cf0c6d8,30,LOW
2026-09-12 11:23:03,bhagy,FILE MODIFIED,.\audit_log.txt,,NO,88e6ed992cdc4f13689d9bae1dfee01d7bf746001ea48832792c0c20a1458b78,30,LOW
2026-09-12 11:23:03,bhagy,FILE MODIFIED,.\audit_log.txt,,NO,ddd670cf82c2344fc141f569e758449bace98e0b287b6653b4d1cf3ba459b61b,30,LOW
2026-09-12 11:23:03,bhagy,FILE MODIFIED,.\audit_log.txt,,NO,e266309f9f65933183213ce89c6123a420eda706cbae8915ae863720b0921d75,30,LOW
2026-09-12 11:23:03,bhagy,FILE MODIFIED,.\audit_log.txt,,NO,b85014810ba3cff0726a30543dfb0c07a8f624b531e19577bf35d593bfbfa7bd,30,LOW
2026-09-12 11:23:03,bhagy,FILE MODIFIED,.\audit_log.txt,,NO,f2283f93a9b46de873e4a6b5bac36cc05d6831598efb0b798da1f89da1d76c95,30,LOW
2026-09-12 11:23:03,bhagy,FILE MODIFIED,.\audit_log.txt,,NO,1b8da8f421dcdec5adecd57fae8b32a824ba379d04b9ced09a0e8085724b856a,30,LOW
2026-09-12 11:23:04,bhagy,FILE MODIFIED,.\audit_log.txt,,NO,8463425cd629f6eeaa3195c99e7b9d51d9b184276caad7c2c608be05409dadca,30,LOW
2026-09-12 11:23:04,bhagy,FILE MODIFIED,.\audit_log.txt,,NO,bfcf21ef1ad6c0b291a6e5b7ae904122283e4038abf88a333746bd3b85d5cda3,30,LOW
2026-09-12 11:23:04,bhagy,FILE MODIFIED,.\audit_log.txt,,NO,3067afb6df3a00bc4c437cddca9ae1cdbaecca64323ed1ec5ea5fcf16106383e,30,LOW
2026-09-12 11:23:04,bhagy,FILE MODIFIED,.\audit_log.txt,,NO,19eaea83b8e23c84dbe4b8d938a92e137fcdd1a6c2d1581aea627893df0d387b,30,LOW
2026-09-12 11:23:04,bhagy,FILE MODIFIED,.\audit_log.txt,,NO,239212e3eff91d1aa5733849d65518ca0ab53d9aced9df7f4d67fe5b0737b3bc,30,LOW
2026-09-12 11:23:05,bhagy,FILE MODIFIED,.\audit_log.txt,,NO,4d0206f6d4e2ada1c843f4a025ad4e76c40999d08097962fcadcaac1f33ba1a1,30,LOW
2026-09-12 11:23:05,bhagy,FILE MODIFIED,.\audit_log.txt,,NO,6095a4ac53234536ac675219fe75947793dcff6909a3c48583357cddb137a900,30,LOW
2026-09-12 11:23:05,bhagy,FILE MODIFIED,.\audit_log.txt,,NO,9952de0d552f82db7accab229ed1f5a88c7002a0dbadc6e30daecb1ec9f25497,30,LOW
2026-09-12 11:23:05,bhagy,FILE MODIFIED,.\audit_log.txt,,NO,c66add91bd329d687135f4476d1b6cd34728df5b1d3287a2d4613782174be3f6,30,LOW
2026-09-12 11:23:05,bhagy,FILE MODIFIED,.\audit_log.txt,,NO,bb3a987ed0e8bea89406e6173abd2e43c24ed6dc52c39954d3ae0fe8e0787a67,30,LOW
2026-09-12 11:23:05,bhagy,FILE MODIFIED,.\audit_log.txt,,NO,131a92bead08d82ead7ef6172bdce2d1bc6897dc42e82880ea61f6b3a6e7ef90,30,LOW
2026-09-12 11:23:06,bhagy,FILE MODIFIED,.\audit_log.txt,,NO,94c170885f94584c0052214c2f90ad02b25c06da65d18876d498f82d482a5ab2,30,LOW
2026-09-12 11:23:06,bhagy,FILE MODIFIED,.\audit_log.txt,,NO,c032a81ca2ac5a761c5d16751b4938fd385776e7cb595feca3936967437886f8,30,LOW
2026-09-12 11:23:06,bhagy,FILE MODIFIED,.\audit_log.txt,,NO,98db9465723da184ee1e69ddf94c0f51dff5abc8b9dfabc0abe90160a6bf4f2c,30,LOW
2026-09-12 11:23:06,bhagy,FILE MODIFIED,.\audit_log.txt,,NO,f4ee75bd274077338b3efda1cbf7f539d191f6f16c31f2c767fc29f21907de53,30,LOW
2026-09-12 11:23:06,bhagy,FILE MODIFIED,.\audit_log.txt,,NO,fe710dc2d079c594486b0a5642bcd5a3d43932e684e70b61fe2c15286fa688b9,30,LOW
2026-09-12 11:23:07,bhagy,FILE MODIFIED,.\audit_log.txt,,NO,01987aefb49727fa432ae84eb7165a421eaddcc4decfe1388bf1ea7608804f5f,30,LOW
2026-09-12 11:23:07,bhagy,FILE MODIFIED,.\audit_log.txt,,NO,413f6af70e7296cb7d95d0a3b290b91f01d6fbd406b99f90e27cac2e651601ea,30,LOW
2026-09-12 11:23:07,bhagy,FILE MODIFIED,.\audit_log.txt,,NO,8c7e3d4dd0187ba3ebd6b51c7be8a21ff9dec7204a88c14edfbae3e7b80c5b48,30,LOW
2026-09-12 11:23:07,bhagy,FILE MODIFIED,.\audit_log.txt,,NO,472e607079b23eaf192026b5fb98c19b6ae678824673b33e2905d4202d802f4e,30,LOW
2026-09-12 11:23:07,bhagy,FILE MODIFIED,.\audit_log.txt,,NO,30295b4daebd7559f1c482e0f33f70cf704e4c1fbb531ab1cd67ec7b90a3ca22,30,LOW
2026-09-12 11:23:08,bhagy,FILE MODIFIED,.\audit_log.txt,,NO,701eb380ede9822a62216d4d1b7c8287646b7460f9865d26c8e9a8427533b4c3,30,LOW
2026-09-12 11:23:08,bhagy,FILE MODIFIED,.\audit_log.txt,,NO,984b4481d6ac5880dd1876fb8ec979892de978e39d0afce1bb677c4fae5403f9,30,LOW
2026-09-12 11:23:08,bhagy,FILE MODIFIED,.\audit_log.txt,,NO,608dd52f23762cb8760ddc77d55fcd93a3fa8717038c4588dbd608cc6d7600b5,30,LOW
2026-09-12 11:23:08,bhagy,FILE MODIFIED,.\audit_log.txt,,NO,12244eb8babd84793ecf353ab2c9c0e46221a18194a675a8072480869e90ef36,30,LOW
2026-09-12 11:23:08,bhagy,FILE MODIFIED,.\audit_log.txt,,NO,fc55eb25e7f031336344df2f520a5b41ca1a9eb957d315825a3873145a6f19df,30,LOW
2026-09-12 11:23:08,bhagy,FILE MODIFIED,.\audit_log.txt,,NO,8a3b9885ff162c4fcb4917ab11a4de362da2a571a662c1e65e6bb4cd2a597028,30,LOW
2026-09-12 11:23:09,bhagy,FILE MODIFIED,.\audit_log.txt,,NO,8b415b93e81688f6c822bbe380f912972bd55dacf40d178bf37d03c3cfa9c31d,30,LOW
2026-09-12 11:23:09,bhagy,FILE MODIFIED,.\audit_log.txt,,NO,6f8770188b1d55c470ea219942cb5e845526ac3f038b257830a23a037add703d,30,LOW
2026-09-12 11:23:09,bhagy,FILE MODIFIED,.\audit_log.txt,,NO,8f7f5034f6bb0588b496ef3d73c2dafe099778fb4b505ed304350715deb33853,30,LOW
2026-09-12 11:23:09,bhagy,FILE MODIFIED,.\audit_log.txt,,NO,d0a9f7bdd5ae3afb8209cd7dc7114e8fd4927c07b8b6c4be18dea3ea516defd8,30,LOW
2026-09-12 11:23:09,bhagy,FILE MODIFIED,.\audit_log.txt,,NO,d71623eb00d171079e7b0de949be1f3ff06effc45fa27d527cb4ddda031f3578,30,LOW
2026-09-12 11:23:10,bhagy,FILE MODIFIED,.\audit_log.txt,,NO,449396246bdde0be723ae1ba31a052ac72d54f105384811c797569d98078103b,30,LOW
2026-09-12 11:23:10,bhagy,FILE MODIFIED,.\audit_log.txt,,NO,abf91b63898a8668fbefe992bc0ab87bf8b0d0d8415c15f062c05190f4d2c286,30,LOW
2026-09-12 11:23:10,bhagy,FILE MODIFIED,.\audit_log.txt,,NO,1b5caa25aefd5d184e5aaf64efd6d7795dc1e9d15f22f13c0f53c5be4aace756,30,LOW
2026-09-12 11:23:10,bhagy,FILE MODIFIED,.\audit_log.txt,,NO,f1ac4a5a9d307541fbc9f3b0fa3350ec678dc65745d9bd1cb2d2e9cf95680c94,30,LOW
2026-09-12 11:23:10,bhagy,FILE MODIFIED,.\audit_log.txt,,NO,8f60e1436d45c1876d3d1cfb4955e91a25595f369cbcecc428569e7e99ec756b,30,LOW
2026-09-12 11:23:10,bhagy,FILE MODIFIED,.\audit_log.txt,,NO,01f1d2724b1e51bac848b16b41f4abd2d421411fa8558ee84593284f5324e561,30,LOW
2026-09-12 11:23:10,bhagy,FILE MODIFIED,.\audit_log.txt,,NO,360cbeff90370a11d32d11f3e0374b26f9fe1017198d56568ad62d2482157ef9,30,LOW
2026-09-12 11:23:11,bhagy,FILE MODIFIED,.\audit_log.txt,,NO,bde24799a7497283d39dc733aa88e88f912fcea9b41eaf4705d356dd09952206,30,LOW
2026-09-12 11:23:11,bhagy,FILE MODIFIED,.\audit_log.txt,,NO,796e6c053c15cd1aa60740bced5d2cc20b3fd196202139f743f7592d8bad13d0,30,LOW
2026-09-12 11:23:11,bhagy,FILE MODIFIED,.\audit_log.txt,,NO,a2c027ef31bb85e0bac87d1fe046b2c7de3f9e31224dd2a3490a26a97162ca0e,30,LOW
2026-09-12 11:23:11,bhagy,FILE MODIFIED,.\audit_log.txt,,NO,b4c11e49692c5a3758fc41015e26d430e5c79ee110ec8da7a715ad708dba2fc8,30,LOW
2026-09-12 11:23:11,bhagy,FILE MODIFIED,.\audit_log.txt,,NO,acd3eb087991ca16349efbae034e89b7fa2db44949128c3b40ae92f733cdd3c6,30,LOW
2026-09-12 11:23:12,bhagy,FILE MODIFIED,.\audit_log.txt,,NO,668afac1ff843e9d61abd20545ca085ed0a98025e13b9a6b89b8e9e9dee30156,30,LOW
2026-09-12 11:23:12,bhagy,FILE MODIFIED,.\audit_log.txt,,NO,1e8305eb3d85ab4f37f1fddebe548a13c4b8104f5f77a17de1f1bc13c0f6be63,30,LOW
2026-09-12 11:23:12,bhagy,FILE MODIFIED,.\audit_log.txt,,NO,272559eed58bc3b2e3ca79ac4d522ffbf254bff37b6763f553de85f479e4177b,30,LOW
2026-09-12 11:23:12,bhagy,FILE MODIFIED,.\audit_log.txt,,NO,f6132c826bff78a21ea0113fe34536f05c04fc10fdcc7b77f465d97a754ee2aa,30,LOW
2026-09-12 11:23:12,bhagy,FILE MODIFIED,.\audit_log.txt,,NO,19d4fd114baccc45716a541ea90d591ad079cedfbe9c6f85d6fae130da7f57a4,30,LOW
2026-09-12 11:23:12,bhagy,FILE MODIFIED,.\audit_log.txt,,NO,ff13787023434c637d6c198f6e5b7ce22873f7a8d77598d6dfbd55043fbcd444,30,LOW
2026-09-12 11:23:12,bhagy,FILE MODIFIED,.\audit_log.txt,,NO,6cef3889285c90e77739763d2fa245bec49ef782d67a9a8dc16145374e622a03,30,LOW
2026-09-12 11:23:13,bhagy,FILE MODIFIED,.\audit_log.txt,,NO,71dbef913cc983863718702f5fefe5fc28962d0f7b356657e2d7500180296a04,30,LOW
2026-09-12 11:23:13,bhagy,FILE MODIFIED,.\audit_log.txt,,NO,5ebbbbe7a4f954a3103cbe7cf2435a553cfc071ba8e9a3fff595fb019c155a47,30,LOW
2026-09-12 11:23:13,bhagy,FILE MODIFIED,.\audit_log.txt,,NO,7d7e65ed6dae66268c4b8636411442931994f6d6a7a0ae0dc14e5c9be8ec01f2,30,LOW
2026-09-12 11:23:13,bhagy,FILE MODIFIED,.\audit_log.txt,,NO,33619d14863f814cf0c873dbe4cba786199f5d9255ca724c886d4413b556bf09,30,LOW
2026-09-12 11:23:13,bhagy,FILE MODIFIED,.\audit_log.txt,,NO,65bf3490eb3a79b074aaf875b40d0e0b7759e73e2e87c1639dafcd14a3d2631b,30,LOW
2026-09-12 11:23:13,bhagy,FILE MODIFIED,.\audit_log.txt,,NO,91a580b6d95716328ca7f6ed9b5c1a19ee803a5a0fe765d66210a832701248f8,30,LOW
2026-09-12 11:23:14,bhagy,FILE MODIFIED,.\audit_log.txt,,NO,323c164c844cf39b125c2212673ca9057af760ceff96e83df2d3f836ad81f4e6,30,LOW
2026-09-12 11:23:14,bhagy,FILE MODIFIED,.\audit_log.txt,,NO,c8ff67198876262a9b3db31053b8f76f053668d102fa15690c5b3e860d7fefa3,30,LOW
2026-09-12 11:23:14,bhagy,FILE MODIFIED,.\audit_log.txt,,NO,0b2099080c3770a8bda6bf8c21ecce0f31fbaf96401185ffcf1fc9fa6a7eb102,30,LOW
2026-09-12 11:23:14,bhagy,FILE MODIFIED,.\audit_log.txt,,NO,6322b2b705135f9914e9d030735678093b3b9b8eb97d495024062a730b8aea1a,30,LOW
2026-09-12 11:23:14,bhagy,FILE MODIFIED,.\audit_log.txt,,NO,6db33b7b11af461e7ff2db6d451f1aab9b932dba397e6dace6254dcfad778894,30,LOW
2026-09-12 11:23:14,bhagy,FILE MODIFIED,.\audit_log.txt,,NO,26a573fb683267295aa0add06a6e69cc59bd5368e4ea790bb59598b2b54ae7ef,30,LOW
2026-09-12 11:23:15,bhagy,FILE MODIFIED,.\audit_log.txt,,NO,a6f987a1affb6c669e76803ca263b27720671cb0b037ddef2ac689b30cc56901,30,LOW
2026-09-12 11:23:15,bhagy,FILE MODIFIED,.\audit_log.txt,,NO,4dfa5d46bc2267b12827596a07f542680fd17ad43c053c387b39fd43fe77bdca,30,LOW
2026-09-12 11:23:15,bhagy,FILE MODIFIED,.\audit_log.txt,,NO,c9dd654e4a89f36f8b8c1d1cf3bb86d043643635ea01fdd81ad5ce6a28e960d0,30,LOW
2026-09-12 11:23:15,bhagy,FILE MODIFIED,.\audit_log.txt,,NO,aced1b4db77530d0141200aef724d1e222b1800d44a9af4463ddc26ed718bb25,30,LOW
2026-09-12 11:23:15,bhagy,FILE MODIFIED,.\audit_log.txt,,NO,293d181ccf4f0aeb5dd75c616f984408885a0e52646d759ee8987749b9b61945,30,LOW
2026-09-12 11:23:15,bhagy,FILE MODIFIED,.\audit_log.txt,,NO,2578e220479088bae00a6320ba8a823cc93a5b6bc05bdd19fb072bc0d7c8bc9f,30,LOW
2026-09-12 11:23:16,bhagy,FILE MODIFIED,.\audit_log.txt,,NO,3edc709d1dbdac4d7fb1909a9fe91152b8dbdb0715d12f3ea0be476f602fd743,30,LOW
2026-09-12 11:23:16,bhagy,FILE MODIFIED,.\audit_log.txt,,NO,400c0e54a6b1675cbad925be51cbf578ece025bd9b792f3f8dfd7ae721e996e9,30,LOW
2026-09-12 11:23:16,bhagy,FILE MODIFIED,.\audit_log.txt,,NO,61e957cc671fa12249b190403d8147078c9b076059e29b7a029c9d7a0afc7aa7,30,LOW
2026-09-12 11:23:16,bhagy,FILE MODIFIED,.\audit_log.txt,,NO,7b3d223e131fc30c85895d861ccfddf572f7f6340a642762fc1511512cb116ac,30,LOW
2026-09-12 11:23:16,bhagy,FILE MODIFIED,.\audit_log.txt,,NO,217d211367d8f7f8d4f28cabb742fbffc21d2ca20e57fe9e5eace3cd0cc4eac6,30,LOW
2026-09-12 11:23:16,bhagy,FILE MODIFIED,.\audit_log.txt,,NO,cf92b19b847094cc6dc002a5f09ae0fc41ea563b07c83bb8966b45f6ecfcf0ac,30,LOW
2026-09-12 11:23:16,bhagy,FILE MODIFIED,.\audit_log.txt,,NO,87b6af3374965b2592c2c181e43446bed0b071ae40dc8ac0031d8b62a1c15e39,30,LOW
2026-09-12 11:23:17,bhagy,FILE MODIFIED,.\audit_log.txt,,NO,fe4f9c1ee6781e6f45a9401b7f42802b2569067360457a622ec28bb80f447806,30,LOW
2026-09-12 11:23:17,bhagy,FILE MODIFIED,.\audit_log.txt,,NO,378716ec28b16d568693d8007ab17e21c65ac8e35dbcb850674c1c3a646e9f76,30,LOW
2026-09-12 11:23:17,bhagy,FILE MODIFIED,.\audit_log.txt,,NO,087f325fc52fb622ea7a6d57e465f795b712997cbb16f70eb765ccc742f3fc9c,30,LOW
2026-09-12 11:23:17,bhagy,FILE MODIFIED,.\audit_log.txt,,NO,895ac008097cf29ed3ca77819fd71753c37cb9c21e37b75fc391f3e70301f72a,30,LOW
2026-09-12 11:23:17,bhagy,FILE MODIFIED,.\audit_log.txt,,NO,b53f1c30bd9f9b46c2b492f60518e87777f7df3a5b30b23e5d66b456cc5c5053,30,LOW
2026-09-12 11:23:17,bhagy,FILE MODIFIED,.\audit_log.txt,,NO,014d32a52fa2ef2cd9f72d6cc83774bd3e7447190b73a5f4d6d8798fc08572ab,30,LOW
2026-09-12 11:23:18,bhagy,FILE MODIFIED,.\audit_log.txt,,NO,095a93522ced3711a17492c499b11d8f0ee61a4960693d22429236356195c4a2,30,LOW
2026-09-12 11:23:18,bhagy,FILE MODIFIED,.\audit_log.txt,,NO,7622a414e9a8a60222097da00b404a44abe382c9d4aaaf28f403d2cc5c5693e6,30,LOW
2026-09-12 11:23:18,bhagy,FILE MODIFIED,.\audit_log.txt,,NO,1f8625577eddf661620adfe0aa47c3b7e3515a9929ddcf82632f21f67b71eada,30,LOW
2026-09-12 11:23:18,bhagy,FILE MODIFIED,.\audit_log.txt,,NO,81fed042b5b3bef8183cd113837b6acaa14fe2771983fc7331f0fd5e2d0bc22e,30,LOW
2026-09-12 11:23:18,bhagy,FILE MODIFIED,.\audit_log.txt,,NO,abfaca2259ce8d2f0f3b24e0a7f43e7d6dee8a61d53f892234ffecb7b023eed5,30,LOW
2026-09-12 11:23:18,bhagy,FILE MODIFIED,.\audit_log.txt,,NO,4b901de3a214ae76c05b2dce7a33a556da40c813b2a76642d88855f9e56ee129,30,LOW
2026-09-12 11:23:19,bhagy,FILE MODIFIED,.\audit_log.txt,,NO,04b0ebb654e3f46ecd72fa2b87a8b16af4e831149c43028ce5c76653d65e2d7a,30,LOW
2026-09-12 11:23:19,bhagy,FILE MODIFIED,.\audit_log.txt,,NO,1dd0447ad49b795fcf0f1bd04c0bf217abdb65858c3ee981179d98e49885bf86,30,LOW
2026-09-12 11:23:19,bhagy,FILE MODIFIED,.\audit_log.txt,,NO,2a8c1ea5c647251dd6d16c613eced8280b8377bd2ba85a05d209e943a048ec14,30,LOW
2026-09-12 11:23:19,bhagy,FILE MODIFIED,.\audit_log.txt,,NO,3118792d58d8d91afda36ec3d42dccb0f7a1a58fefd25cbaa3d895864570400c,30,LOW
2026-09-12 11:23:19,bhagy,FILE MODIFIED,.\audit_log.txt,,NO,d8f4508fa519d4fc8273285b75953563addfb0c8ff40a41bb0c4c673037e814c,30,LOW
2026-09-12 11:23:19,bhagy,FILE MODIFIED,.\audit_log.txt,,NO,2c09441f850a8dcf40c28557b5f3fee47c29301f9d4765334aeb02d25e0c2d0f,30,LOW
2026-09-12 11:23:20,bhagy,FILE MODIFIED,.\audit_log.txt,,NO,e915d829098e13f871d8270d4de7c95be3bd8dba9373c00ab5d83b1c7d748db9,30,LOW
2026-09-12 11:23:20,bhagy,FILE MODIFIED,.\audit_log.txt,,NO,8c3f4726d0951b2087f6dcec7320945bef2ed1949ae86d3a69e3b1ceda8a6262,30,LOW
2026-09-12 11:23:20,bhagy,FILE MODIFIED,.\audit_log.txt,,NO,59a494d11b9387e81d077d8849e7c6bec3506bba04d9ee673f7107b0c0c219bf,30,LOW
2026-09-12 11:23:20,bhagy,FILE MODIFIED,.\audit_log.txt,,NO,3aae0b17dc2840b5bb0085c5a3ff48e4c1b27545bcdfb24f7ce374943896b97c,30,LOW
2026-09-12 11:23:20,bhagy,FILE MODIFIED,.\audit_log.txt,,NO,8110badd41f239d72ccfe654d3d44fbc1229ddadc421d37360252557c20d89fb,30,LOW
2026-09-12 11:23:20,bhagy,FILE MODIFIED,.\audit_log.txt,,NO,0870be066940ab2bdbfb900971f8503d888d3d2fd5165a51f938241d483ad51e,30,LOW
2026-09-12 11:23:21,bhagy,FILE MODIFIED,.\audit_log.txt,,NO,19caf2622a1ea034694edbd282dee6b453b10edb00778c52563ecfe9650abc67,30,LOW
2026-09-12 11:23:21,bhagy,FILE MODIFIED,.\audit_log.txt,,NO,8f38cd77aa26b399ec69a47104a52eb6c24a93cc5829640f28bd919e9c1a0b88,30,LOW
2026-09-12 11:23:21,bhagy,FILE MODIFIED,.\audit_log.txt,,NO,2a998f4760e9a0b8d2422cfc9f52cc493a2ba23ecdf25a4bac4108474baa1f70,30,LOW
2026-09-12 11:23:21,bhagy,FILE MODIFIED,.\audit_log.txt,,NO,3b62a4afa9cefab6e8765f4f06b618eab00d5223cc43097745d3a9bf9a7fea12,30,LOW
2026-09-12 11:23:21,bhagy,FILE MODIFIED,.\audit_log.txt,,NO,a47bf51959f0bb02461768acb207af19847a60498be8bf7e6591aa9eeb30aa0c,30,LOW
2026-09-12 11:23:21,bhagy,FILE MODIFIED,.\audit_log.txt,,NO,d6937b3eafcacc16bf2f990058d0e0a0d0f5047faf5bc1b1d6946391b9d48345,30,LOW
2026-09-12 11:23:21,bhagy,FILE MODIFIED,.\audit_log.txt,,NO,1b0ad2636793f20d6def336109d9612c0d2b42ff121e00f99e9e03743cc7cec8,30,LOW
2026-09-12 11:23:22,bhagy,FILE MODIFIED,.\audit_log.txt,,NO,53a8b4ebb811f59c3892b304c17cab36233ffc291cfce8de36173a09eeff7232,30,LOW
2026-09-12 11:23:22,bhagy,FILE MODIFIED,.\audit_log.txt,,NO,61770e713944b5229be50435b6478c6c395d9fb3751c13220dc89051521ec68c,30,LOW
2026-09-12 11:23:22,bhagy,FILE MODIFIED,.\audit_log.txt,,NO,21396725f543fc94dac04063e771f77ac335ce71476ed0a43d2de562eb6a4319,30,LOW
2026-09-12 11:23:22,bhagy,FILE MODIFIED,.\audit_log.txt,,NO,edbddcc63119df961376725daedda2493bd41e1ee4e5007d2df15b5ab7ac5a8a,30,LOW
2026-09-12 11:23:22,bhagy,FILE MODIFIED,.\audit_log.txt,,NO,3d46f95bd1f68dbb003125929ae7d45607629f888cbd540a118a8bdb7782d2b1,30,LOW
2026-09-12 11:23:22,bhagy,FILE MODIFIED,.\audit_log.txt,,NO,76820fd963f9142c95d873bcf2082aa18de35af7a9401eb465ab2f8bd33c18a8,30,LOW
2026-09-12 11:23:23,bhagy,FILE MODIFIED,.\audit_log.txt,,NO,83dbe68e69f944c8a749d875ad4ba1ba494320cfceeb9c0067601539a068482d,30,LOW
2026-09-12 11:23:23,bhagy,FILE MODIFIED,.\audit_log.txt,,NO,5559b8d35a9f067c042a313723774a1b85ca5124e1a04d32ee8d4bbc70077168,30,LOW
2026-09-12 11:23:23,bhagy,FILE MODIFIED,.\audit_log.txt,,NO,b313d303dd9d5ab8ddf3e84660056ba12e6c4222df50b44e1764fee8ea424d7b,30,LOW
2026-09-12 11:23:23,bhagy,FILE MODIFIED,.\audit_log.txt,,NO,669d301353c61cac0b0d38e9123405515db6feefcf524016e2f4cef19618fdb6,30,LOW
2026-09-12 11:23:23,bhagy,FILE MODIFIED,.\audit_log.txt,,NO,2bf07da2f3deff7eb98e412fbae6e78de3f3619f74bee382ba0203b691d98ec1,30,LOW
2026-09-12 11:23:23,bhagy,FILE MODIFIED,.\audit_log.txt,,NO,7c64e7a4b84cfe1ac8feba22b9d9bfb4f315fd52ec1b4586b1db03788029a5fd,30,LOW
2026-09-12 11:23:24,bhagy,FILE MODIFIED,.\audit_log.txt,,NO,c2737065e9c81693f88d44aaa11544620d75b0236edcb25647c788c48be5d789,30,LOW
2026-09-12 11:23:24,bhagy,FILE MODIFIED,.\audit_log.txt,,NO,47a27d005246bb96fed7e0ef544d2c8695c2c65cd73a41cf30e7a1a53e6e14a4,30,LOW
2026-09-12 11:23:24,bhagy,FILE MODIFIED,.\audit_log.txt,,NO,46c3d0e78141f8ab5b0f55ec18a6905963f499e389ee87e66b1768065eb2318a,30,LOW
2026-09-12 11:23:24,bhagy,FILE MODIFIED,.\audit_log.txt,,NO,7a36308688f4f642a6ca0cc8539af161cebfedb780e5b076f11bf93ffeac2ceb,30,LOW
2026-09-12 11:23:24,bhagy,FILE MODIFIED,.\audit_log.txt,,NO,3fc170ff6e093331ff4bbaca9c0d7ace7c6a2ea4a750fbdf7e856c84b5a2b3d9,30,LOW
2026-09-12 11:23:24,bhagy,FILE MODIFIED,.\audit_log.txt,,NO,5a74aaf86ebc599fc6ecc034c22c36e14f4d710d9eb51beddc8fa82629e3865a,30,LOW
2026-09-12 11:23:24,bhagy,FILE MODIFIED,.\audit_log.txt,,NO,24531014c1892d07d7c152f2bfb01d009242d4d36911e97c2b8313318efdc76f,30,LOW
2026-09-12 11:23:25,bhagy,FILE MODIFIED,.\audit_log.txt,,NO,82076efbc3352f72b1bac3dc544a5b1f1ca50f9145668382e651ab376e812890,30,LOW
2026-09-12 11:23:25,bhagy,FILE MODIFIED,.\audit_log.txt,,NO,9bcd0ce153810a9eb0d17bfc82744dda3488881921569a9ef641a37204dcc050,30,LOW
2026-09-12 11:23:25,bhagy,FILE MODIFIED,.\audit_log.txt,,NO,36ad37235bb28952f39bf266d5e533d1d66252b83c0d31aad1f94e8952efe775,30,LOW
2026-09-12 11:23:25,bhagy,FILE MODIFIED,.\audit_log.txt,,NO,ab2d4f62225384d576e44817eb4f549ea410dedccca8c85d23600aca6a91d358,30,LOW
2026-09-12 11:23:25,bhagy,FILE MODIFIED,.\audit_log.txt,,NO,41bf33e5b3ca0d2091c4bdc9a38735525db541ab66dcdeb58e4d45d885ed0dfb,30,LOW
2026-09-12 11:23:25,bhagy,FILE MODIFIED,.\audit_log.txt,,NO,8d6cf94a1d1c6bf6f4860bf97bcfd1e53fe7e6d6239c0ae1dbc196fd719165f7,30,LOW
2026-09-12 11:23:26,bhagy,FILE MODIFIED,.\audit_log.txt,,NO,577a74e49bc8524a50781b851f77be1cbb6dbe6cf8c64d398b55001978a72f10,30,LOW
2026-09-12 11:23:26,bhagy,FILE MODIFIED,.\audit_log.txt,,NO,bcdf5e965bd5683d41423dd46238c3f679c94596d753987a352b071c5843f5e6,30,LOW
2026-09-12 11:23:26,bhagy,FILE MODIFIED,.\audit_log.txt,,NO,6705109501bb9701131f8b0151fd3eaac0f135902216e318a65f1904482c77cc,30,LOW
2026-09-12 11:23:26,bhagy,FILE MODIFIED,.\audit_log.txt,,NO,6ac7d71b4a90a77e10fbe04ce0217ec5a1deed464d64a52139b8c8121eb23736,30,LOW
2026-09-12 11:23:26,bhagy,FILE MODIFIED,.\audit_log.txt,,NO,75fa9f119fb8d55e6339486037ebf887783b930b94cc5bf9d6bb0ecc04c69fee,30,LOW
2026-09-12 11:23:26,bhagy,FILE MODIFIED,.\audit_log.txt,,NO,5e18cb8f88477fd038a5ab0647698472de4d36e19486d2b4bf2a11218d2d3534,30,LOW
2026-09-12 11:23:27,bhagy,FILE MODIFIED,.\audit_log.txt,,NO,9a9e7aa3758df77044ff4c136b98393075ceaa25e1f591c380e5728d52937780,30,LOW
2026-09-12 11:23:27,bhagy,FILE MODIFIED,.\audit_log.txt,,NO,f79bf4dbd8fff9fc1c72c76ed7a901f7098ec2ef47fdbc7c5b1ee22b9801b0f2,30,LOW
2026-09-12 11:23:27,bhagy,FILE MODIFIED,.\audit_log.txt,,NO,aa92078ee798d2d0ac26a6a9943bf9d03a52cec04db31e5571fa60cc28571664,30,LOW
2026-09-12 11:23:27,bhagy,FILE MODIFIED,.\audit_log.txt,,NO,8e614cec718b9ede844e0ff94be3379d337c3a43bf841d1453fff3d11c2b4b04,30,LOW
2026-09-12 11:23:27,bhagy,FILE MODIFIED,.\audit_log.txt,,NO,a6f35f8cd824f3db487f1f12008e6242fce042ebab313e36d9dfcab74ad7e64d,30,LOW
2026-09-12 11:23:28,bhagy,FILE MODIFIED,.\audit_log.txt,,NO,5d1c5f4ca1289cb89141bf592249e3690c80a3aab5bc5b95118a43f2837d054b,30,LOW
2026-09-12 11:23:28,bhagy,FILE MODIFIED,.\audit_log.txt,,NO,8fe0d7e329ebca725b82a850334450ea66424d27695d60fa03d8c4113f8f02e6,30,LOW
2026-09-12 11:23:28,bhagy,FILE MODIFIED,.\audit_log.txt,,NO,2c5cdc1c5efaa22e608c3f68412e5c7892ef89c718454a996a4cf06d650facba,30,LOW
2026-09-12 11:23:28,bhagy,FILE MODIFIED,.\audit_log.txt,,NO,d56f381e102f04f775b2f394709fea76faa5235129b2ddf93621ede46504c2e8,30,LOW
2026-09-12 11:23:28,bhagy,FILE MODIFIED,.\audit_log.txt,,NO,c5efc9fe23acffb517ee242a118cd8183420c0ff9f156e2c1859a70cedb33e4d,30,LOW
2026-09-12 11:23:28,bhagy,FILE MODIFIED,.\audit_log.txt,,NO,4af4ac16ca733cae8858cda14074dfce0f9ffd28532af6f6ebbae5f66dcf34ec,30,LOW
2026-09-12 11:23:29,bhagy,FILE MODIFIED,.\audit_log.txt,,NO,ff74234abce8ae77ded72a397f3f86a7d1f0bebd297a9c9b824e8b012f117559,30,LOW
2026-09-12 11:23:29,bhagy,FILE MODIFIED,.\audit_log.txt,,NO,8b58ed00fae357536119ffa78879978bc4dd1e71d2fe49ceaffa774d1abc9269,30,LOW
2026-09-12 11:23:29,bhagy,FILE MODIFIED,.\audit_log.txt,,NO,82f88e2afe48326d81dea5a7116bad682b45a2633b079eda6fedb29a03e268e0,30,LOW
2026-09-12 11:23:29,bhagy,FILE MODIFIED,.\audit_log.txt,,NO,463eed3a40ec1a05597bedda721f46544cef8d5d452a848d4361ac26e796295e,30,LOW
2026-09-12 11:23:29,bhagy,FILE MODIFIED,.\audit_log.txt,,NO,5b988464691ec1be801c249a92f03f349aa696b5a850bcb49d2dac11452a3bc4,30,LOW
2026-09-12 11:23:29,bhagy,FILE MODIFIED,.\audit_log.txt,,NO,d7571965db01005d7f08d41a289fe5b02231704369b62f4e5cc179c89205f9be,30,LOW
2026-09-12 11:23:29,bhagy,FILE MODIFIED,.\audit_log.txt,,NO,cda4cdaa03dd53214d3a4ca194a5a917b7da926cbc67f86f686a2034bf858a5d,30,LOW
2026-09-12 11:23:30,bhagy,FILE MODIFIED,.\audit_log.txt,,NO,c186da68cf7d1276cf182359d3d87a7d1636027db6ac7f4edf71847811826194,30,LOW
2026-09-12 11:23:30,bhagy,FILE MODIFIED,.\audit_log.txt,,NO,ec672cc9648f7b592fb02a976eb3b3f4e51070d2872f6c914ae5d20baaf06676,30,LOW
2026-09-12 11:23:30,bhagy,FILE MODIFIED,.\audit_log.txt,,NO,ae0bff6ee4693736e1b64b843a70ef64d15c2df8a92bc2904993c87432960234,30,LOW
2026-09-12 11:23:30,bhagy,FILE MODIFIED,.\audit_log.txt,,NO,94af3c42dfb4cde226a277ba0f4608b195664cedfbed65e67ec0462ed8c6576b,30,LOW
2026-09-12 11:23:30,bhagy,FILE MODIFIED,.\audit_log.txt,,NO,9727bba23069b8e42207f217c4334df3334d7184682c08e18899339b13dc4403,30,LOW
2026-09-12 11:23:31,bhagy,FILE MODIFIED,.\audit_log.txt,,NO,a30053cdc4cf774c02fb3bfe0469334e4b06ef405f7fcce78c374d8b0ef98a44,30,LOW
2026-09-12 11:23:31,bhagy,FILE MODIFIED,.\audit_log.txt,,NO,5611a7550e1ff756645e235d2e38738adec36b1047bfd5737cfeb5070fd429d0,30,LOW
2026-09-12 11:23:31,bhagy,FILE MODIFIED,.\audit_log.txt,,NO,7314f70af08de9c224f8ca3f18529ef2c42a9fc532a60cc6e11e90213669d619,30,LOW
2026-09-12 11:23:31,bhagy,FILE MODIFIED,.\audit_log.txt,,NO,a9c3268190fa8d1b58754d3ba08c3335cebab89d86981d9bcc2ca298b2b60f68,30,LOW
2026-09-12 11:23:31,bhagy,FILE MODIFIED,.\audit_log.txt,,NO,937dec5bb805ddbde32ef95c5ea55bb061a8dea132679d7cecc2764cac4e2bb2,30,LOW
2026-09-12 11:23:31,bhagy,FILE MODIFIED,.\audit_log.txt,,NO,0f3c3f089543281aaa4a0c2d8a4d545f53898c6066691c48a21bd23e4bc3b4b2,30,LOW
2026-09-12 11:23:31,bhagy,FILE MODIFIED,.\audit_log.txt,,NO,ce8a34c7236b786010b0d06f7377178328156cc30f1e5de674e7926326df1d71,30,LOW
2026-09-12 11:23:32,bhagy,FILE MODIFIED,.\audit_log.txt,,NO,ba474dfac9357d432dbc7a82b229d83149c710a7e02f6ac55259edbdafaea863,30,LOW
2026-09-12 11:23:32,bhagy,FILE MODIFIED,.\audit_log.txt,,NO,4cd5d22f098d72f2ae6bd64fb2981fc55328c0bfe40eb22b741363dc9270006c,30,LOW
2026-09-12 11:23:32,bhagy,FILE MODIFIED,.\audit_log.txt,,NO,b1fa314f26c5e6edb4704936b89a8fbd3c2c9e6a1f787971270c66ba112623f2,30,LOW
2026-09-12 11:23:32,bhagy,FILE MODIFIED,.\audit_log.txt,,NO,a49f7fbe38285c70a911b1910a95fab31093f28a9827d62b2311d52137fb0a8c,30,LOW
2026-09-12 11:23:32,bhagy,FILE MODIFIED,.\audit_log.txt,,NO,61b8f54e858dbc16630b83bb90111d10c9b90351f063126135f26a4c0939dee7,30,LOW
2026-09-12 11:23:32,bhagy,FILE MODIFIED,.\audit_log.txt,,NO,c59701d7d04281acc4603d4a37bf29c953c44d9bb55b3dda3fed22fc0104fed9,30,LOW
2026-09-12 11:23:33,bhagy,FILE MODIFIED,.\audit_log.txt,,NO,98533a0464b8135073c05aa0d922abec9fd81bd563766e9f7d5151732eab6d5e,30,LOW
2026-09-12 11:23:33,bhagy,FILE MODIFIED,.\audit_log.txt,,NO,b2806a20434615d8dff25b6fc8ee28fa646046d7a214e93f6eac1904d124e5fa,30,LOW
2026-09-12 11:23:33,bhagy,FILE MODIFIED,.\audit_log.txt,,NO,9025f1b02887e8b60af36c8dea7033f032ce8e161fc80528afa6b79b74997d7f,30,LOW
2026-09-12 11:23:33,bhagy,FILE MODIFIED,.\audit_log.txt,,NO,ed341eae86f5a31da3a0697e3f7a34e2cdcfa2476dfde5ec66dda7c9dc66687e,30,LOW
2026-09-12 11:23:33,bhagy,FILE MODIFIED,.\audit_log.txt,,NO,f2c61e0d5a7a21586e7b603ccc2c298658c99caaad6d951593d6de0248e536d0,30,LOW
2026-09-12 11:23:33,bhagy,FILE MODIFIED,.\audit_log.txt,,NO,7351443109540ded8115fba7581ee3e210c67e26ccf90d3922480638fb1d2de0,30,LOW
2026-09-12 11:23:34,bhagy,FILE MODIFIED,.\audit_log.txt,,NO,520f2c42bc52895295e1a7aebf3ed277b5ba32e1787cf686c870658b50273c36,30,LOW
2026-09-12 11:23:34,bhagy,FILE MODIFIED,.\audit_log.txt,,NO,506513d1aec7b9db8e98d11c1296be487b82deee83300dec6bb8fce091b245de,30,LOW
2026-09-12 11:23:34,bhagy,FILE MODIFIED,.\audit_log.txt,,NO,3674c08bb56736f18f85d805bf4991872d9a56bdc34ea09fb26466b82b11190e,30,LOW
2026-09-12 11:23:34,bhagy,FILE MODIFIED,.\audit_log.txt,,NO,09b34654ba0e86701c9a9ecccdb0b4624ca5e8a265e4f896a6629b11be453329,30,LOW
2026-09-12 11:23:34,bhagy,FILE MODIFIED,.\audit_log.txt,,NO,214467da01c998995e8bcc7c39bd8c388ee0cddf472e070a0eb395bf1052421d,30,LOW
2026-09-12 11:23:34,bhagy,FILE MODIFIED,.\audit_log.txt,,NO,3abcd046e0f70ab960483e10dd21ef8d5666e118687dc41796e2afca6b67f934,30,LOW
2026-09-12 11:23:34,bhagy,FILE MODIFIED,.\audit_log.txt,,NO,1b6e7b24b03bd3f8c68f9c0a22008ab2444f5cbf79ae5c07905542d703fd23ab,30,LOW
2026-09-12 11:23:35,bhagy,FILE MODIFIED,.\audit_log.txt,,NO,cdea7cd3454053aba7e7fdf98325c86fa2aa854936c5a8bb6ace5e57a4aeeb97,30,LOW
2026-09-12 11:23:35,bhagy,FILE MODIFIED,.\audit_log.txt,,NO,20a7f99ba581f69dc4649e76965f82204b09e6e2f1559259d532d76c931bc15f,30,LOW
2026-09-12 11:23:35,bhagy,FILE MODIFIED,.\audit_log.txt,,NO,fd64e3e2dac6d2cb6fab1ed0bb1a02b0ccb108077f1f0aa2ebf7e47364314977,30,LOW
2026-09-12 11:23:35,bhagy,FILE MODIFIED,.\audit_log.txt,,NO,c3fe6b72debe52c842386dc9202cef4e410ebd2060e643688dbb92862864b181,30,LOW
2026-09-12 11:23:35,bhagy,FILE MODIFIED,.\audit_log.txt,,NO,9ad325bf07959ef218ff30bbdbce58cff6b7ee5b6f704262197e5175dcb05260,30,LOW
2026-09-12 11:23:35,bhagy,FILE MODIFIED,.\audit_log.txt,,NO,66bc89d1c9488d85c3010f17649253955e59254b0a0f5fc7ec9295c9e7eaf77f,30,LOW
2026-09-12 11:23:36,bhagy,FILE MODIFIED,.\audit_log.txt,,NO,aa1250dbf946ec376acaae0cb4066adec0c4f986ae05e05cd18b641bf42274e2,30,LOW
2026-09-12 11:23:36,bhagy,FILE MODIFIED,.\audit_log.txt,,NO,794a275dda1628311fc2b4485cddba9cbc6baa66b3e03e77b9a8a30b7250f50e,30,LOW
2026-09-12 11:23:36,bhagy,FILE MODIFIED,.\audit_log.txt,,NO,91929d2b62fd4ed1ec5d0647a5dda3ce1dd2c639b2577a19c40d75342ea0f5b5,30,LOW
2026-09-12 11:23:36,bhagy,FILE MODIFIED,.\audit_log.txt,,NO,a369450a4a7af26749be32cd5c070340c61147c95a57bd5b0151322b90c3b396,30,LOW
2026-09-12 11:23:36,bhagy,FILE MODIFIED,.\audit_log.txt,,NO,d1a2cd8f717d9edce6670d4b9fb2efd0a65ce99c0c012830b0c2345e6e15dd0b,30,LOW
2026-09-12 11:23:36,bhagy,FILE MODIFIED,.\audit_log.txt,,NO,441be46b2fd5c070a381a01251c78add06841ff9d2c63ba103f1616fd342693d,30,LOW
2026-09-12 11:23:37,bhagy,FILE MODIFIED,.\audit_log.txt,,NO,a75aac0512a4f7ad9eaec2054d9a59c43c40d9bf914a1740a743f8e572c04930,30,LOW
2026-09-12 11:23:37,bhagy,FILE MODIFIED,.\audit_log.txt,,NO,b9997e5d5498d9a11d7cc2fb57799023c0450d978363a9bfce5c470f69ebbdd6,30,LOW
2026-09-12 11:23:37,bhagy,FILE MODIFIED,.\audit_log.txt,,NO,ca9161395f175ab617e1d698faebc990dd78090f181850aac0cee236136d9138,30,LOW
2026-09-12 11:23:37,bhagy,FILE MODIFIED,.\audit_log.txt,,NO,f6c9945742e39cabcb93bb6c704d7145e5b795f5dba515d18ecd8b4303c32166,30,LOW
2026-09-12 11:23:37,bhagy,FILE MODIFIED,.\audit_log.txt,,NO,e7503d6825c33bc8a5908855370afd76d5676482d06797a372325b67f706aa6f,30,LOW
2026-09-12 11:23:37,bhagy,FILE MODIFIED,.\audit_log.txt,,NO,a370f5b95f97df3f51c85c4d3b9effea48d4b532f910bdd842187dc023831fe7,30,LOW
2026-09-12 11:23:37,bhagy,FILE MODIFIED,.\audit_log.txt,,NO,3fe8b145afb0ea38023e69c836afa72720bcac384e044d348c12396d00e840b5,30,LOW
2026-09-12 11:23:38,bhagy,FILE MODIFIED,.\audit_log.txt,,NO,51652d6a5508e6ec90863d4fd7312503fa460dd67a706c720e5ec581223afd99,30,LOW
2026-09-12 11:23:38,bhagy,FILE MODIFIED,.\audit_log.txt,,NO,a456b5af073322539b17cb4c8806fb97931a96fb2153f2286ea13cce4d8fdabe,30,LOW
2026-09-12 11:23:38,bhagy,FILE MODIFIED,.\audit_log.txt,,NO,fa26ee243488a77d3a13718ed51a211a3f230a289fda420f34e15b8b11af29ab,30,LOW
2026-09-12 11:23:38,bhagy,FILE MODIFIED,.\audit_log.txt,,NO,5865ccd0652bb56dda44dc4e68e19ed611fe0606fddc013d4e50d0eba2b8da5d,30,LOW
2026-09-12 11:23:38,bhagy,FILE MODIFIED,.\audit_log.txt,,NO,100cdac39143fabf008cf089f3468d0eeb22d24ee5f33795d7e151a9bb8e682d,30,LOW
2026-09-12 11:23:38,bhagy,FILE MODIFIED,.\audit_log.txt,,NO,9d25390dcb56feff28dfb35533f29a9b205c985f3be33a321fbd5cde3e314452,30,LOW
2026-09-12 11:23:38,bhagy,FILE MODIFIED,.\audit_log.txt,,NO,9baff9419e02cc32782f12d2f3cd62a319d1ddb22c7658c2cc061040002aeed2,30,LOW
2026-09-12 11:23:39,bhagy,FILE MODIFIED,.\audit_log.txt,,NO,8e55bc2d4d4238235cadb51f7b511e502294bdc488e832e328d64048f9ec0669,30,LOW
2026-09-12 11:23:39,bhagy,FILE MODIFIED,.\audit_log.txt,,NO,5ebea88fea7f4bc55602941ec1fad48aeb14a87c89992efc3942c961c567ad3f,30,LOW
2026-09-12 11:23:39,bhagy,FILE MODIFIED,.\audit_log.txt,,NO,66185f1369c250c70316af09c07a373f65d1b1241d6d1fab6686869a9bd976c3,30,LOW
2026-09-12 11:23:39,bhagy,FILE MODIFIED,.\audit_log.txt,,NO,9de6d7729ac01e5e6c2168821599149f18cbd239a969580f696830ab69711163,30,LOW
2026-09-12 11:23:39,bhagy,FILE MODIFIED,.\audit_log.txt,,NO,0725ebeedef02d5739b19ec4dd8eb4739c7dacac9beed06751a61cca5046d163,30,LOW
2026-09-12 11:23:39,bhagy,FILE MODIFIED,.\audit_log.txt,,NO,b9d9c8acfb597815aa9801ea569d4d3fe318bc1968b0472b6137fe39230f19d6,30,LOW
2026-09-12 11:23:40,bhagy,FILE MODIFIED,.\audit_log.txt,,NO,8c9dd3328f2beeb998c846deebb60d6c17cd911352108334f5dd95e2a4d42d86,30,LOW
2026-09-12 11:23:40,bhagy,FILE MODIFIED,.\audit_log.txt,,NO,fc44a9dccd1eea6e5ca49b545a2766b4ad8a834f492baa7991ae420af77c6657,30,LOW
2026-09-12 11:23:40,bhagy,FILE MODIFIED,.\audit_log.txt,,NO,6a46b0ff6305b7e03dce0ce4a0b5e4c46868253d5d6d60be7cab5482f7a6741c,30,LOW
2026-09-12 11:23:40,bhagy,FILE MODIFIED,.\audit_log.txt,,NO,b27ede6d75f68193539d54fdf230ca0cfaa8ebf3f3493394195dd5a2e0b2971f,30,LOW
2026-09-12 11:23:40,bhagy,FILE MODIFIED,.\audit_log.txt,,NO,eeaae965588f80ee2446e39a8fe6328bdc140e0e5e28bfd9becd6bcf338f68ea,30,LOW
2026-09-12 11:23:40,bhagy,FILE MODIFIED,.\audit_log.txt,,NO,c6bc9a95b2c01a60b24e8bf2602757494b137559981c1f5f5f80e43fcd699c23,30,LOW
2026-09-12 11:23:41,bhagy,FILE MODIFIED,.\audit_log.txt,,NO,f9e907c4921e42584848a4680c5b5c2ea4ef09739d405738bb00fcf0305000cd,30,LOW
2026-09-12 11:23:41,bhagy,FILE MODIFIED,.\audit_log.txt,,NO,ee97cc22398134611882ca3aa9a3528b2a95c70e29b86f7ba9b8a179f955d6cf,30,LOW
2026-09-12 11:23:41,bhagy,FILE MODIFIED,.\audit_log.txt,,NO,5cdaaba686b595033b0a612e32670d1fbd2312a1ba2fdcae1950ff9d461d23fc,30,LOW
2026-09-12 11:23:41,bhagy,FILE MODIFIED,.\audit_log.txt,,NO,c70f0efc1cf8c9e50b7f1abbdc417222178066d022633d93d3f2c2255e9d4c13,30,LOW
2026-09-12 11:23:41,bhagy,FILE MODIFIED,.\audit_log.txt,,NO,03a88e95981671070bf7a31c8458603bdafcac5d4931dbd4685a80ae6c25b0fb,30,LOW
2026-09-12 11:23:41,bhagy,FILE MODIFIED,.\audit_log.txt,,NO,ded0a9b779c02e564b87980ccfa63bc356fc64dc519eed198ff69e080819328b,30,LOW
2026-09-12 11:23:41,bhagy,FILE MODIFIED,.\audit_log.txt,,NO,7c817f309f22fa689c9c8885dc080f901bfc8eccc0af90be7030b31235174ce3,30,LOW
2026-09-12 11:23:42,bhagy,FILE MODIFIED,.\audit_log.txt,,NO,ca4af40a31b6c16caf2e30cba5457d4a6cc09ae016d77098d5308d46dd990b3d,30,LOW
2026-09-12 11:23:42,bhagy,FILE MODIFIED,.\audit_log.txt,,NO,ef629c6759d51349dc31ba3dac516300337d647785dd5722776d685d04746271,30,LOW
2026-09-12 11:23:42,bhagy,FILE MODIFIED,.\audit_log.txt,,NO,fecc10739c5b9d3c453d2b134fbb7da83436cd628a75e0ab24db0950897752d8,30,LOW
2026-09-12 11:23:42,bhagy,FILE MODIFIED,.\audit_log.txt,,NO,472a56dd41eae230a011f29b621efa8cb250ef285c65e13e2111dfa5e2d4c856,30,LOW
2026-09-12 11:23:42,bhagy,FILE MODIFIED,.\audit_log.txt,,NO,61b82a39343499cdab7067bba1ab58000624ba6fad44e5041e4e4a5740eaf6b6,30,LOW
2026-09-12 11:23:42,bhagy,FILE MODIFIED,.\audit_log.txt,,NO,45032e00d7c2eb8a20cc3fda70bb0085e9d4b4705cfc036e21825a48a19624b1,30,LOW
2026-09-12 11:23:43,bhagy,FILE MODIFIED,.\audit_log.txt,,NO,687fb8ccff3342a706f534f657e7658a25bc4860e6dcbe0a2a7a64ad93b4a059,30,LOW
2026-09-12 11:23:43,bhagy,FILE MODIFIED,.\audit_log.txt,,NO,ea2d2c127aad19b87f88b2146b0a8efaa2ed3212e9627d68fc2981bec4866166,30,LOW
2026-09-12 11:23:43,bhagy,FILE MODIFIED,.\audit_log.txt,,NO,4e094bef85cc18e48af5a8ef5d8a01d33682f186f7070be41b97289a92c366cb,30,LOW
2026-09-12 11:23:43,bhagy,FILE MODIFIED,.\audit_log.txt,,NO,f5c063eff2495c027d653c31f12378f39a1795c72c6ce116b8543a29f0d0db02,30,LOW
2026-09-12 11:23:43,bhagy,FILE MODIFIED,.\audit_log.txt,,NO,6da76c1f36c4f438cf6c8fd72645f581576a14f8fb4a99c3998990257f4e2702,30,LOW
2026-09-12 11:23:43,bhagy,FILE MODIFIED,.\audit_log.txt,,NO,438eb134840d22352ee4cd94752bc32917e6bbf47248e7c78d8b1ecb7d1fd063,30,LOW
2026-09-12 11:23:44,bhagy,FILE MODIFIED,.\audit_log.txt,,NO,3285d3253787340e039fa4d62310f8b95f4a2159503ba35bfc173cc0c8dc2d39,30,LOW
2026-09-12 11:23:44,bhagy,FILE MODIFIED,.\audit_log.txt,,NO,9a571001b4277d4fa38da8b0fd71d57b5f6ffcd9a1e62e34a0495e59b964690c,30,LOW
2026-09-12 11:23:44,bhagy,FILE MODIFIED,.\audit_log.txt,,NO,bdd1e043b7c4af588b742836af3ecc8a4804525198a5c3609eff52d994d9ed55,30,LOW
2026-09-12 11:23:44,bhagy,FILE MODIFIED,.\audit_log.txt,,NO,904318e03d0cd069c1c2c26b45d00a0dc59a6297744cb07b20dc85cd555d8203,30,LOW
2026-09-12 11:23:44,bhagy,FILE MODIFIED,.\audit_log.txt,,NO,cd481aea6f393974979e9e6be3fcc38328b5bcddb24f925d4a127b6f11972e10,30,LOW
2026-09-12 11:23:44,bhagy,FILE MODIFIED,.\audit_log.txt,,NO,02dbdd8ce69aad20185bc3f4b1486bb7f7cf14d8fca1e7c5a9ca862133e58df9,30,LOW
2026-09-12 11:23:44,bhagy,FILE MODIFIED,.\audit_log.txt,,NO,b261b9a132be1eaeae76aba322f70ed38a7dc51b02c1f91da5643165ae2faaa8,30,LOW
2026-09-12 11:23:45,bhagy,FILE MODIFIED,.\audit_log.txt,,NO,4b25798e31bcd2be95d1ba5c6dab6fadb904b421489652760e3e260c1e7f2a02,30,LOW
2026-09-12 11:23:45,bhagy,FILE MODIFIED,.\audit_log.txt,,NO,810fd6934885efad30f99f2ae787632aeebfcf80ad54c98c90b772272c35c9ea,30,LOW
2026-09-12 11:23:45,bhagy,FILE MODIFIED,.\audit_log.txt,,NO,27e4809d19c0cdffd56f0214cc693bfd50fe662b0ba7f9d603e4980704c51ebb,30,LOW
2026-09-12 11:23:45,bhagy,FILE MODIFIED,.\audit_log.txt,,NO,a486f7eadacc74d877ede394d5a3a5dbe00512fbfc9b0f4fae73a0842038d07c,30,LOW
2026-09-12 11:23:45,bhagy,FILE MODIFIED,.\audit_log.txt,,NO,388a5b40307a3d7d18726e1419147a369fc11e4808b45abb352bd34c59f6c12c,30,LOW
2026-09-12 11:23:45,bhagy,FILE MODIFIED,.\audit_log.txt,,NO,46aedb789fe8dd22c01d5ca97966507e080a8765780543ecf4c7780b5dd05648,30,LOW
2026-09-12 11:23:46,bhagy,FILE MODIFIED,.\audit_log.txt,,NO,1e783f37cd458f32a57beabe368d2e4853d2aa4f6104649a1f01ad8ea93d29ea,30,LOW
2026-09-12 11:23:46,bhagy,FILE MODIFIED,.\audit_log.txt,,NO,6a7dba727993365f25afcc4b01c9d8eed38d6ff43321acb9b67a6a7af094d4c7,30,LOW
2026-09-12 11:23:46,bhagy,FILE MODIFIED,.\audit_log.txt,,NO,5c98cb3e71320bd4d35cbb990be02955ec13f7ededdb77e99b68ebba710a2480,30,LOW
2026-09-12 11:23:46,bhagy,FILE MODIFIED,.\audit_log.txt,,NO,d69fab2a356d1c7c72069333aba45bc2a969ff12c3f00599b6c60db837da5057,30,LOW
2026-09-12 11:23:46,bhagy,FILE MODIFIED,.\audit_log.txt,,NO,4ae3192ef0c9eaa292dae49fcc45ae6bbfc3ea8d63b44872f627a7c45a3388ba,30,LOW
2026-09-12 11:23:46,bhagy,FILE MODIFIED,.\audit_log.txt,,NO,baba1b707de65727382491e4b87976fdcfadf495bef0bdcef1f628c7c30f132f,30,LOW
2026-09-12 11:23:47,bhagy,FILE MODIFIED,.\audit_log.txt,,NO,f4434dd7d858d6618d66b4faff2b2cd3f65f4501a3522034fdb7a7891d61f42c,30,LOW
2026-09-12 11:23:47,bhagy,FILE MODIFIED,.\audit_log.txt,,NO,933ffeb90c10dbb6133628ae8ee2e394e62b38fdeed61c0ec974b0c0a09be753,30,LOW
2026-09-12 11:23:47,bhagy,FILE MODIFIED,.\audit_log.txt,,NO,db2834e1509a632470f0cfbe0af0faa69a5348e70a615e8c30ca9023b177ad52,30,LOW
2026-09-12 11:23:47,bhagy,FILE MODIFIED,.\audit_log.txt,,NO,512d17b5efaef553b3485ff50ec93d5ab0753d5969b354b631ad3dbd38c7b803,30,LOW
2026-09-12 11:23:47,bhagy,FILE MODIFIED,.\audit_log.txt,,NO,ef4ddf3aa7921520212c248d1fcd1e6c0f5c76a1f56116c8537e4321687ddff4,30,LOW
2026-09-12 11:23:47,bhagy,FILE MODIFIED,.\audit_log.txt,,NO,851d23374f3111c102fd279759860ec225b2886f2df984848a9c541355eee615,30,LOW
2026-09-12 11:23:47,bhagy,FILE MODIFIED,.\audit_log.txt,,NO,d3ce246bcaefdb2832d190a97c987ebec560d4c83dd9af9c800433564a979019,30,LOW
2026-09-12 11:23:47,bhagy,FILE MODIFIED,.\audit_log.txt,,NO,8b197645a43ae8418b113b12e1232cdca638233cc512a378bd3f9230b6ba3937,30,LOW
2026-09-12 11:23:48,bhagy,FILE MODIFIED,.\audit_log.txt,,NO,297e1716d98f329f49471c86dd0af789e544767a29e532422169fec382180c2e,30,LOW
2026-09-12 11:23:48,bhagy,FILE MODIFIED,.\audit_log.txt,,NO,4a60fe7ba85d0d4dbe814ac735fc432c67e769fe767bca8b36617a58b7f2d7e8,30,LOW
2026-09-12 11:23:48,bhagy,FILE MODIFIED,.\audit_log.txt,,NO,718beb5e83071615c65635c07900021716c7f0cc244dff9a73d02295fb912eea,30,LOW
2026-09-12 11:23:48,bhagy,FILE MODIFIED,.\audit_log.txt,,NO,c61a461bf454c231d7daac5684a66fca6ca56740f29426137883f07ba711e3e0,30,LOW
2026-09-12 11:23:48,bhagy,FILE MODIFIED,.\audit_log.txt,,NO,1227f6338529c5b53bb16d5444a241fb6af31875880e373f03e3c8bb31928780,30,LOW
2026-09-12 11:23:48,bhagy,FILE MODIFIED,.\audit_log.txt,,NO,91fdf5ec94e13b93b6360e27b525cbc2ec3e46405e5dfe35c24524a6ce3b2826,30,LOW
2026-09-12 11:23:49,bhagy,FILE MODIFIED,.\audit_log.txt,,NO,b9ca8a2ffe51f594e1dd5e65739c1fa9bc831b92558bfd644dc9c02d413901bf,30,LOW
2026-09-12 11:23:49,bhagy,FILE MODIFIED,.\audit_log.txt,,NO,da97c56366a898d100e75256100591e7ee323965edd266adf67c5f7704bdfc31,30,LOW
2026-09-12 11:23:49,bhagy,FILE MODIFIED,.\audit_log.txt,,NO,a38ef5c69176c1bafd12bf270ed60694e56d3fbb0c7c1daea6e7cec7b2b4504b,30,LOW
2026-09-12 11:23:49,bhagy,FILE MODIFIED,.\audit_log.txt,,NO,aa485b89491b6df3d2f5197ee0be35ae67c3e963083cb8666d7242eff1b87503,30,LOW
2026-09-12 11:23:49,bhagy,FILE MODIFIED,.\audit_log.txt,,NO,c91ab569494e38419dbb8923e0c0504e987823581ace195123572acf5eebbc85,30,LOW
2026-09-12 11:23:49,bhagy,FILE MODIFIED,.\audit_log.txt,,NO,b7a01ee92e28db3d15269a35c7331c668209a57cacac21ffeadc9ae34963ec61,30,LOW
2026-09-12 11:23:50,bhagy,FILE MODIFIED,.\audit_log.txt,,NO,ee0adeae5e9390510efc149071d3914e8fbddbcd9878d7317ba90cb0226e3fff,30,LOW
2026-09-12 11:23:50,bhagy,FILE MODIFIED,.\audit_log.txt,,NO,269f71b3f609779f7e14ec5c56f97f4ac9f1012f94a52b2be15d08ec0f12e06a,30,LOW
2026-09-12 11:23:50,bhagy,FILE MODIFIED,.\audit_log.txt,,NO,e4f56483ddcc282ae16628b67aa83b7fd97b794a938b8895d12f4447e87413a8,30,LOW
2026-09-12 11:23:50,bhagy,FILE MODIFIED,.\audit_log.txt,,NO,75071d6eae52dd8269441acce41903f63f8804d30fae8d0c81dccb3288ab7da7,30,LOW
2026-09-12 11:23:50,bhagy,FILE MODIFIED,.\audit_log.txt,,NO,cea33b7aab5927cf604f3955f1885d176cf4ce6ae934b6546d37c5ae9fb6b334,30,LOW
2026-09-12 11:23:50,bhagy,FILE MODIFIED,.\audit_log.txt,,NO,b934aa57f0eab62048453338caf984265c7c1f3e6e97441db933d125c82e3342,30,LOW
2026-09-12 11:23:50,bhagy,FILE MODIFIED,.\audit_log.txt,,NO,b8015c0cc8b23858a8ae33d186d218ab90429f4ce6271034ee060679451627a4,30,LOW
2026-09-12 11:23:51,bhagy,FILE MODIFIED,.\audit_log.txt,,NO,f60fdb5f21bf1a78abcfeae41e9b39c02622018203fcb5bb6d4c750fc0dfbe46,30,LOW
2026-09-12 11:23:51,bhagy,FILE MODIFIED,.\audit_log.txt,,NO,93cebade36bcc7843dd293e495eeb19b7bc7790415c92acfae6c3402f1168154,30,LOW
2026-09-12 11:23:51,bhagy,FILE MODIFIED,.\audit_log.txt,,NO,cb533862e5683857e9c8e93da57b40d774c737b23e03e98e32569059595ccf85,30,LOW
2026-09-12 11:23:51,bhagy,FILE MODIFIED,.\audit_log.txt,,NO,390055407491b7e5b5cac6a8b2729fa52745d415402af0dd284234015844c7f7,30,LOW
2026-09-12 11:23:51,bhagy,FILE MODIFIED,.\audit_log.txt,,NO,dd2c5a1c668ce440543b11f38f14e93e42cac986dbd498cee0c5dc4cbb4179ee,30,LOW
2026-09-12 11:23:51,bhagy,FILE MODIFIED,.\audit_log.txt,,NO,2e66bd7319d8e721455626b12618203be0fbbc4713bf96ea39155c2bebb8499c,30,LOW
2026-09-12 11:23:52,bhagy,FILE MODIFIED,.\audit_log.txt,,NO,558355496eeb5a31bddb2ba34f40945801a98767a96159856408542c03caf705,30,LOW
2026-09-12 11:23:52,bhagy,FILE MODIFIED,.\audit_log.txt,,NO,1fc49be6b05fd6e0a72ee5f32ac9642f943452e57dc04f52b7e0ea11bcfecf80,30,LOW
2026-09-12 11:23:52,bhagy,FILE MODIFIED,.\audit_log.txt,,NO,8fa801214e287b19627d066455ee175770af370f57041fcd48b1b5cc511fc860,30,LOW
2026-09-12 11:23:52,bhagy,FILE MODIFIED,.\audit_log.txt,,NO,6e180d16ed86bafb26db2be28d5c2627d96209aff48fbc0b9de6e7d6a885cc1e,30,LOW
2026-09-12 11:23:52,bhagy,FILE MODIFIED,.\audit_log.txt,,NO,68c5de599a797917aef1214d8a11cfc36d2b5bd883b20a3708a344211363f261,30,LOW
2026-09-12 11:23:52,bhagy,FILE MODIFIED,.\audit_log.txt,,NO,893eee6c700ba6aea43b83116b46f094808618734d28af5e81dcf06f8c6dd074,30,LOW
2026-09-12 11:23:52,bhagy,FILE MODIFIED,.\audit_log.txt,,NO,1095c6be666570f8b57d5c790d2323a20ef70311ac7f9b118ead4602eb65c2c4,30,LOW
2026-09-12 11:23:53,bhagy,FILE MODIFIED,.\audit_log.txt,,NO,f185a8a885b8b71fef9b96e539d1a165413526e662aa59ea214ed5fb48cf8086,30,LOW
2026-09-12 11:23:53,bhagy,FILE MODIFIED,.\audit_log.txt,,NO,db5e17819c059fd7d56ec01334f7960eda9f922326f63260128d289494ed50b5,30,LOW
2026-09-12 11:23:53,bhagy,FILE MODIFIED,.\audit_log.txt,,NO,3bdfd4763c5fad5f002168b8c69fcc5ede5f437c7e4c5eea3f265938f688acda,30,LOW
2026-09-12 11:23:53,bhagy,FILE MODIFIED,.\audit_log.txt,,NO,c6bf504dd32238e53378b820e637c41ed93c7fc16420cec40c5ac6a1c541a40a,30,LOW
2026-09-12 11:23:53,bhagy,FILE MODIFIED,.\audit_log.txt,,NO,64e423891148fcbedcaf2b5af895c3aecab8a9eedc8706dd6aa0a79f2e5c6979,30,LOW
2026-09-12 11:23:53,bhagy,FILE MODIFIED,.\audit_log.txt,,NO,27b180fea24648085dbb102d5377599062676891b477d0d23e4a152a05f12a44,30,LOW
2026-09-12 11:23:54,bhagy,FILE MODIFIED,.\audit_log.txt,,NO,564e6aae1f51d19e6e2f666b358bc2a805e5274fcf6f885ee2a7ae3c54848f7e,30,LOW
2026-09-12 11:23:54,bhagy,FILE MODIFIED,.\audit_log.txt,,NO,749e287faff4e3ab7a7be8530f15c22e4d1c0fc78b72bd888d1cde315ae6bbcd,30,LOW
2026-09-12 11:23:54,bhagy,FILE MODIFIED,.\audit_log.txt,,NO,f4a24263a1927fc5bd73569850a97d75d78f3b85c21e8de48f46c2033c348aa2,30,LOW
2026-09-12 11:23:54,bhagy,FILE MODIFIED,.\audit_log.txt,,NO,1a5cbfc9827013689d879d15cb15f50dac47a038c47d7212d379a0860b146f98,30,LOW
2026-09-12 11:23:54,bhagy,FILE MODIFIED,.\audit_log.txt,,NO,6f7b4c3d5d938d3dd4e09437d86bfe25b954ebe1a0308a591fb3dfa21e52b34d,30,LOW
2026-09-12 11:23:54,bhagy,FILE MODIFIED,.\audit_log.txt,,NO,3883193626bd5068340e2c7c229b7483a5295d187db9e2ba46ebae4caa79f5d1,30,LOW
2026-09-12 11:23:55,bhagy,FILE MODIFIED,.\audit_log.txt,,NO,3891e337f773fef02469684bb44ac2d3ebc1ad42b6994378304ca413358b99e1,30,LOW
2026-09-12 11:23:55,bhagy,FILE MODIFIED,.\audit_log.txt,,NO,3ce8b849d93804cf30520e55994b0511c371a9da13ee3fd3b5b37531369580ea,30,LOW
2026-09-12 11:23:55,bhagy,FILE MODIFIED,.\audit_log.txt,,NO,21f4e8641fcd2149f99dbcfea42febf21aa77ca8c487fe0278e1d6dfca018bbc,30,LOW
2026-09-12 11:23:55,bhagy,FILE MODIFIED,.\audit_log.txt,,NO,21c64f9c457d02b9f57f91e871bfb7e033d658d70138e335e4f3b184cb8f208c,30,LOW
2026-09-12 11:23:55,bhagy,FILE MODIFIED,.\audit_log.txt,,NO,2a718b5a43db220903e0912a7285dd99d02055c94ecd7e5d8810bad7df1d59fd,30,LOW
2026-09-12 11:23:55,bhagy,FILE MODIFIED,.\audit_log.txt,,NO,dc032e2f165f6580e0654e866b927c9bc9ea40e0dc5a498a0b50396d7c4416c2,30,LOW
2026-09-12 11:23:56,bhagy,FILE MODIFIED,.\audit_log.txt,,NO,1e69cf7c0a7c626d99c7d5fc514e1df351403bfd61a4103ba2211e3ad87084c9,30,LOW
2026-09-12 11:23:56,bhagy,FILE MODIFIED,.\audit_log.txt,,NO,44ff6d367cc0068c8953cd528d0a45d704b141e5bd1c15225e3c5ad4ac5c9d5b,30,LOW
2026-09-12 11:23:56,bhagy,FILE MODIFIED,.\audit_log.txt,,NO,5bef2cec487845d53d83ea1e8aec259f906d4d5d69a6664de901bc2c10a731c3,30,LOW
2026-09-12 11:23:56,bhagy,FILE MODIFIED,.\audit_log.txt,,NO,004ef1a800f7e0697bc651135f6e4fad210bb1707c7480e3c3b5dfab86f1a084,30,LOW
2026-09-12 11:23:56,bhagy,FILE MODIFIED,.\audit_log.txt,,NO,0cb37bdc53b53bb3b832a31ddaff4e2f469882f63267bafcb446dd111e5cc721,30,LOW
2026-09-12 11:23:57,bhagy,FILE MODIFIED,.\audit_log.txt,,NO,9bc9634c3eacd61d7ef564c5bb1de9072144c553e42c3040ee06c69ef1a10136,30,LOW
2026-09-12 11:23:57,bhagy,FILE MODIFIED,.\audit_log.txt,,NO,dabb5c8536d8ac4aa2e455d5873555a06eb1c3022bbe7ac2178d2e9d0312ea44,30,LOW
2026-09-12 11:23:57,bhagy,FILE MODIFIED,.\audit_log.txt,,NO,dbf97bec8068c04e45cb99aaf0da76e137a9fc04912dbf328bb3247e8cf88467,30,LOW
2026-09-12 11:23:57,bhagy,FILE MODIFIED,.\audit_log.txt,,NO,5a373f623db83df359060a694a97876b0a207bc2dec646a9c204c1bfeabfbe96,30,LOW
2026-09-12 11:23:57,bhagy,FILE MODIFIED,.\audit_log.txt,,NO,3dc49a0969ae0ffad1a6021134c962156f55552bde48c9bce35967fb0b4fa2d6,30,LOW
2026-09-12 11:23:57,bhagy,FILE MODIFIED,.\audit_log.txt,,NO,4272c58bccb50839dc726cc6e350a44c247d937d9a21bac12032c7e4a2224f5a,30,LOW
2026-09-12 11:23:57,bhagy,FILE MODIFIED,.\audit_log.txt,,NO,789a12c09b09442748f22a772ad84b7b98d291cdc1707c9f2899f78c6d3e0722,30,LOW
2026-09-12 11:23:58,bhagy,FILE MODIFIED,.\audit_log.txt,,NO,0674fa0de6536dc1f31424b735eac7b901d35e4e68dd50a31a723fa5bb6f072d,30,LOW
2026-09-12 11:23:58,bhagy,FILE MODIFIED,.\audit_log.txt,,NO,02a1b45253410c299a7550e57596036dec83c6ba5b6e40afa1b15c08c9c2b45c,30,LOW
2026-09-12 11:23:58,bhagy,FILE MODIFIED,.\audit_log.txt,,NO,74ad35ebde33db5fbfccc84b33305b0afda6906c2359980ac4ed838478a5e4cb,30,LOW
2026-09-12 11:23:58,bhagy,FILE MODIFIED,.\audit_log.txt,,NO,7cf07eab2779d17a4021461b19636537344db4d4b5e96838030a34482ef67307,30,LOW
2026-09-12 11:23:58,bhagy,FILE MODIFIED,.\audit_log.txt,,NO,d456922233a8ce4bd7626be454181f7ad5d231e56f94c08188a34a2634451eb0,30,LOW
2026-09-12 11:23:58,bhagy,FILE MODIFIED,.\audit_log.txt,,NO,bbe6071f54c02a17d4e1175366d5712bfc77cb6c03330b90b57da42f1d47323b,30,LOW
2026-09-12 11:23:58,bhagy,FILE MODIFIED,.\audit_log.txt,,NO,0a9bd1ca3af40d593c8db54c77c07fe68a79ffa0129532172ab83b811887d395,30,LOW
2026-09-12 11:23:59,bhagy,FILE MODIFIED,.\audit_log.txt,,NO,21de9adb239ac1454b4e2e9700d35c72ff590fa48868fcacd035cbe2e171ab84,30,LOW
2026-09-12 11:23:59,bhagy,FILE MODIFIED,.\audit_log.txt,,NO,d6704bffe939b0ca5c3c42a8a2d456024a5d3bfe03780718505dbf5008d90a0c,30,LOW
2026-09-12 11:23:59,bhagy,FILE MODIFIED,.\audit_log.txt,,NO,8262e53d0548ba0e68c2a08aa88976a9ec7822f02c0791e6e94a08639d7b4e85,30,LOW
2026-09-12 11:23:59,bhagy,FILE MODIFIED,.\audit_log.txt,,NO,e2fc6a44378314e32b634b86e115ee8dbe9a268daa4f6577d66bfe2bbf182ce1,30,LOW
2026-09-12 11:23:59,bhagy,FILE MODIFIED,.\audit_log.txt,,NO,387d813b9c21c891095bdc6754bf98583ae78203a88a90d70bb7ee4c1f71b3a9,30,LOW
2026-09-12 11:24:00,bhagy,FILE MODIFIED,.\audit_log.txt,,NO,4439876b0cd0a958016bbd03c248d7dcce00a1ad15add2ac5388035ed5b783a7,30,LOW
2026-09-12 11:24:00,bhagy,FILE MODIFIED,.\audit_log.txt,,NO,3f8968dab805c36a2ab1599ffb763faaa2ac783bc21cd13124182dc3f7ebad3e,30,LOW
2026-09-12 11:24:00,bhagy,FILE MODIFIED,.\audit_log.txt,,NO,23c579d8aaf53eaad57e223c2c7e0202896532668d158dfbc87299156bf6abc8,30,LOW
2026-09-12 11:24:00,bhagy,FILE MODIFIED,.\audit_log.txt,,NO,589f7c9a335e0d7c4b390d4ac5e5bed485f42aa9decb7cad2a153ace552e2802,30,LOW
2026-09-12 11:24:00,bhagy,FILE MODIFIED,.\audit_log.txt,,NO,ecddf509878a0f14ccd3e4cd81b9f94d06612a30c22dcca849a0ae600346abd0,30,LOW
2026-09-12 11:24:00,bhagy,FILE MODIFIED,.\audit_log.txt,,NO,116507720da094db89cef71c8f76bcd5c86f7a48fdd0367faee1b0118ee91c63,30,LOW
2026-09-12 11:24:00,bhagy,FILE MODIFIED,.\audit_log.txt,,NO,d584f30111bb60ff6e836642df606bea7e9d20a65a047e2a610c7f6b9c905dae,30,LOW
2026-09-12 11:24:01,bhagy,FILE MODIFIED,.\audit_log.txt,,NO,8e704c4fe71b2f2ce4d57acb0aa8718ac17c3efc312b366826cdfebd7a54f08c,30,LOW
2026-09-12 11:24:01,bhagy,FILE MODIFIED,.\audit_log.txt,,NO,8fe95c884633a0bfd4c09e4cfd3ef69273094e34390b644d6419bebefa3321e8,30,LOW
2026-09-12 11:24:01,bhagy,FILE MODIFIED,.\audit_log.txt,,NO,34d5551d27322efe218790f1a3b2d536d885ec6b81426b1f1255e253196410d2,30,LOW
2026-09-12 11:24:01,bhagy,FILE MODIFIED,.\audit_log.txt,,NO,10c8b3c9b36c212c60d35a99addacfba3733f91a7a78f58326629e487c60221d,30,LOW
2026-09-12 11:24:01,bhagy,FILE MODIFIED,.\audit_log.txt,,NO,5855548f346cb2c3cc45b2c6883c97ec1a06bc5b86f07146bbbcf44aee89519d,30,LOW
2026-09-12 11:24:01,bhagy,FILE MODIFIED,.\audit_log.txt,,NO,01db166c81567467c5263f433e1be8c456e3ec9fc688b432b7694d2d67d14e2c,30,LOW
2026-09-12 11:24:02,bhagy,FILE MODIFIED,.\audit_log.txt,,NO,4b69ebcb55ee1ae7b29d87566547cf704e3fd683805ec64244c8703937f6e8e8,30,LOW
2026-09-12 11:24:02,bhagy,FILE MODIFIED,.\audit_log.txt,,NO,8919d3fb70f7c4576d55ae523ab46f9723e16333b2e444e26e9c873f27a0d5d8,30,LOW
2026-09-12 11:24:02,bhagy,FILE MODIFIED,.\audit_log.txt,,NO,ca1584841f3439c6162c102c6f183ecfe510bff217ee268929c57ae6d17445e2,30,LOW
2026-09-12 11:24:02,bhagy,FILE MODIFIED,.\audit_log.txt,,NO,a1995886c537c04c8fcb310d0ca7b5fdb61bff8ae85bc3e156f7ac09bb6901b0,30,LOW
2026-09-12 11:24:02,bhagy,FILE MODIFIED,.\audit_log.txt,,NO,8da6264a4d299a4bd58f556653b1e373acdc27bbdc8565a4bfd32141c589a887,30,LOW
2026-09-12 11:24:03,bhagy,FILE MODIFIED,.\audit_log.txt,,NO,ff53ffbd18f338a335714a766977cd88e4439a3447b34788bca7866dbf62781c,30,LOW
2026-09-12 11:24:03,bhagy,FILE MODIFIED,.\audit_log.txt,,NO,d928acbd40c1730a39c9b9631e9970262b01253f60972ad60240828a2b7b3ae1,30,LOW
2026-09-12 11:24:03,bhagy,FILE MODIFIED,.\audit_log.txt,,NO,500200c76d886bd412fcf37b4e8a1bcd9d5d70ae2df45e8f527685b361c512cf,30,LOW
2026-09-12 11:24:03,bhagy,FILE MODIFIED,.\audit_log.txt,,NO,9fc675b7e44f73be038283451edf6eabc8835d025def2eac23ded825455ea659,30,LOW
2026-09-12 11:24:03,bhagy,FILE MODIFIED,.\audit_log.txt,,NO,8fbf480819e22cffeeae9f14fda05fb2db3663cd30a8f6ba86e0485a89ba657a,30,LOW
2026-09-12 11:24:03,bhagy,FILE MODIFIED,.\audit_log.txt,,NO,fbda453abec7c2bed5f42c6134e17ea709700aad97c6d1ce916a26c403188305,30,LOW
2026-09-12 11:24:03,bhagy,FILE MODIFIED,.\audit_log.txt,,NO,366ff5d08222dc4cffeae18ce7cb29ebcb51240d34069f269cc124aa7736594f,30,LOW
2026-09-12 11:24:04,bhagy,FILE MODIFIED,.\audit_log.txt,,NO,30c2bd1fe62beb7b4c408b6a6c61b3ac75ef49ae5d8384692afd1f025a5591ab,30,LOW
2026-09-12 11:24:04,bhagy,FILE MODIFIED,.\audit_log.txt,,NO,9bd33a1d1caf3e9f1a09e7ac70909b890a92c4c221ec9ee96fc98a13e358cf6e,30,LOW
2026-09-12 11:24:04,bhagy,FILE MODIFIED,.\audit_log.txt,,NO,fc8f50c7bbf4c573f070f06812024f00b6b7cf7636b366511976f365d516dd70,30,LOW
2026-09-12 11:24:04,bhagy,FILE MODIFIED,.\audit_log.txt,,NO,48a472be1d038923d77f76ef08fbdf400265f3d1dda89d9775f5c95ccea4ef82,30,LOW
2026-09-12 11:24:04,bhagy,FILE MODIFIED,.\audit_log.txt,,NO,4162b4fee046fa237841cf17d4c3ee18dfecb419b6bc29b9fe61fc45cfa9bec0,30,LOW
2026-09-12 11:24:04,bhagy,FILE MODIFIED,.\audit_log.txt,,NO,6ba4d73c07172bb6a48ee87f981ef822636dfd0f0cb4aa180d369291a74f0c6d,30,LOW
2026-09-12 11:24:05,bhagy,FILE MODIFIED,.\audit_log.txt,,NO,3bb1cd42c761e115c5ba3cad7cd981719f4d1c422eb76d2354bedc45095d431b,30,LOW
2026-09-12 11:24:05,bhagy,FILE MODIFIED,.\audit_log.txt,,NO,aec480e1bf13273dd591426d323215b29506bae3a463bfc7fc8ffff41aa83bbf,30,LOW
2026-09-12 11:24:05,bhagy,FILE MODIFIED,.\audit_log.txt,,NO,7e6d78357bbe3e1af627cd4ee7da348477822ae584336530925c66e3c0dee82a,30,LOW
2026-09-12 11:24:05,bhagy,FILE MODIFIED,.\audit_log.txt,,NO,131e25254663fbc420d8c1558d95fefc336177febc5a79a216b9a6524283d255,30,LOW
2026-09-12 11:24:05,bhagy,FILE MODIFIED,.\audit_log.txt,,NO,4934e410c4832cb7a3b73bd3ed0de3ae53a94b284480b6eefbcc29211de6241d,30,LOW
2026-09-12 11:24:05,bhagy,FILE MODIFIED,.\audit_log.txt,,NO,32c66c406c43afb27530ecbb0aee62ea564d510265d216c5a46ffc14499559af,30,LOW
2026-09-12 11:24:06,bhagy,FILE MODIFIED,.\audit_log.txt,,NO,476e439ccb622ccf869856acd3f204e7b1986079d07a8bd9d05c4ee2ad4e4901,30,LOW
2026-09-12 11:24:06,bhagy,FILE MODIFIED,.\audit_log.txt,,NO,7d8bf78bacb2476987d181cc1a93525c140f24397d47d7e2149f8bd817499734,30,LOW
2026-09-12 11:24:06,bhagy,FILE MODIFIED,.\audit_log.txt,,NO,7920538154e5a37ae3708ea5dc96f7070f309db56864f675783cd8c3bd84427e,30,LOW
2026-09-12 11:24:06,bhagy,FILE MODIFIED,.\audit_log.txt,,NO,303c8243ef2cb0aba8f58dbfc49dcb212aff510f632b64f5000beeff68a91011,30,LOW
2026-09-12 11:24:06,bhagy,FILE MODIFIED,.\audit_log.txt,,NO,042719b17ed91a439cff12ae77daea76e02f12406daf20f25f842039d53cf94e,30,LOW
2026-09-12 11:24:07,bhagy,FILE MODIFIED,.\audit_log.txt,,NO,32dd15563a42716c0f28606d6bd110d6b0dfdf7e33d8db300451e0671eb3c3ac,30,LOW
2026-09-12 11:24:07,bhagy,FILE MODIFIED,.\audit_log.txt,,NO,271baff7dcfa29d04a47ac450510988e27fac0fa1bbaa0e9db51edbefd807887,30,LOW
2026-09-12 11:24:07,bhagy,FILE MODIFIED,.\audit_log.txt,,NO,bb88adf4d5c6b35289d1860ff306a0aa037076fc09f99e3bfdcdf6b04a26699c,30,LOW
2026-09-12 11:24:07,bhagy,FILE MODIFIED,.\audit_log.txt,,NO,a065895ac8690ec848e1b9ed9b39a2d47ebd25bb8f0fd3aaf31058497cf9b479,30,LOW
2026-09-12 11:24:07,bhagy,FILE MODIFIED,.\audit_log.txt,,NO,169ec23e9a03c4df33bace684a0abc88ce5a1720c556715ed96de3457f08aef4,30,LOW
2026-09-12 11:24:07,bhagy,FILE MODIFIED,.\audit_log.txt,,NO,6fe09773f9cd156790dd15e76a21157125b266a64d1cae8f8a62b19c41ff8fd4,30,LOW
2026-09-12 11:24:08,bhagy,FILE MODIFIED,.\audit_log.txt,,NO,bdeca0dd02ff4fc96443811fb5d41a64c149fb611a0656cdf3eb3e8d6eeeb1a1,30,LOW
2026-09-12 11:24:08,bhagy,FILE MODIFIED,.\audit_log.txt,,NO,01007fd1c04840cc819efc627db89ecb722615807475a2d5cfc2b2d500a24389,30,LOW
2026-09-12 11:24:08,bhagy,FILE MODIFIED,.\audit_log.txt,,NO,d136e68c91d0315fed4a1eb83d108caeb35350cfce21721025d779211172acab,30,LOW
2026-09-12 11:24:08,bhagy,FILE MODIFIED,.\audit_log.txt,,NO,7cfe1f1a2b2b98f1cd4a08e2385ce8fe5767ee5c51360b06728aba10867d545b,30,LOW
2026-09-12 11:24:08,bhagy,FILE MODIFIED,.\audit_log.txt,,NO,4cd1f902fd40aab2539fc2f563b844a6844c9659ad0768e39bed0ca8debc1c8a,30,LOW
2026-09-12 11:24:08,bhagy,FILE MODIFIED,.\audit_log.txt,,NO,bc5a52dd52e7f3e8c56dcb3d50eef83ae433da23647f682a47e7313ceb0ecfed,30,LOW
2026-09-12 11:24:08,bhagy,FILE MODIFIED,.\audit_log.txt,,NO,26db3f48a341e0f2bfd7b30ec7dd6669a5d0ef484c2e83d7282f029017a35eb8,30,LOW
2026-09-12 11:24:09,bhagy,FILE MODIFIED,.\audit_log.txt,,NO,c5564be82777aa09c84d3397219b6d8eea860effc1d898d714f59f001395f4fd,30,LOW
2026-09-12 11:24:09,bhagy,FILE MODIFIED,.\audit_log.txt,,NO,20cda5babcb165a8ff240acbdbff02119354db582c9f99236f5a1ca9a33ff2f6,30,LOW
2026-09-12 11:24:09,bhagy,FILE MODIFIED,.\audit_log.txt,,NO,b417e73507ecf9eb3f05596200bb84d9db4f5488662c67f068c3a007cdeb1f24,30,LOW
2026-09-12 11:24:09,bhagy,FILE MODIFIED,.\audit_log.txt,,NO,afa3841795d62e52e7a46ddab48d6aa5a0d36c72b9fec648fa8180c4c7f98829,30,LOW
2026-09-12 11:24:09,bhagy,FILE MODIFIED,.\audit_log.txt,,NO,ee248404b928ce5097015c568019adce44f9f06b6032f696ed6e2d913947be3d,30,LOW
2026-09-12 11:24:10,bhagy,FILE MODIFIED,.\audit_log.txt,,NO,1b3f540e2811a9b5c642d1aee7f1989d8f188c0f41b67a9fb2f09e80b57e280b,30,LOW
2026-09-12 11:24:10,bhagy,FILE MODIFIED,.\audit_log.txt,,NO,e94dc977862dbf5b68ba53e7db08521f082de0db81355b2edaf63a0c794c7bab,30,LOW
2026-09-12 11:24:10,bhagy,FILE MODIFIED,.\audit_log.txt,,NO,2557ebdb632fb1a948c799e89f8f7bffc57d6140772c855726aed544d82db7f7,30,LOW
2026-09-12 11:24:10,bhagy,FILE MODIFIED,.\audit_log.txt,,NO,12f0f597c2cca326cbb1971d517a09313f4c319cec6896f4e10f521a50674c3e,30,LOW
2026-09-12 11:24:10,bhagy,FILE MODIFIED,.\audit_log.txt,,NO,73971be1ee173ffc1a3d8f68ee4d5519d3cbd27ae7361cea5d281f73f781b25d,30,LOW
2026-09-12 11:24:10,bhagy,FILE MODIFIED,.\audit_log.txt,,NO,dc8ec7f230d9e3fcbe08afd8b53239e4056f3deef434733172c7a298691c1c1c,30,LOW
2026-09-12 11:24:10,bhagy,FILE MODIFIED,.\audit_log.txt,,NO,4374312385f08ab27bb3ffda6453e5dcf329573ce77ab1ee54fa43a4b8898215,30,LOW
2026-09-12 11:24:11,bhagy,FILE MODIFIED,.\audit_log.txt,,NO,36fe638e6f415997f0b30cd0968c71ff93f804d2be792763229392a03599a453,30,LOW
2026-09-12 11:24:11,bhagy,FILE MODIFIED,.\audit_log.txt,,NO,79c9063b0dc9d69a3d975685a501ac5ebfda04eb6d0bac0f495ef30869616f8e,30,LOW
2026-09-12 11:24:11,bhagy,FILE MODIFIED,.\audit_log.txt,,NO,9aa8ffc1aead0b9d3467fd331bd4f941bdc2bfc98b92166784c1831f38af2b06,30,LOW
2026-09-12 11:24:11,bhagy,FILE MODIFIED,.\audit_log.txt,,NO,d049a5b6c4d683dda74026bee1514a4212efa750dda75b02532ca726b0223b2d,30,LOW
2026-09-12 11:24:11,bhagy,FILE MODIFIED,.\audit_log.txt,,NO,648de98aa28e4bbf9fb8b2d15b9f03037da5ab3509d25af07f5091e445095ea5,30,LOW
2026-09-12 11:24:11,bhagy,FILE MODIFIED,.\audit_log.txt,,NO,c869078c3ed88fd5b7a664991cf2d63b7bfa021175544a3fdb702455145beee3,30,LOW
2026-09-12 11:24:11,bhagy,FILE MODIFIED,.\audit_log.txt,,NO,3b0c42cea71025c2e88f93c5e82f18809ce541512c4cfbc6037587e325b445de,30,LOW
2026-09-12 11:24:12,bhagy,FILE MODIFIED,.\audit_log.txt,,NO,49355ba5f6d96475a84184d47ed16beac1e9a3db09fc0a8db3d30af657c17c04,30,LOW
2026-09-12 11:24:12,bhagy,FILE MODIFIED,.\audit_log.txt,,NO,ed5b65201a36bf30e276dae75f16fff77bb299c0e65f8a239fbcf53e8b26163f,30,LOW
2026-09-12 11:24:12,bhagy,FILE MODIFIED,.\audit_log.txt,,NO,a94633c2e7d5478ace6b5ddd612f7b2d0eb66d7041ca81544b141ded31712abb,30,LOW
2026-09-12 11:24:12,bhagy,FILE MODIFIED,.\audit_log.txt,,NO,8e2655bc4b7c639fee6ae1e32499bc443e08b668179af59077752b6631f9a649,30,LOW
2026-09-12 11:24:12,bhagy,FILE MODIFIED,.\audit_log.txt,,NO,919e8468dc50e8c2d293fc40b698374a9ef5dd8a8a1a93b3c18b7c77a706efbb,30,LOW
2026-09-12 11:24:12,bhagy,FILE MODIFIED,.\audit_log.txt,,NO,9ff82e05a822d3259dd451d9c1e276bc9bebac451e6063e228b06b367ff7588c,30,LOW
2026-09-12 11:24:13,bhagy,FILE MODIFIED,.\audit_log.txt,,NO,60df41b313b76afe749936b5ebbbff695eee6f745a99b3ab8818a83731d631d8,30,LOW
2026-09-12 11:24:13,bhagy,FILE MODIFIED,.\audit_log.txt,,NO,300e9f3dc8c94b241e1b8615d9ee9232de7cd2ad6bfb51cfca22237d6762b953,30,LOW
2026-09-12 11:24:13,bhagy,FILE MODIFIED,.\audit_log.txt,,NO,4e1ef86b40d757b8d23a83f010e654f215377dead87dc153c2daabef07752c84,30,LOW
2026-09-12 11:24:13,bhagy,FILE MODIFIED,.\audit_log.txt,,NO,a2da24dd1355d1b41f614cddb7bf20363bb75cbe79f13db50810768a0167b5f8,30,LOW
2026-09-12 11:24:13,bhagy,FILE MODIFIED,.\audit_log.txt,,NO,19f5390e9d8585f2c296dd40527a9380dfa0ed2ad1fb353977ea75dd992eb0cb,30,LOW
2026-09-12 11:24:13,bhagy,FILE MODIFIED,.\audit_log.txt,,NO,bf94b14825f5f3eef1974bb012abe0244d2bdfe35515db4a8fd4e36e10fdc374,30,LOW
2026-09-12 11:24:13,bhagy,FILE MODIFIED,.\audit_log.txt,,NO,d81c4684922f4c3d312bd3021891e1f35569b90e1cb6dce62ebb5321afde4ddb,30,LOW
2026-09-12 11:24:14,bhagy,FILE MODIFIED,.\audit_log.txt,,NO,9a398f18cc19c09784ae8ef0c6f96f52bb6d514a8865755044f87bbc39a43601,30,LOW
2026-09-12 11:24:14,bhagy,FILE MODIFIED,.\audit_log.txt,,NO,56aff200a3dfcc479e03308cf518399b23aedffd3c60f40ba7bb824e5505d7ec,30,LOW
2026-09-12 11:24:14,bhagy,FILE MODIFIED,.\audit_log.txt,,NO,00dde152383747215153a910372045bafa28940409eb39a44d6c27ea89a958a0,30,LOW
2026-09-12 11:24:14,bhagy,FILE MODIFIED,.\audit_log.txt,,NO,6e62d4d504e9ede6289246e1a71f3cb009ff44807db4120cae88b9d8122f80bb,30,LOW
2026-09-12 11:24:14,bhagy,FILE MODIFIED,.\audit_log.txt,,NO,0d49f355ab0c309c331a6da7ade57d4fb5880987873837112d3db7412e6c521e,30,LOW
2026-09-12 11:24:14,bhagy,FILE MODIFIED,.\audit_log.txt,,NO,39e03f369a307a936e556588a4792dfa357be604086080dd93f100f0f5bf119c,30,LOW
2026-09-12 11:24:14,bhagy,FILE MODIFIED,.\audit_log.txt,,NO,91fccd4173c10674bfe40a38379e6e29e207a7a8f5bffdaa2d61595843c979ab,30,LOW
2026-09-12 11:24:15,bhagy,FILE MODIFIED,.\audit_log.txt,,NO,9762a8ba42e7659f210166b908dc1c682211431b2c3b4d16d3c2361c4f82d6c5,30,LOW
2026-09-12 11:24:15,bhagy,FILE MODIFIED,.\audit_log.txt,,NO,6e6dc2e42a02e59f830a89033ad746bcd44206704e8840ac5c402a04577d003a,30,LOW
2026-09-12 11:24:15,bhagy,FILE MODIFIED,.\audit_log.txt,,NO,45502bcbc1a0c7b0926880a0609a20278eeb8d0d8f9807844f4869315f0a59c9,30,LOW
2026-09-12 11:24:15,bhagy,FILE MODIFIED,.\audit_log.txt,,NO,7df27081490cc773156bbd0edda43a9c4205b2aebdf649595783b88471a39b0f,30,LOW
2026-09-12 11:24:15,bhagy,FILE MODIFIED,.\audit_log.txt,,NO,4fd595b5a5c00c3beade563797887f237f56489d1f5186efacc0ce4cd0cefa57,30,LOW
2026-09-12 11:24:15,bhagy,FILE MODIFIED,.\audit_log.txt,,NO,9605df441475e684f7789af1a12c8ae684aa702a99c7f9ee82edd3f62a30932a,30,LOW
2026-09-12 11:24:15,bhagy,FILE MODIFIED,.\audit_log.txt,,NO,a89ebb8c3074f3c5a4d303097a7ab89b78c380f9bc42cbb541b6733ac2d1f3c8,30,LOW
2026-09-12 11:24:16,bhagy,FILE MODIFIED,.\audit_log.txt,,NO,9a6dec4a04efdac77b8593857727308f2866b8ca72a3b1a063fbda4e46c47f74,30,LOW
2026-09-12 11:24:16,bhagy,FILE MODIFIED,.\audit_log.txt,,NO,80b2819e205dd611144dc2bee00392e2003c34398ed51197bb7c36f7ae0d38b1,30,LOW
2026-09-12 11:24:16,bhagy,FILE MODIFIED,.\audit_log.txt,,NO,9c4363c1c758dd7799eb95dda65da39bdf92dd9e338d807fd314c1792d63d5e2,30,LOW
2026-09-12 11:24:16,bhagy,FILE MODIFIED,.\audit_log.txt,,NO,2fb561ba549226f0e35b290e6252b396e47e101a49a1a7072159f4fad5125c14,30,LOW
2026-09-12 11:24:16,bhagy,FILE MODIFIED,.\audit_log.txt,,NO,828c74b12d78ff9e95f5b069dd205106d3a7f1736b1fe9204c2b4efeb4c77c45,30,LOW
2026-09-12 11:24:16,bhagy,FILE MODIFIED,.\audit_log.txt,,NO,e96da0109f5dedaaa8f01ad90235753151cd590cd30bc617211d95c1fd710fc5,30,LOW
2026-09-12 11:24:17,bhagy,FILE MODIFIED,.\audit_log.txt,,NO,a8706abc7ae191bf380db0f5f7e3580e7ee8963cab731b9e3538f2372259f07e,30,LOW
2026-09-12 11:24:17,bhagy,FILE MODIFIED,.\audit_log.txt,,NO,1ca098bccc40766e97a5c6a200900e8c464a17faa81b4e51c155c176bfdab2dc,30,LOW
2026-09-12 11:24:17,bhagy,FILE MODIFIED,.\audit_log.txt,,NO,fe59f450994d9cea1c49594295bf906eef9744124cb6aba4cd5d5c39aa9832d5,30,LOW
2026-09-12 11:24:17,bhagy,FILE MODIFIED,.\audit_log.txt,,NO,3912d0787cec9976049e58dee0b7acc7acec479a3b91c20743ebbaadcd6af496,30,LOW
2026-09-12 11:24:17,bhagy,FILE MODIFIED,.\audit_log.txt,,NO,41961100873b99f7dbf54d1654ce0c4d5be077f3201e251d9b9f2b9d7fccd9c9,30,LOW
2026-09-12 11:24:17,bhagy,FILE MODIFIED,.\audit_log.txt,,NO,92170445308b9af69a53a48f62ceef4c6813d443d6a50775a5299688e7e5a087,30,LOW
2026-09-12 11:24:18,bhagy,FILE MODIFIED,.\audit_log.txt,,NO,ea61234bc02c758af9a329d13b2bd0c048b5ce565993a82a314741f03812c132,30,LOW
2026-09-12 11:24:18,bhagy,FILE MODIFIED,.\audit_log.txt,,NO,30c7fd989321a7a3b2d89af5e36a6e06c881be3f1c00a517df99fd33e871dfcd,30,LOW
2026-09-12 11:24:18,bhagy,FILE MODIFIED,.\audit_log.txt,,NO,d507be022a839ee7c6431e54b33a04e153fa3a1e21dd8a9c0e7d3fd9e4f41c52,30,LOW
2026-09-12 11:24:18,bhagy,FILE MODIFIED,.\audit_log.txt,,NO,a49126051a40cef4f5f129739648311c1f7a842126c8463939176723ecef8ba9,30,LOW
2026-09-12 11:24:18,bhagy,FILE MODIFIED,.\audit_log.txt,,NO,247ba04f8bc120b3bdf541b72c90d0564d78a1fff24a12bee4130b6a7b294c13,30,LOW
2026-09-12 11:24:18,bhagy,FILE MODIFIED,.\audit_log.txt,,NO,9b2d00eb181e22a00800acbccdb29324006ba425e7ec6a268f88c59b570b9e1f,30,LOW
2026-09-12 11:24:18,bhagy,FILE MODIFIED,.\audit_log.txt,,NO,457225e2cb9d58fc034465d8809df497a295c9c6cfcae1c68b4e1e012d2e5fb9,30,LOW
2026-09-12 11:24:19,bhagy,FILE MODIFIED,.\audit_log.txt,,NO,12b4b3e655e72c4b38d30de2d2931492b9e7e9095332bbd4d8cec4bb27a80f85,30,LOW
2026-09-12 11:24:19,bhagy,FILE MODIFIED,.\audit_log.txt,,NO,beacbc0382515203c5613ae9ffde0cc04a015f2ef15467ab6d3a2b6878e1a0aa,30,LOW
2026-09-12 11:24:19,bhagy,FILE MODIFIED,.\audit_log.txt,,NO,cb63a876bc35818be6872aa8dffc5de53e07de78980e553e8f8f8f93d9af0174,30,LOW
2026-09-12 11:24:19,bhagy,FILE MODIFIED,.\audit_log.txt,,NO,cb7a1a66eec409bdd0d10a95597b16bde89f65ec21a21ff67d71079893799aba,30,LOW
2026-09-12 11:24:19,bhagy,FILE MODIFIED,.\audit_log.txt,,NO,cb266eb7088762dccec245abdf4fb8e1f9a689ae770ba8c82a3143a7c1dace77,30,LOW
2026-09-12 11:24:19,bhagy,FILE MODIFIED,.\audit_log.txt,,NO,c9352bfb097dd3546ed09035eb627c19cdae38bd3dd3bf648aebcff3e7f2347a,30,LOW
2026-09-12 11:24:20,bhagy,FILE MODIFIED,.\audit_log.txt,,NO,2bcefa725319de9514b7cbb6a08fe3455b5b77306632d4aff848b2cc96b55a64,30,LOW
2026-09-12 11:24:20,bhagy,FILE MODIFIED,.\audit_log.txt,,NO,991b17ec058dfb33d315a5ce227cdbc791ff2feb26f481f389b4cb9f81cbce62,30,LOW
2026-09-12 11:24:20,bhagy,FILE MODIFIED,.\audit_log.txt,,NO,d26cc818adf115d6cc19bb2c12fd98cacbca17e50e5b9c2039fc805851f99d8c,30,LOW
2026-09-12 11:24:20,bhagy,FILE MODIFIED,.\audit_log.txt,,NO,e7bbed2bc807f49edb2c12aa1d13e3180f0497578c47c9fc58dfa72736c99d5e,30,LOW
2026-09-12 11:24:20,bhagy,FILE MODIFIED,.\audit_log.txt,,NO,4109878891e3cfc7b4745e1e8f56a9f48791cfee819d25a4199aa1e77c935f29,30,LOW
2026-09-12 11:24:20,bhagy,FILE MODIFIED,.\audit_log.txt,,NO,2c8bd0261c73fb619bee79ead3856d8e1baa9fa5da0229f82b78cc8463a16549,30,LOW
2026-09-12 11:24:21,bhagy,FILE MODIFIED,.\audit_log.txt,,NO,b72202312cec2421b4dad0afb1d9b0e25b7a797f4010f04eee422e363eefb8ae,30,LOW
2026-09-12 11:24:21,bhagy,FILE MODIFIED,.\audit_log.txt,,NO,08549f887fe837707f37219f5403e664aae3975bd355990f97719c477b888ad5,30,LOW
2026-09-12 11:24:21,bhagy,FILE MODIFIED,.\audit_log.txt,,NO,75a742e7c43531f72eb60d4c8d4acce6a994f82016bd7db80a23c83462b18e9a,30,LOW
2026-09-12 11:24:21,bhagy,FILE MODIFIED,.\audit_log.txt,,NO,2b780b24673073aa85f7e1a13cf64159706c39327180e39dc33498467f493beb,30,LOW
2026-09-12 11:24:21,bhagy,FILE MODIFIED,.\audit_log.txt,,NO,634215989f3a4255cec95fe046a77944f349b71412c61103046bc708a112ace8,30,LOW
2026-09-12 11:24:21,bhagy,FILE MODIFIED,.\audit_log.txt,,NO,9c92e16f287eb7c42f9ee53f6450f4200d2db99917741dd5dfcd16515af3cb31,30,LOW
2026-09-12 11:24:22,bhagy,FILE MODIFIED,.\audit_log.txt,,NO,9d76d1e15ad2229e852c66c78c593653cfbc14cf2112889e6f2f8773fdd5e0f4,30,LOW
2026-09-12 11:24:22,bhagy,FILE MODIFIED,.\audit_log.txt,,NO,a134dd3768ce21580b87f93d216f7b80502138b6daa1e911410d35eaab99a47e,30,LOW
2026-09-12 11:24:22,bhagy,FILE MODIFIED,.\audit_log.txt,,NO,3f01b60d662da35cf292538fd2323649a7579e784c9de5429926c73cb2cb11ee,30,LOW
2026-09-12 11:24:22,bhagy,FILE MODIFIED,.\audit_log.txt,,NO,1b79e51788f01d7287308e137480750f4e89d8a89a92a90713f21344fc749896,30,LOW
2026-09-12 11:24:22,bhagy,FILE MODIFIED,.\audit_log.txt,,NO,69f09a72902437f2fb679f2c676bbf621d881d6f79a5f866dd56873df58badf0,30,LOW
2026-09-12 11:24:22,bhagy,FILE MODIFIED,.\audit_log.txt,,NO,c9625e166e968f1cb09e0e07d289f46c713c03165efde7f430b424e5d11da116,30,LOW
2026-09-12 11:24:22,bhagy,FILE MODIFIED,.\audit_log.txt,,NO,95d99812e67c9bba2d699a8cd34b1c802f1afe8550e7cb7b4960ace098adf2b6,30,LOW
2026-09-12 11:24:23,bhagy,FILE MODIFIED,.\audit_log.txt,,NO,cd199b59c48bbc95471caa88af2bc9779e76270ebca54b21da114bf014bda7b5,30,LOW
2026-09-12 11:24:23,bhagy,FILE MODIFIED,.\audit_log.txt,,NO,bf7176e09cb79b06d55d0186500ff3c8a2dfab27099543dffa52d27d6c213637,30,LOW
2026-09-12 11:24:23,bhagy,FILE MODIFIED,.\audit_log.txt,,NO,2ff05afdf3583d80a50804127fb75a58f872b3437434920fb4bf26d5b582540d,30,LOW
2026-09-12 11:24:23,bhagy,FILE MODIFIED,.\audit_log.txt,,NO,0d6e53edee7b5e586ef8c685b892fed3fd8d626e7cba111bb6741b19b72471f8,30,LOW
2026-09-12 11:24:23,bhagy,FILE MODIFIED,.\audit_log.txt,,NO,963e41d238e671e10b9d5a8494b14b9da7ad812276de8697345d574d56847990,30,LOW
2026-09-12 11:24:23,bhagy,FILE MODIFIED,.\audit_log.txt,,NO,e07255bc194ae98c681517f6cf1ed5d9f06f5b44e90fa4650779c5ed828b03df,30,LOW
2026-09-12 11:24:24,bhagy,FILE MODIFIED,.\audit_log.txt,,NO,753fd686e4674c3e60d96243346e052b7d872366bab58ce6097f2c1776e6b32e,30,LOW
2026-09-12 11:24:24,bhagy,FILE MODIFIED,.\audit_log.txt,,NO,f1adb6880914e9ae56d10a181e4e35c53f95ce86e97dac7bb2138318da2a0a20,30,LOW
2026-09-12 11:24:24,bhagy,FILE MODIFIED,.\audit_log.txt,,NO,163f26d5c098127282c75840acf088bfa67fa9759a9e8c8327dab2bf1567e8b1,30,LOW
2026-09-12 11:24:24,bhagy,FILE MODIFIED,.\audit_log.txt,,NO,61f3096bf9decdf5e9c0e0e416f7966b55d74cf2b32786347a07eb14eee6f224,30,LOW
2026-09-12 11:24:24,bhagy,FILE MODIFIED,.\audit_log.txt,,NO,833b8b1782213be44ee2898281c758af1fb65892b950853ad13a7c5d88b74520,30,LOW
2026-09-12 11:24:24,bhagy,FILE MODIFIED,.\audit_log.txt,,NO,e138fd3e26118de8b4224f9dd085ae17695b44658111405e22b3c7ca01715a05,30,LOW
2026-09-12 11:24:24,bhagy,FILE MODIFIED,.\audit_log.txt,,NO,a1e1f2ebcb2f7c7b93fe266a305dba2925a2513078b0d07f981f1133c8fc92ca,30,LOW
2026-09-12 11:24:25,bhagy,FILE MODIFIED,.\audit_log.txt,,NO,6741c7b25ba977454bbbdaa91e60c55236f684029084d06b7ead121fc45154eb,30,LOW
2026-09-12 11:24:25,bhagy,FILE MODIFIED,.\audit_log.txt,,NO,86a424d0b1215e537fcb448569ec4c48bf746da8e4b7d9c6bfb2a52748023436,30,LOW
2026-09-12 11:24:25,bhagy,FILE MODIFIED,.\audit_log.txt,,NO,cdc6f5d480aba81e3d8fa25611607d09a1847931b01e33a99efdcd16d14e0d72,30,LOW
2026-09-12 11:24:25,bhagy,FILE MODIFIED,.\audit_log.txt,,NO,863c931600215f0575972fc06e5a660d1bd914f4af261eeb4346442568697551,30,LOW
2026-09-12 11:24:25,bhagy,FILE MODIFIED,.\audit_log.txt,,NO,5778c95defb75b08acaa4cf93d81e33e6214d64fe6cd0312cde552f62d60b930,30,LOW
2026-09-12 11:24:25,bhagy,FILE MODIFIED,.\audit_log.txt,,NO,320494e16fff172a3f37713554ae7251a04fd96b30227fe92bfdb13fc9b06bb6,30,LOW
2026-09-12 11:24:26,bhagy,FILE MODIFIED,.\audit_log.txt,,NO,d777d493ed6c5fb58f7b0c1458b7eaf10f0a8dac308b0ecdcac7f958a497781b,30,LOW
2026-09-12 11:24:26,bhagy,FILE MODIFIED,.\audit_log.txt,,NO,fa960a01d2de54af5cbf68de246929ccb65e1bf99a4a25b353fc4ca17e935e5e,30,LOW
2026-09-12 11:24:26,bhagy,FILE MODIFIED,.\audit_log.txt,,NO,4b64e2feb12a1e76fcf971d37b6e69196bd032bbbdb2d7d1dce5edfb43431284,30,LOW
2026-09-12 11:24:26,bhagy,FILE MODIFIED,.\audit_log.txt,,NO,760bdcca9bd4c038fbd2fbb5e0594b8411cb0202dd721c2d3ad3bd5818d34e8c,30,LOW
2026-09-12 11:24:26,bhagy,FILE MODIFIED,.\audit_log.txt,,NO,1082bb3c24028f5662d08c90141e05589aab3b4e3a5a9a5b67e50ccd7210557c,30,LOW
2026-09-12 11:24:26,bhagy,FILE MODIFIED,.\audit_log.txt,,NO,e763ff4e0b81eac9a1559e5df181cfca38550abb0ad2cd3399999e0665306f14,30,LOW
2026-09-12 11:24:27,bhagy,FILE MODIFIED,.\audit_log.txt,,NO,d427485fb0f9b6e14e805ae7b486e30ba091918e92b945ef80d7f33ec2b19dab,30,LOW
2026-09-12 11:24:27,bhagy,FILE MODIFIED,.\audit_log.txt,,NO,2b5a8e047c7e19b1a2d2e2c72d9b09c70ed99f86ec28e65151907f4f7335a81a,30,LOW
2026-09-12 11:24:27,bhagy,FILE MODIFIED,.\audit_log.txt,,NO,33be13e3c9882345f0737d2b4f40c0cb4918e0624e1471fce33fb34fa926ca8d,30,LOW
2026-09-12 11:24:27,bhagy,FILE MODIFIED,.\audit_log.txt,,NO,f94069a561bcc40ed462b16815e8b686ec47fd22fd5686bf98f3b5139a322818,30,LOW
2026-09-12 11:24:27,bhagy,FILE MODIFIED,.\audit_log.txt,,NO,f9ef236a75d1075d588d5b4bb7f388d8f2a0243fd59dca133b7c01f2481df217,30,LOW
2026-09-12 11:24:27,bhagy,FILE MODIFIED,.\audit_log.txt,,NO,e0b68b3eea665ab7540f4630390f9c7be8ce44a5f7b7dc4c10fc06a7723d277d,30,LOW
2026-09-12 11:24:27,bhagy,FILE MODIFIED,.\audit_log.txt,,NO,ac8da12457a1b41a233607dc7cac97239ec7bba4d8886f59f7ac9887021c4d9e,30,LOW
2026-09-12 11:24:28,bhagy,FILE MODIFIED,.\audit_log.txt,,NO,f651512da97c535a5cc1902b6f6a3f4f94ef766892819ef119e5596f677d94e1,30,LOW
2026-09-12 11:24:28,bhagy,FILE MODIFIED,.\audit_log.txt,,NO,cfa46eda1c2431dfc69a4f80a526f7a98cc52fb111392bcbfb5e33e6fbc13279,30,LOW
2026-09-12 11:24:28,bhagy,FILE MODIFIED,.\audit_log.txt,,NO,62b19d7040d447191ca184b2848046b5fd3995d8ad76c77395f415911d380817,30,LOW
2026-09-12 11:24:28,bhagy,FILE MODIFIED,.\audit_log.txt,,NO,8f683e26e9f6492f8b2eb477fa75696c7891e72312b31b31c161259c4997b305,30,LOW
2026-09-12 11:24:28,bhagy,FILE MODIFIED,.\audit_log.txt,,NO,b44722b2e45e51b84259174e37f423b2c38b13c9d21d6cef02419275b8b060e7,30,LOW
2026-09-12 11:24:28,bhagy,FILE MODIFIED,.\audit_log.txt,,NO,eae33c1874692616ee444df838eff2ee1ba94a22614a58ea7ea9cb09012cde00,30,LOW
2026-09-12 11:24:29,bhagy,FILE MODIFIED,.\audit_log.txt,,NO,4c5c6a0d6a190bc9ef90f07c9cda45a8584bc90665bf3c65026089f23b300951,30,LOW
2026-09-12 11:24:29,bhagy,FILE MODIFIED,.\audit_log.txt,,NO,3a4d40f9a1cc98bd2d059fb6a1c004f64fffc518a737136219c12e5d9c0642d3,30,LOW
2026-09-12 11:24:29,bhagy,FILE MODIFIED,.\audit_log.txt,,NO,03ea5b4c182207604c10795e22e69e5d70c1f4cab427d01042371b137aa79ba4,30,LOW
2026-09-12 11:24:29,bhagy,FILE MODIFIED,.\audit_log.txt,,NO,ae6d7477f950362b9b958748129773bf564bf0a4d3e820d18f5d8b36a4d068d3,30,LOW
2026-09-12 11:24:29,bhagy,FILE MODIFIED,.\audit_log.txt,,NO,c615c124ed0ab2d2130be95618caa90c2110dc008c324f7f196ef746ef9b3a5a,30,LOW
2026-09-12 11:24:29,bhagy,FILE MODIFIED,.\audit_log.txt,,NO,aee4e2864bb2308fb456135e5f43f3221c02ef48fdf44b26db01d89c216d8a8e,30,LOW
2026-09-12 11:24:29,bhagy,FILE MODIFIED,.\audit_log.txt,,NO,e4b38c731053774da01cd05ba0b1ced392c6ba5659578dfb5f0195e74b2fb790,30,LOW
2026-09-12 11:24:30,bhagy,FILE MODIFIED,.\audit_log.txt,,NO,fb9d8f505da69a95eb615aefe7522bff453e022cd71dfd00fbeaee5c09d9d6ee,30,LOW
2026-09-12 11:24:30,bhagy,FILE MODIFIED,.\audit_log.txt,,NO,61e9a69e42e89d804347de735e74d8444f4add62f2ed59bca8fc9eff20296258,30,LOW
2026-09-12 11:24:30,bhagy,FILE MODIFIED,.\audit_log.txt,,NO,8215b6bcc5828b2807eb42b5346378a44548e6b07e3d5a53c462f2de940bed7c,30,LOW
2026-09-12 11:24:30,bhagy,FILE MODIFIED,.\audit_log.txt,,NO,15155d5dd61b46670bd632d19d3f7cd5eeb37ff39a518aaaeade888f6dd9a6d1,30,LOW
2026-09-12 11:24:30,bhagy,FILE MODIFIED,.\audit_log.txt,,NO,330b72b986773613dd28668ede674314d04a0797af954585dcc1d7325b7722ab,30,LOW
2026-09-12 11:24:30,bhagy,FILE MODIFIED,.\audit_log.txt,,NO,9b26ab0d0d177b52a939f0bc6615bf1761d1f7399a296280d14a25361d9c5bd2,30,LOW
2026-09-12 11:24:30,bhagy,FILE MODIFIED,.\audit_log.txt,,NO,2861f95fa2baac910db79e46d9a0a0f3369c45d6bceacc2443af56ad4ddd6e6a,30,LOW
2026-09-12 11:24:31,bhagy,FILE MODIFIED,.\audit_log.txt,,NO,ddb470f02b84fed35f130a8e2a8331da3f014eb8d62c2d957afd54230c9f23b8,30,LOW
2026-09-12 11:24:31,bhagy,FILE MODIFIED,.\audit_log.txt,,NO,77c680fb65ebd8bed2dae51d3dcaf16658d6b14b83aa3d82c907ac94832a55a0,30,LOW
2026-09-12 11:24:31,bhagy,FILE MODIFIED,.\audit_log.txt,,NO,3140c0397eefdfb24691a3a5b960073fa19b0759c1c5d0514ef973caa2d39335,30,LOW
2026-09-12 11:24:31,bhagy,FILE MODIFIED,.\audit_log.txt,,NO,9413c1a20256f6578ed75c9e4d56f10631c51f17eed5c7f487515658e3d24054,30,LOW
2026-09-12 11:24:31,bhagy,FILE MODIFIED,.\audit_log.txt,,NO,128c6f22d843e625fc9217170556dba6a7865b72a78579acd24b444a0461ec51,30,LOW
2026-09-12 11:24:32,bhagy,FILE MODIFIED,.\audit_log.txt,,NO,8e785043d0d6b0deca562e68458b9e893ea562ffa1dd244e9b8b3d913120ba88,30,LOW
2026-09-12 11:24:32,bhagy,FILE MODIFIED,.\audit_log.txt,,NO,c4ac56fe55b82b41ec93259017b184ba4dac8f012e5906688c2640f1d8b04c32,30,LOW
2026-09-12 11:24:32,bhagy,FILE MODIFIED,.\audit_log.txt,,NO,0bb4502df12a344c77a4feabddfbb676575dc73f07c2661d9b05eb391bfc0c2a,30,LOW
2026-09-12 11:24:32,bhagy,FILE MODIFIED,.\audit_log.txt,,NO,adcd13c678a405fc9610f64ebe985f267447fcb808b94eecdd2345fe28f86c65,30,LOW
2026-09-12 11:24:32,bhagy,FILE MODIFIED,.\audit_log.txt,,NO,26d5fb05b3858396fa74dbaafdf6bcf9b2b41f09fa165977a60e7bdc61e69d5b,30,LOW
2026-09-12 11:24:32,bhagy,FILE MODIFIED,.\audit_log.txt,,NO,814558bb7fd8ccdb949646dc7f2478ef1a3cceb31a8198b2928d1ce3b786583e,30,LOW
2026-09-12 11:24:33,bhagy,FILE MODIFIED,.\audit_log.txt,,NO,85fd692da3ed4c58d16c270363a4ac7c367f89e1a0dacf432a1ea65e96e9edac,30,LOW
2026-09-12 11:24:33,bhagy,FILE MODIFIED,.\audit_log.txt,,NO,46d648b1ce410e7b4c6076de2935df8606ad44e5cd82f9baf1fc244b0b1757a1,30,LOW
2026-09-12 11:24:33,bhagy,FILE MODIFIED,.\audit_log.txt,,NO,040c3d91b0587761c1e36aec0450d72dd7e64f1a300decfe66827ee2852a89e6,30,LOW
2026-09-12 11:24:33,bhagy,FILE MODIFIED,.\audit_log.txt,,NO,9dc7ffd5ca6895d9f05e8fb5cc43ee7ccdbfd39c7eedad1c022eae60525135b5,30,LOW
2026-09-12 11:24:33,bhagy,FILE MODIFIED,.\audit_log.txt,,NO,14f293f0465100e242cd48dd2e334213ffea347599827fd57ad098f920eaf038,30,LOW
2026-09-12 11:24:34,bhagy,FILE MODIFIED,.\audit_log.txt,,NO,a58553f73cddb76c7a6b58f537a24ad76ad6600f9e418c28f1d1253649041ddf,30,LOW
2026-09-12 11:24:34,bhagy,FILE MODIFIED,.\audit_log.txt,,NO,fe92c2812674b0ec962a89587e53bbe13d57fb643182ef78adde42783463c86e,30,LOW
2026-09-12 11:24:34,bhagy,FILE MODIFIED,.\audit_log.txt,,NO,c7006a02f99b10d33e1223e230d445bfe0d15cd3829f8f41283e549dddfaa166,30,LOW
2026-09-12 11:24:34,bhagy,FILE MODIFIED,.\audit_log.txt,,NO,815c9d45d8f9065f104e36299cf2d0f44e63367435419a1b6188225342966718,30,LOW
2026-09-12 11:24:34,bhagy,FILE MODIFIED,.\audit_log.txt,,NO,e92589a395838915f8df6b64d9ec2f2950bfba8fb439d89aadf8387451d377f4,30,LOW
2026-09-12 11:24:34,bhagy,FILE MODIFIED,.\audit_log.txt,,NO,55dcbd2960eb2b880d2c7c5a422afaad14eb02887fc8871708a07b7399414dd5,30,LOW
2026-09-12 11:24:35,bhagy,FILE MODIFIED,.\audit_log.txt,,NO,93a4cbc932f42d8e5a3348fb57bd3788ca733bf4333e24e8812689e3b64b85fb,30,LOW
2026-09-12 11:24:35,bhagy,FILE MODIFIED,.\audit_log.txt,,NO,cb9ee6efa8df61915a1b504c7a374cc47b87d561a37a526be0c29469e3c4024c,30,LOW
2026-09-12 11:24:35,bhagy,FILE MODIFIED,.\audit_log.txt,,NO,3172827cee2af1aaa302b90e56679c10eeb284b5b6b5acda2c6bd0eb318b79b4,30,LOW
2026-09-12 11:24:35,bhagy,FILE MODIFIED,.\audit_log.txt,,NO,dc7688df7745cc41f2304bde22451cd931b51a149ab3c7a18a0719cf14e324a9,30,LOW
2026-09-12 11:24:35,bhagy,FILE MODIFIED,.\audit_log.txt,,NO,b008681c77caf201356fdb7dc26af9b18df9e06974ab5e44797a070d95c06294,30,LOW
2026-09-12 11:24:35,bhagy,FILE MODIFIED,.\audit_log.txt,,NO,d0d9d91d3b06d2c4abae2197591fe9fa9cfdaac1eefd293708429addca50488c,30,LOW
2026-09-12 11:24:35,bhagy,FILE MODIFIED,.\audit_log.txt,,NO,da717211bb719d08468da6bf7511b0b09856cda97082407693de723a2c07745d,30,LOW
2026-09-12 11:24:36,bhagy,FILE MODIFIED,.\audit_log.txt,,NO,a67b7a8b61a4704236547fd635335003ef18ded570b9d59ce182c6d8a80910a7,30,LOW
2026-09-12 11:24:36,bhagy,FILE MODIFIED,.\audit_log.txt,,NO,91912e2902e4f1495dc4eb829fc2373fc20cfa5ef86a335eb1478b76fcfda0a4,30,LOW
2026-09-12 11:24:36,bhagy,FILE MODIFIED,.\audit_log.txt,,NO,0ba07d7979df6286d7c2725bf916872a47a8ad0a17a7384f5489ae7a0b172480,30,LOW
2026-09-12 11:24:36,bhagy,FILE MODIFIED,.\audit_log.txt,,NO,acbc9df066208d993330da56a801f40b76bba31f9235c230110a15eb2170567c,30,LOW
2026-09-12 11:24:36,bhagy,FILE MODIFIED,.\audit_log.txt,,NO,dad0ac5455124acadc78d2d715b4054281b775949df58c914c4d14190cd747da,30,LOW
2026-09-12 11:24:36,bhagy,FILE MODIFIED,.\audit_log.txt,,NO,45351e1c382ecbb2c3e9e753d598c963632c73d9ccf259e24df5a673023b5136,30,LOW
2026-09-12 11:24:37,bhagy,FILE MODIFIED,.\audit_log.txt,,NO,a81be923ea2085fec6b5a034dfab3c79585d1c5c0048d46e3ee93c202f7699bd,30,LOW
2026-09-12 11:24:37,bhagy,FILE MODIFIED,.\audit_log.txt,,NO,012b0233a50b9364a5bc12fd94420c11398d9f29cf74123214e23035393f77fc,30,LOW
2026-09-12 11:24:37,bhagy,FILE MODIFIED,.\audit_log.txt,,NO,3790c79f4d61e0a2468e545b6627d3ee9fac44232c1d4f6c3b85e5dd13445772,30,LOW
2026-09-12 11:24:37,bhagy,FILE MODIFIED,.\audit_log.txt,,NO,7299ade0549463a54bccac80cc4a6a743cbaba58e60999eb9f9879ec945353c1,30,LOW
2026-09-12 11:24:37,bhagy,FILE MODIFIED,.\audit_log.txt,,NO,a11f40201504494d604d61fbfc6e69eeb307989fe334179a5628f4b616bfc451,30,LOW
2026-09-12 11:24:37,bhagy,FILE MODIFIED,.\audit_log.txt,,NO,75afcc8e86059648010c795f4e2a260ac8fb7ecb23b6f2ab2f86ff443af6b66b,30,LOW
2026-09-12 11:24:38,bhagy,FILE MODIFIED,.\audit_log.txt,,NO,55bc00669cba8b751ef054bdbda41a03a3a1591fca2b5de10bab9c8ef77fda0f,30,LOW
2026-09-12 11:24:38,bhagy,FILE MODIFIED,.\audit_log.txt,,NO,55fc5ff6eda207fd7c8a4abef5af7598841d319b161ffd7776635a62a9c470f6,30,LOW
2026-09-12 11:24:38,bhagy,FILE MODIFIED,.\audit_log.txt,,NO,cf78077f9e4b6334d7238316779bcf4c319f0378828dc861f32265880df174f5,30,LOW
2026-09-12 11:24:38,bhagy,FILE MODIFIED,.\audit_log.txt,,NO,61c1ab3fef5c4ce2df6eb2b0a7f730c1e8e0b3f0c809b87b1bd4b347b807876e,30,LOW
2026-09-12 11:24:38,bhagy,FILE MODIFIED,.\audit_log.txt,,NO,1fbfc184768075ffe3d7cae9bb9edd07c90b7a8224a994380f2ad8842dc8675c,30,LOW
2026-09-12 11:24:38,bhagy,FILE MODIFIED,.\audit_log.txt,,NO,a7f0efd999612568672b6ec4a545a85959ec5cf7d853c70eeec357a5dde813cf,30,LOW
2026-09-12 11:24:38,bhagy,FILE MODIFIED,.\audit_log.txt,,NO,4aed050fb1ca4055bcf6026a71d8054bbb363f7294be9dd1aadc6265cc3ba0b2,30,LOW
2026-09-12 11:24:39,bhagy,FILE MODIFIED,.\audit_log.txt,,NO,151a2a71fb11dc35633f4433277c0386573fcc40128972296eea5b8b1734f893,30,LOW
2026-09-12 11:24:39,bhagy,FILE MODIFIED,.\audit_log.txt,,NO,46a23705b24ec699c709c419b34b95601f55ee3014d61d8d08dac7eea9b35b8f,30,LOW
2026-09-12 11:24:39,bhagy,FILE MODIFIED,.\audit_log.txt,,NO,53257b640a167598b87808adf00b90236c0ecd829d1a1f00a459899eff53beac,30,LOW
2026-09-12 11:24:39,bhagy,FILE MODIFIED,.\audit_log.txt,,NO,1c7dedd91ebd56aa2e8a525f3683e05320620fc4c5ebb87dfcd288e78fd1dfaf,30,LOW
2026-09-12 11:24:39,bhagy,FILE MODIFIED,.\audit_log.txt,,NO,5ab67de046aa44f25a9aa6aba7bed4ec901a029012d521331df8a1af5dacba73,30,LOW
2026-09-12 11:24:39,bhagy,FILE MODIFIED,.\audit_log.txt,,NO,eacd83e827e458c65bdbfba969a3863e2e1871b33e36af43fc74a6f01004f31a,30,LOW
2026-09-12 11:24:40,bhagy,FILE MODIFIED,.\audit_log.txt,,NO,ea76bf7196d0a735be8490df24a9ce11eab70ed63c39a6e84ca323f1f912df6a,30,LOW
2026-09-12 11:24:40,bhagy,FILE MODIFIED,.\audit_log.txt,,NO,32accb4a868b46f930feebb7872a3784780007bee7d5083544a827b5e2b16a9b,30,LOW
2026-09-12 11:24:40,bhagy,FILE MODIFIED,.\audit_log.txt,,NO,d02a7d1ede912fa8daf85f6d1049402aabf25a6608a0af8a3974e8860202d64b,30,LOW
2026-09-12 11:24:40,bhagy,FILE MODIFIED,.\audit_log.txt,,NO,ef1c5bc0ff86cefda0273c2ddcb3aa2679c23b14863d554e81c0b6652229486f,30,LOW
2026-09-12 11:24:40,bhagy,FILE MODIFIED,.\audit_log.txt,,NO,1043f4cea0a571129be48732cc4fb126362c5b79745e5fd23bc6fcbd531e2ff7,30,LOW
2026-09-12 11:24:40,bhagy,FILE MODIFIED,.\audit_log.txt,,NO,c838b724a69fc55912e6dbdf8e53de261b7a41560d3e3bef7a18d6920429a105,30,LOW
2026-09-12 11:24:40,bhagy,FILE MODIFIED,.\audit_log.txt,,NO,0cac5177dbe6e0bdbae30704693775bc74ad88d824e899972f1294ab84b0664f,30,LOW
2026-09-12 11:24:41,bhagy,FILE MODIFIED,.\audit_log.txt,,NO,835ba161e8765c7bf9bfb35ad12e3a54494b6204eabd96c0ae586cd2d3d34721,30,LOW
2026-09-12 11:24:41,bhagy,FILE MODIFIED,.\audit_log.txt,,NO,53db6fa2ccbe012180e96dbe052d55ed00578a3ef90e712f5453330cd1ffaa9c,30,LOW
2026-09-12 11:24:41,bhagy,FILE MODIFIED,.\audit_log.txt,,NO,f79e82dff76888152c8a4045f765cf7dc75c1be98eda2afb3bb9030966accc83,30,LOW
2026-09-12 11:24:41,bhagy,FILE MODIFIED,.\audit_log.txt,,NO,db5782ce6bcbf56425b471735832ce923cc969560e58a69b937574d696d01a0f,30,LOW
2026-09-12 11:24:41,bhagy,FILE MODIFIED,.\audit_log.txt,,NO,a8aed7573fa7dbcfe4e8d664a5783cfb2498f59bfb236c23ba6390a60138bd0a,30,LOW
2026-09-12 11:24:41,bhagy,FILE MODIFIED,.\audit_log.txt,,NO,141e830270d34a0777bd080453ec252d300551c58e778964ea60c524475dba62,30,LOW
2026-09-12 11:24:42,bhagy,FILE MODIFIED,.\audit_log.txt,,NO,b6444668a93d15da4f18b4f6afc4182e70b79f1444fcf853c9469776a2571794,30,LOW
2026-09-12 11:24:42,bhagy,FILE MODIFIED,.\audit_log.txt,,NO,5830bcc092c0d03719acf6ba42203d66c2cebab668cd2fad3b908dab3de78919,30,LOW
2026-09-12 11:24:42,bhagy,FILE MODIFIED,.\audit_log.txt,,NO,f1338424b0e9a9de81e20148f64859b08f1467626a5b8a091cb887aa3ee196c7,30,LOW
2026-09-12 11:24:42,bhagy,FILE MODIFIED,.\audit_log.txt,,NO,15f9cfa9fcee65dc4033735952f8e6462c7b0d422a17e6d56511fd9d56d28677,30,LOW
2026-09-12 11:24:42,bhagy,FILE MODIFIED,.\audit_log.txt,,NO,d16a73949a96f621e41d0ada078a4fb6fc93d2e555b4a3395fab8ec21a715cdf,30,LOW
2026-09-12 11:24:42,bhagy,FILE MODIFIED,.\audit_log.txt,,NO,a9dfaf3ed57159751c295ce9be96f216c953ff32f136208fa0f71d7cc88199cf,30,LOW
2026-09-12 11:24:42,bhagy,FILE MODIFIED,.\audit_log.txt,,NO,522e520c06923cbbe130813ae77fe84b33c8558e198895f4d3c2706862d89b80,30,LOW
2026-09-12 11:24:43,bhagy,FILE MODIFIED,.\audit_log.txt,,NO,7326215e39de12eddb7307340c0b99b2533b36790b6df362a0d6f4534479ab31,30,LOW
2026-09-12 11:24:43,bhagy,FILE MODIFIED,.\audit_log.txt,,NO,2aa767e5ce5f6e0c111bae747ba4245519f469d0fac2b637f3058631d8dd7eb5,30,LOW
2026-09-12 11:24:43,bhagy,FILE MODIFIED,.\audit_log.txt,,NO,84a2815bd0744dd7b21ac71dc431fcc1939ee9df7c5b6de298092396a56e5ab4,30,LOW
2026-09-12 11:24:43,bhagy,FILE MODIFIED,.\audit_log.txt,,NO,46cf6e71e5cd3c486f5e9a3f84c6fa3506c0ebffbcbf8736e3b8115a941e1fdb,30,LOW
2026-09-12 11:24:43,bhagy,FILE MODIFIED,.\audit_log.txt,,NO,afd242a0337c4e75ec181394b60762b776b362b99ed3986603847a0043cc4dcc,30,LOW
2026-09-12 11:24:44,bhagy,FILE MODIFIED,.\audit_log.txt,,NO,05d2117d73d48330b1564f440c32ffa96ba67c2c9aac88d3b1b18b19b36c0c9f,30,LOW
2026-09-12 11:24:44,bhagy,FILE MODIFIED,.\audit_log.txt,,NO,f472eac34ba4ccf0866f4b801490456a23465867b437f91436b4367e6d76b5a0,30,LOW
2026-09-12 11:24:44,bhagy,FILE MODIFIED,.\audit_log.txt,,NO,dcc1f21074352cbd497818b3576060ad66569938f0ddac002af1f8850369b6b8,30,LOW
2026-09-12 11:24:44,bhagy,FILE MODIFIED,.\audit_log.txt,,NO,8599f1e839519fd6030d24f00c386c0494609dd3f3bbc42a8c5b3b349bef5f78,30,LOW
2026-09-12 11:24:44,bhagy,FILE MODIFIED,.\audit_log.txt,,NO,3e76c0acc0e486bcdbd6496f2d3c663e50f119bcb6443995ecc6b2461c2cc3fd,30,LOW
2026-09-12 11:24:44,bhagy,FILE MODIFIED,.\audit_log.txt,,NO,21df7dce28a79c57494442c65e390b3d21a0fa54de59152f15e09ea73a09fb36,30,LOW
2026-09-12 11:24:44,bhagy,FILE MODIFIED,.\audit_log.txt,,NO,7e98aaa122fae0461a911c0c844059fc6f2e156b8f171c86b06c78ff7676fb49,30,LOW
2026-09-12 11:24:44,bhagy,FILE MODIFIED,.\audit_log.txt,,NO,23b99de6116b42fc7294938ff80b3c99ad89abe041c93b824b16fd865cd9cbd5,30,LOW
2026-09-12 11:24:45,bhagy,FILE MODIFIED,.\audit_log.txt,,NO,6af8079c575145187e3fa2068bbabacc171bbae4493ee9d929f84202d96728d0,30,LOW
2026-09-12 11:24:45,bhagy,FILE MODIFIED,.\audit_log.txt,,NO,edfd9f0341d2d445edf0463d1413fa1e48ffa9980e5cef454d5a3fce0b4c639d,30,LOW
2026-09-12 11:24:45,bhagy,FILE MODIFIED,.\audit_log.txt,,NO,61c332c8ddaf840acee9db97c242c72fc830c9b0413217719ff94df44d313319,30,LOW
2026-09-12 11:24:45,bhagy,FILE MODIFIED,.\audit_log.txt,,NO,31956306953448face3d9aaf7a196adbd4694e8ea0a7e5104e6d8e5139fbb711,30,LOW
2026-09-12 11:24:45,bhagy,FILE MODIFIED,.\audit_log.txt,,NO,4af3522c7972275435f6df1199b1006a4443a282e5e4b5a3de50300dbef995e9,30,LOW
2026-09-12 11:24:45,bhagy,FILE MODIFIED,.\audit_log.txt,,NO,f7b99e615540b437bbc0a45002924067ddac45ac19c47194787171ccc2158124,30,LOW
2026-09-12 11:24:45,bhagy,FILE MODIFIED,.\audit_log.txt,,NO,ce05b1402a9125dbc58ab3027cd9cc4ee92c8f442c1b6eca5bdcb6db85dd21f8,30,LOW
2026-09-12 11:24:45,bhagy,FILE MODIFIED,.\audit_log.txt,,NO,4a385223d7683ffd83f04e0c30b9433e19aab8d9f0ddd5b1280f34a54dc01d41,30,LOW
2026-09-12 11:24:45,bhagy,FILE MODIFIED,.\audit_log.txt,,NO,e49aab497fba4bf94e8619c385b75abc8110447c0c3b5c9f6ecaa9833aef81ec,30,LOW
2026-09-12 11:24:46,bhagy,FILE MODIFIED,.\audit_log.txt,,NO,e26abc24f3de59632cdda017c6bc6a00511676843efefc94cbc6d1f4d4c8b5e1,30,LOW
2026-09-12 11:24:46,bhagy,FILE MODIFIED,.\audit_log.txt,,NO,467126093f71a6cb232416467d002fb2825fb1657ecc4bdff7a8e08d10ae408c,30,LOW
2026-09-12 11:24:46,bhagy,FILE MODIFIED,.\audit_log.txt,,NO,212d731fd61dad8a6a4a0774e9a728f1bc0179cef30c9dd1e9559b51ebae3089,30,LOW
2026-09-12 11:24:46,bhagy,FILE MODIFIED,.\audit_log.txt,,NO,18b358ea64607b2694983d27e8bf27b72a6cb14b0bd492aa24592ee67e73e57e,30,LOW
2026-09-12 11:24:46,bhagy,FILE MODIFIED,.\audit_log.txt,,NO,3bd3e35bbfb3d010074de62772fbdaa2430a90be8b8c5b54bc3eee53d23e4e5f,30,LOW
2026-09-12 11:24:46,bhagy,FILE MODIFIED,.\audit_log.txt,,NO,f9feabc2a9b541f7270bd976c529800a0dfe5ecb9200428b171cdd504d1884eb,30,LOW
2026-09-12 11:24:46,bhagy,FILE MODIFIED,.\audit_log.txt,,NO,e14c043ba9cddcd4010c3bb221652ebf310ceb92654cf4d5288d96e8511c505d,30,LOW
2026-09-12 11:24:46,bhagy,FILE MODIFIED,.\audit_log.txt,,NO,686ee7cf2f5208dc685afb7bfb84a485899cd5e9fae9c76c84a7dac39c70c3c9,30,LOW
2026-09-12 11:24:46,bhagy,FILE MODIFIED,.\audit_log.txt,,NO,cbc52f37b437db0ef0829f1b3edbde6dce72698ee41284c160b6a50b39956afc,30,LOW
2026-09-12 11:24:47,bhagy,FILE MODIFIED,.\audit_log.txt,,NO,e63eeaae0e62ee06f844e7f4658427eab8cf53e0db75f068885c878ca97f286a,30,LOW
2026-09-12 11:24:47,bhagy,FILE MODIFIED,.\audit_log.txt,,NO,a513f1353eab2fdf81db9158c4a3144b95399abdb1f39f5f3c4e7fc64d16445f,30,LOW
2026-09-12 11:24:47,bhagy,FILE MODIFIED,.\audit_log.txt,,NO,93f8e905a8da7bf81be01ff64e67da96d320862863306387713230334edebe50,30,LOW
2026-09-12 11:24:47,bhagy,FILE MODIFIED,.\audit_log.txt,,NO,084bff09304af56867b54ad5524ccd0adf92c99b9b249546f5987ebea02145bb,30,LOW
2026-09-12 11:24:47,bhagy,FILE MODIFIED,.\audit_log.txt,,NO,27f16ec3a7e219068355b9b1185a794a0819009fea5ec979b80b39ed4bad64a4,30,LOW
2026-09-12 11:24:47,bhagy,FILE MODIFIED,.\audit_log.txt,,NO,1ba4053e3004345e7e0a8641be30901c2a35b7cf211040d2f61b7cb3250c9502,30,LOW
2026-09-12 11:24:47,bhagy,FILE MODIFIED,.\audit_log.txt,,NO,4974b13bfa9acf1d9170994360211259cf86673028cfc15e5590430a7fe7e999,30,LOW
2026-09-12 11:24:47,bhagy,FILE MODIFIED,.\audit_log.txt,,NO,125249697b6c80a833ff0f205e7f4ae973444a93db57d5f63177b0349ff768b5,30,LOW
2026-09-12 11:24:48,bhagy,FILE MODIFIED,.\audit_log.txt,,NO,ba709e223764029a2a22959f3394029638617f53fc08905a42e17d231edbfc9b,30,LOW
2026-09-12 11:24:48,bhagy,FILE MODIFIED,.\audit_log.txt,,NO,7d7311e67ac78ede416588aed327f5107e653f579688146f78ae07b8b8980dd1,30,LOW
2026-09-12 11:24:48,bhagy,FILE MODIFIED,.\audit_log.txt,,NO,fc361404a8c76a659c51d8608f2dc0677b02d1db7eba8ca0b615d718e9b51a30,30,LOW
2026-09-12 11:24:48,bhagy,FILE MODIFIED,.\audit_log.txt,,NO,9f9b9ca9aa496d74c65311bd20c8bcd0b6f3d75e8c0784b8f131abf794d41ad5,30,LOW
2026-09-12 11:24:48,bhagy,FILE MODIFIED,.\audit_log.txt,,NO,d764eb905132c47a06cc4feb8844c0d2766cf1a5aafb37a9b6a13e6fc1092b20,30,LOW
2026-09-12 11:24:48,bhagy,FILE MODIFIED,.\audit_log.txt,,NO,86bd038e90e8f783a585d3b43637b23239edc1b8d93596172634794774817572,30,LOW
2026-09-12 11:24:48,bhagy,FILE MODIFIED,.\audit_log.txt,,NO,e2fc4553abe48457bf759f0d0a6b2d5cef05661b60ec5e422f63a09c9a87f455,30,LOW
2026-09-12 11:24:49,bhagy,FILE MODIFIED,.\audit_log.txt,,NO,a96600a4e0e6e1eb74c16bb284ecd2698b9d5b50702f21a3a53a6e39cb09ae3f,30,LOW
2026-09-12 11:24:49,bhagy,FILE MODIFIED,.\audit_log.txt,,NO,e13df1259ce8ce0a92cea17e5939d570b651ab62a586780271cf7644c9b1a0c9,30,LOW
2026-09-12 11:24:49,bhagy,FILE MODIFIED,.\audit_log.txt,,NO,ec44e69c9f353b4a6331a6fa2f51b06157140fc6e2d7790f93faea55fc4485d6,30,LOW
2026-09-12 11:24:49,bhagy,FILE MODIFIED,.\audit_log.txt,,NO,d7edea2aa4f038e8cf01524eb93df158892f4040a308aaa484e1ce629970b156,30,LOW
2026-09-12 11:24:49,bhagy,FILE MODIFIED,.\audit_log.txt,,NO,585bd45f5efb228739db58b74bb2800d61cb8bebdea615aeb7551b498db8b7db,30,LOW
2026-09-12 11:24:49,bhagy,FILE MODIFIED,.\audit_log.txt,,NO,1aece1aeb52f63ead90cdde754e72b69e83dea0c3e87da9d0d2cfd9280d0525a,30,LOW
2026-09-12 11:24:50,bhagy,FILE MODIFIED,.\audit_log.txt,,NO,125d34df22a0b223bb935effe30ba35ec946ea4cbf165ef21426eee8a225eec6,30,LOW
2026-09-12 11:24:50,bhagy,FILE MODIFIED,.\audit_log.txt,,NO,51f23b1dccee0ff48aa12549d4de003a333274ddd82720e78e846bc6c423796e,30,LOW
2026-09-12 11:24:50,bhagy,FILE MODIFIED,.\audit_log.txt,,NO,571ddd95eb1ff5b2864e4c9d138aee1577b2fdb00fde2ff5975753814dba5a17,30,LOW
2026-09-12 11:24:50,bhagy,FILE MODIFIED,.\audit_log.txt,,NO,bab104e828c9001d47cbec81361c4e336cbf56c1cea90bb8c59f5fb0fed33ac1,30,LOW
2026-09-12 11:24:50,bhagy,FILE MODIFIED,.\audit_log.txt,,NO,629aa43aa828e3ebce74c36d3eb86d2ca878cb7f1047f2a52af2673b0bcbf5be,30,LOW
2026-09-12 11:24:50,bhagy,FILE MODIFIED,.\audit_log.txt,,NO,1cc06f5541015f1834cd0241b3759a28bf395da1535e87c52ae5ad59e71277c5,30,LOW
2026-09-12 11:24:51,bhagy,FILE MODIFIED,.\audit_log.txt,,NO,bc8359ecd8636f6c7f4854953b1f5e09ef19d11fcb966b59ff67a22bec128aa3,30,LOW
2026-09-12 11:24:51,bhagy,FILE MODIFIED,.\audit_log.txt,,NO,ebf8d140fd4678447efdfa1f62b07b4d1a8459e2a97403317074c19526d164b2,30,LOW
2026-09-12 11:24:51,bhagy,FILE MODIFIED,.\audit_log.txt,,NO,8b224613e5ae905b9f50fa1ab108457f9f3f0dd5788d539e702ec5233980c6e4,30,LOW
2026-09-12 11:24:51,bhagy,FILE MODIFIED,.\audit_log.txt,,NO,83671049e5f078b8d8adbd9ea7f5986ac230d7a5575c69583bc7d47d3838ac14,30,LOW
2026-09-12 11:24:51,bhagy,FILE MODIFIED,.\audit_log.txt,,NO,950a90feda112b2829ad64663077d4065d6b9670cb6fa9cbc8381626a9b24a04,30,LOW
2026-09-12 11:24:51,bhagy,FILE MODIFIED,.\audit_log.txt,,NO,2a6cccb915f56f1da8ad5645b0999c0c1302291b9ee5d08bdbe7e780901bb2ac,30,LOW
2026-09-12 11:24:51,bhagy,FILE MODIFIED,.\audit_log.txt,,NO,71adaac1019a3e7f0e4f6e641bf56b5ab21761e8348ac5d7606f5652af7e9cf0,30,LOW
2026-09-12 11:24:52,bhagy,FILE MODIFIED,.\audit_log.txt,,NO,9062f70a11693a00f59736895d4a17fba6297e62520238a6cc0c161ed630ff8d,30,LOW
2026-09-12 11:24:52,bhagy,FILE MODIFIED,.\audit_log.txt,,NO,7b56c4138dc894e8a3d8f8166437c7ffc4ea4d9905ea072261a37e85ccde970b,30,LOW
2026-09-12 11:24:52,bhagy,FILE MODIFIED,.\audit_log.txt,,NO,4cacdb06c6522e43b82d2aa39852a25e700cf0bdb3fdcf4ba99e495a53dcb84f,30,LOW
2026-09-12 11:24:52,bhagy,FILE MODIFIED,.\audit_log.txt,,NO,d9278bf2f675fbf4ebd645e1065645644602788e33c45b909cf9462d617a8aad,30,LOW
2026-09-12 11:24:52,bhagy,FILE MODIFIED,.\audit_log.txt,,NO,52f4fe40e590ed9c9cd6d942792a40d5371fccf7870c2401866a3d707d4b0174,30,LOW
2026-09-12 11:24:52,bhagy,FILE MODIFIED,.\audit_log.txt,,NO,a499bc104ddad63204da1aa3d45595a31b429239b82070f4f9c052e3dbdc1862,30,LOW
2026-09-12 11:24:53,bhagy,FILE MODIFIED,.\audit_log.txt,,NO,6ffe49ef4e5a7c7876d90dd6763cd962307bb7e68555fec33cc4ae0ec4af7e53,30,LOW
2026-09-12 11:24:53,bhagy,FILE MODIFIED,.\audit_log.txt,,NO,c9dcd8c7d8d6cb5539c2702e3db58b70fbd818891f5fea2eea99dec670df796b,30,LOW
2026-09-12 11:24:53,bhagy,FILE MODIFIED,.\audit_log.txt,,NO,dadf3320b1208e2bf4e74d09ff94e1d14797810193cc35fd520966305a846852,30,LOW
2026-09-12 11:24:53,bhagy,FILE MODIFIED,.\audit_log.txt,,NO,01797e7a5a9f8520555e7f3b50f38458f3c0a0966d51f2fe54728b95646f973a,30,LOW
2026-09-12 11:24:53,bhagy,FILE MODIFIED,.\audit_log.txt,,NO,eb98acb40410dbe9b0ced729656bcf12b3b8fca9623cf30e2f97af817ffd0554,30,LOW
2026-09-12 11:24:53,bhagy,FILE MODIFIED,.\audit_log.txt,,NO,6836dc4392229bc672cb3a93d5010e88c310617556d64803f31d374f8bd55950,30,LOW
2026-09-12 11:24:54,bhagy,FILE MODIFIED,.\audit_log.txt,,NO,989969668fd9974be9462df0d695e11eaab7cb4c6f3293eed38c753e9634035e,30,LOW
2026-09-12 11:24:54,bhagy,FILE MODIFIED,.\audit_log.txt,,NO,6b0463b0458368e7d2f94d618d4f408176019b2de991bde3570a7c78013c3094,30,LOW
2026-09-12 11:24:54,bhagy,FILE MODIFIED,.\audit_log.txt,,NO,50811f270bfecdc0ecebb6560b92d1bb62e0319396c77562254ffad0eda59f8a,30,LOW
2026-09-12 11:24:54,bhagy,FILE MODIFIED,.\audit_log.txt,,NO,c515e69dad398c8db849bea3a5f365f45cb44544bfb90eb04c25f652ee62c826,30,LOW
2026-09-12 11:24:54,bhagy,FILE MODIFIED,.\audit_log.txt,,NO,72497205e051267e94c7445a02c0e8c89b0e5318ba396b3b7190f392c32cebf5,30,LOW
2026-09-12 11:24:54,bhagy,FILE MODIFIED,.\audit_log.txt,,NO,e98c67634603e520e051fd52e076c6af26d429b28da05bc716c9a728b6d4e9a9,30,LOW
2026-09-12 11:24:55,bhagy,FILE MODIFIED,.\audit_log.txt,,NO,1e2e73bfbff7d8c307ff286b69d51f583444d93215e038e4981acd95ea278cf0,30,LOW
2026-09-12 11:24:55,bhagy,FILE MODIFIED,.\audit_log.txt,,NO,e74a2a487c7f22e4d53c1e88e8fbb96b02284f34a5ce14b4d52fc25cd8e3ee33,30,LOW
2026-09-12 11:24:55,bhagy,FILE MODIFIED,.\audit_log.txt,,NO,4e72718e5939c47038a84bfa75332c3ad5dc6a0112bba9c68821691c2c108f7a,30,LOW
2026-09-12 11:24:55,bhagy,FILE MODIFIED,.\audit_log.txt,,NO,6a691e729ffa8e0f2c2614e4df48b2eb9f0b1060c167bc75771f46f87db97d8d,30,LOW
2026-09-12 11:24:55,bhagy,FILE MODIFIED,.\audit_log.txt,,NO,93997ba1750fa44487df0a7f62106a30bb9733e06af9cc092cecf0559ac27808,30,LOW
2026-09-12 11:24:55,bhagy,FILE MODIFIED,.\audit_log.txt,,NO,27cc0cbe8c4c3290b12d6f08261e1621f983b25d1fa164eff4410312cbde553a,30,LOW
2026-09-12 11:24:55,bhagy,FILE MODIFIED,.\audit_log.txt,,NO,1d5e13d6435189732cae9eb416eb94f866e3c686819ba5780ae2bce0ac4c3e0e,30,LOW
2026-09-12 11:24:56,bhagy,FILE MODIFIED,.\audit_log.txt,,NO,435ea00c51ff3cc87db21186ad49218395d62fe87f26b9c2b38e271ae0a91607,30,LOW
2026-09-12 11:24:56,bhagy,FILE MODIFIED,.\audit_log.txt,,NO,9f8c1619c36c8961e429645ae3c6c09d9ebda7c57fab80ba369be71725c9e32b,30,LOW
2026-09-12 11:24:56,bhagy,FILE MODIFIED,.\audit_log.txt,,NO,dca5fd746954d3655775f9ba0f27ea51c5dd63c61a765c440fbd4e180bf53e00,30,LOW
2026-09-12 11:24:56,bhagy,FILE MODIFIED,.\audit_log.txt,,NO,188eae21097933e8b7ae5b1696af9a2ba077b27baf96daa0d70af942003853ba,30,LOW
2026-09-12 11:24:56,bhagy,FILE MODIFIED,.\audit_log.txt,,NO,8c5efb5191f1dee834c92f2dee633662a5d97230fe7aa09a1d8afcb7a9b6f55a,30,LOW
2026-09-12 11:24:56,bhagy,FILE MODIFIED,.\audit_log.txt,,NO,a7bbc3ff46652ba41c5a18af455abb59208e36bb92693f0634467c658d4acd08,30,LOW
2026-09-12 11:24:57,bhagy,FILE MODIFIED,.\audit_log.txt,,NO,6742cfcaa0523a4ee8db14cd12ee0a88cd4286320fd3ddf7a4731f9e3ba8d4e7,30,LOW
2026-09-12 11:24:57,bhagy,FILE MODIFIED,.\audit_log.txt,,NO,65152cc0d8766837ddb611ae81921eaf17369bf30e826fabc4ae88c10b1a05ae,30,LOW
2026-09-12 11:24:57,bhagy,FILE MODIFIED,.\audit_log.txt,,NO,8d551e06b768d46eb2ec0fc3004722f5ef775ffd6884ff1b3d664111937e419c,30,LOW
2026-09-12 11:24:57,bhagy,FILE MODIFIED,.\audit_log.txt,,NO,8b31558f2b9f02745a0746ff441682205609cd97b95cfeb2a3ba8053d7b948e7,30,LOW
2026-09-12 11:24:57,bhagy,FILE MODIFIED,.\audit_log.txt,,NO,dff36aaabd5181b614d3b3399f0964831f5d346c15bfb6a560451090425417a4,30,LOW
2026-09-12 11:24:57,bhagy,FILE MODIFIED,.\audit_log.txt,,NO,5c623183241238a097c30db7a6685a23094d86eac96138d3b50c7cc90982929d,30,LOW
2026-09-12 11:24:58,bhagy,FILE MODIFIED,.\audit_log.txt,,NO,2186a1e26bbcf45c98ce2efdd1d7cb9848f6bf23e260d7906c532fbdf58d9c70,30,LOW
2026-09-12 11:24:58,bhagy,FILE MODIFIED,.\audit_log.txt,,NO,0201a4060b5005fb453411f5ef0b4b458cdfdbade0b754b7d91e62632fbce05d,30,LOW
2026-09-12 11:24:58,bhagy,FILE MODIFIED,.\audit_log.txt,,NO,2acc82d9ced5c0b36e3b6a27f46d1e8a1b5d883d1aa924df0af4aebf1e28b214,30,LOW
2026-09-12 11:24:58,bhagy,FILE MODIFIED,.\audit_log.txt,,NO,95c7fcfe815ced539d7137937b8ffb087899b0130962ed14d1ed32d54f8f770d,30,LOW
2026-09-12 11:24:58,bhagy,FILE MODIFIED,.\audit_log.txt,,NO,9785354e63b0cd00461fe4d70fdef29e4b6a9bae9d95ec776f60be55de53f584,30,LOW
2026-09-12 11:24:58,bhagy,FILE MODIFIED,.\audit_log.txt,,NO,69d4fb093a41189d9a11b6f3e19604d3aef518aba9bb5742eb1de9b184068ddf,30,LOW
2026-09-12 11:24:58,bhagy,FILE MODIFIED,.\audit_log.txt,,NO,1c5505514f745d0c178d17eaf0b81e604c06738377c187fd057518102f78e18d,30,LOW
2026-09-12 11:24:59,bhagy,FILE MODIFIED,.\audit_log.txt,,NO,ac2c482b9d2d1669b14c66a379ab0a46148bbf4670606c967531ccf7da1dae3f,30,LOW
2026-09-12 11:24:59,bhagy,FILE MODIFIED,.\audit_log.txt,,NO,b5abe18c0a7bd275e454e79e5e04beaa7fb16966cac3105448519e7cc3be97c8,30,LOW
2026-09-12 11:24:59,bhagy,FILE MODIFIED,.\audit_log.txt,,NO,472174fed4ba9a420a14a18d37c4d4ffd82fb99b67a6ae8bbd6b7ca10830db2f,30,LOW
2026-09-12 11:24:59,bhagy,FILE MODIFIED,.\audit_log.txt,,NO,e551c9944c17e87a262e7ba9e5ddd3cc3fa12394d6468470ac746247640597fb,30,LOW
2026-09-12 11:24:59,bhagy,FILE MODIFIED,.\audit_log.txt,,NO,c0029494515723ccd644a4a7ca2d1e080ac3df060fca4188ed0c941bdf3c6488,30,LOW
2026-09-12 11:24:59,bhagy,FILE MODIFIED,.\audit_log.txt,,NO,a406f5e4b732149d8b0a2c9863421e456e3a9ff08f97aa9c28faba2494f317d2,30,LOW
2026-09-12 11:25:00,bhagy,FILE MODIFIED,.\audit_log.txt,,NO,9d18deb46ee341da5bea2bfe23d7e5e04719568943b6d3eb86959bc99f130a5d,30,LOW
2026-09-12 11:25:00,bhagy,FILE MODIFIED,.\audit_log.txt,,NO,768c2d0a1be5d5da5a424b86a8a2c68889888c32b631c0b7c51c72935c56b191,30,LOW
2026-09-12 11:25:00,bhagy,FILE MODIFIED,.\audit_log.txt,,NO,86be5fd01f97f1f7ab3e995b5d47ce2615cbfb1aa10a486957e7367b885dd55f,30,LOW
2026-09-12 11:25:00,bhagy,FILE MODIFIED,.\audit_log.txt,,NO,d1d75d7d7f2b0ff6fdbda78209834a1c98dd4bd362f34d18b7e890e133e7aade,30,LOW
2026-09-12 11:25:00,bhagy,FILE MODIFIED,.\audit_log.txt,,NO,ae6467e2a297597af14d27adcf4f056411f916c97c0c6809a6f316b6986f3b2f,30,LOW
2026-09-12 11:25:00,bhagy,FILE MODIFIED,.\audit_log.txt,,NO,48227de6ee3df2f241aa05b442f5d8986d4a9391819d45a0584b720359f29876,30,LOW
2026-09-12 11:25:00,bhagy,FILE MODIFIED,.\audit_log.txt,,NO,953d9514271de6df6dbf220e1cc71b8363432ca664a0a8e858fd23e6e22a3186,30,LOW
2026-09-12 11:25:01,bhagy,FILE MODIFIED,.\audit_log.txt,,NO,e395cf50dc22737306dc918fe47f1af456140562ea95259501d70545832f0849,30,LOW
2026-09-12 11:25:01,bhagy,FILE MODIFIED,.\audit_log.txt,,NO,dcf3be70a7548b8b0a719a48f30aff350effaa90714f8ca6ce97c4d6b09da19b,30,LOW
2026-09-12 11:25:01,bhagy,FILE MODIFIED,.\audit_log.txt,,NO,cc58730ac89571ef12180d1a8ba083cb709020f56020e67bc5b3a32d3d91c019,30,LOW
2026-09-12 11:25:01,bhagy,FILE MODIFIED,.\audit_log.txt,,NO,b28d2a52aa608a21b291b66691a7c7a0ab6795e75362456db2278a1723bb4c84,30,LOW
2026-09-12 11:25:01,bhagy,FILE MODIFIED,.\audit_log.txt,,NO,e9bdb19aed98de2fb49727a737480e01ad9d0e1f66a346b7749b1bfc2f8b317c,30,LOW
2026-09-12 11:25:01,bhagy,FILE MODIFIED,.\audit_log.txt,,NO,2d67efba3c2247c3dd28be87b14d25efcf27f341bca12cfa843540f2640ea625,30,LOW
2026-09-12 11:25:01,bhagy,FILE MODIFIED,.\audit_log.txt,,NO,d27108f30691c060659eede4d6d800cbd9cbb14209249c35182154385253a76b,30,LOW
2026-09-12 11:25:01,bhagy,FILE MODIFIED,.\audit_log.txt,,NO,84c44dd24af554e437b275b7c27d92bcdbaf08f09b5139397f3e555ec9aeaab2,30,LOW
2026-09-12 11:25:01,bhagy,FILE MODIFIED,.\audit_log.txt,,NO,64a8e6c5dd5b4b4f1a0b8b1e1a04aaded5d145b6a22369828922ee4eb256d161,30,LOW
2026-09-12 11:25:02,bhagy,FILE MODIFIED,.\audit_log.txt,,NO,9122bc99edfadd17262f126d5cd545a431df7e2f6f1f8555e7273e8831229db7,30,LOW
2026-09-12 11:25:02,bhagy,FILE MODIFIED,.\audit_log.txt,,NO,8d5c1b8c6e425c8ffc9c8eccad4a8ac6986a30fe453f5497834d15a585940d6f,30,LOW
2026-09-12 11:25:02,bhagy,FILE MODIFIED,.\audit_log.txt,,NO,7ec104f7bbcba0b4bbb25502b1f1a1d5b424d4e7b79d2aaa03d5c790f3314c64,30,LOW
2026-09-12 11:25:02,bhagy,FILE MODIFIED,.\audit_log.txt,,NO,ce74c06abfde891d886e576d3ef6d8cb18dd7df525111b25bf7cca79e5e8d1c9,30,LOW
2026-09-12 11:25:02,bhagy,FILE MODIFIED,.\audit_log.txt,,NO,80279be9df79d02cd27b93c05a70228569fc5db0fa4828f6314c20b362b98d7f,30,LOW
2026-09-12 11:25:02,bhagy,FILE MODIFIED,.\audit_log.txt,,NO,fcbbbe6e41973817832149c86f25827d455192bb3658ffdbf8142bb64f1d419b,30,LOW
2026-09-12 11:25:02,bhagy,FILE MODIFIED,.\audit_log.txt,,NO,0ccb7ec1b37206fe4dc1a18942ad2bfe93ca77b65abd05ab139dc7fbf5858331,30,LOW
2026-09-12 11:25:02,bhagy,FILE MODIFIED,.\audit_log.txt,,NO,25e096567392183565b4f87d911025adf8a8c62538ca5666b30adcc068b8b364,30,LOW
2026-09-12 11:25:02,bhagy,FILE MODIFIED,.\audit_log.txt,,NO,2e6d7ca77518fa1c53a87864962f59658e3348f3fb8bed78160c9eba43fe3bd9,30,LOW
2026-09-12 11:25:03,bhagy,FILE MODIFIED,.\audit_log.txt,,NO,118fc4a4dd6f802a0e3524ba070a18ef42bcf1f7d452ac28d3d3db00c2067063,30,LOW
2026-09-12 11:25:03,bhagy,FILE MODIFIED,.\audit_log.txt,,NO,2e04977ab5f87dbc7362007b0be8aea56e8c82456d1fc85f877c5f23288f61f1,30,LOW
2026-09-12 11:25:03,bhagy,FILE MODIFIED,.\audit_log.txt,,NO,c6a8e79d0d7b7e5400e4a2b7be62be6f7c822d058ed2a0a45af0f9869a4fb7e5,30,LOW
2026-09-12 11:25:03,bhagy,FILE MODIFIED,.\audit_log.txt,,NO,b996720cc53b5a8e202548a2c49e7a83ed054872af374b5cf2f8d347e3a2ba48,30,LOW
2026-09-12 11:25:03,bhagy,FILE MODIFIED,.\audit_log.txt,,NO,7612c90c7f71eab2b1a222d8806a9f7a416ca7253c109c5d212b78002648fba2,30,LOW
2026-09-12 11:25:03,bhagy,FILE MODIFIED,.\audit_log.txt,,NO,99e38d6aa34507d74625ba6e3bb9784f277e9ae5cb9843fba350e4e50d616afd,30,LOW
2026-09-12 11:25:03,bhagy,FILE MODIFIED,.\audit_log.txt,,NO,f8e85175a3834b2004aa95d392eca16acc54c9088740881a9536aa46ea091239,30,LOW
2026-09-12 11:25:03,bhagy,FILE MODIFIED,.\audit_log.txt,,NO,591e1331383729828e938d5118aa15aed7abafd4561d0a5bb138e1766e1f0cc9,30,LOW
2026-09-12 11:25:03,bhagy,FILE MODIFIED,.\audit_log.txt,,NO,d640cadc22d637a07b47c3e1544037f68257c930b920c8a288d545c94fa23b64,30,LOW
2026-09-12 11:25:04,bhagy,FILE MODIFIED,.\audit_log.txt,,NO,6a477c620ef15b9f1eee5e2b864b7321f57b917fa52df3e2c58a43eccbebe127,30,LOW
2026-09-12 11:25:04,bhagy,FILE MODIFIED,.\audit_log.txt,,NO,e5c4c4ca7f99760cc5e6870f788c5715d0592bfd1e2fa3a1adbdf0aa37c9bf8d,30,LOW
2026-09-12 11:25:04,bhagy,FILE MODIFIED,.\audit_log.txt,,NO,f2ce15ef23627659e3489cf5747022be7b804681c81607c1d7765c1098863e8c,30,LOW
2026-09-12 11:25:04,bhagy,FILE MODIFIED,.\audit_log.txt,,NO,573278cb2d192886c1b189a90e8d7d892fe3b78c1bc5a68933c48387e4343bf6,30,LOW
2026-09-12 11:25:04,bhagy,FILE MODIFIED,.\audit_log.txt,,NO,64b3ad6c0dbacacc52b2227b2d2ea31d6412ef81364e970cc886f99d7c42ffe1,30,LOW
2026-09-12 11:25:04,bhagy,FILE MODIFIED,.\audit_log.txt,,NO,7d4a3342997184874c3af11ae47506302ba8fb2b50965c1d959f18331089574c,30,LOW
2026-09-12 11:25:04,bhagy,FILE MODIFIED,.\audit_log.txt,,NO,ee12c0c99dc46df59b4420b067ee5baa77788c5b1adc1e037df1341c5108a026,30,LOW
2026-09-12 11:25:05,bhagy,FILE MODIFIED,.\audit_log.txt,,NO,c281cd8951f6c5c07cfff7c35a06f9960eeebb21a13a81c5d4bc411991bb6133,30,LOW
2026-09-12 11:25:05,bhagy,FILE MODIFIED,.\audit_log.txt,,NO,b37b221283a12862d18e83cb069d0a4e8468be14fb7127ecc4f2633ec13a8ef0,30,LOW
2026-09-12 11:25:05,bhagy,FILE MODIFIED,.\audit_log.txt,,NO,479d68d2c236e2607f7636a7252e656d851c4540edea15bc0910bb30460d412e,30,LOW
2026-09-12 11:25:05,bhagy,FILE MODIFIED,.\audit_log.txt,,NO,92b6b2424cc5a73df73e1e85c2890019d60e0af8b48c0b8ef26960e0ce392cb4,30,LOW
2026-09-12 11:25:05,bhagy,FILE MODIFIED,.\audit_log.txt,,NO,623c2d6c305e946006232ac832db63f20666a6362b037a51b35580dd53b9a4b2,30,LOW
2026-09-12 11:25:06,bhagy,FILE MODIFIED,.\audit_log.txt,,NO,7e98aecb2c291c070f5f80585ff3ec1e24feed02dd4912315ef2ecadafa605b8,30,LOW
2026-09-12 11:25:06,bhagy,FILE MODIFIED,.\audit_log.txt,,NO,70e6b8ca57e204db38e969ef5dadbc547c3a6700791422e3c7f1123a397fdd8f,30,LOW
2026-09-12 11:25:06,bhagy,FILE MODIFIED,.\audit_log.txt,,NO,1f0736a5947cf6e86d005aa028febf6672034aca7bc3f3fe5cd1210711040a74,30,LOW
2026-09-12 11:25:06,bhagy,FILE MODIFIED,.\audit_log.txt,,NO,8b5e9e702c959980c82bb052f633eebc896fa0f871f99e3a993e95ea6b94791f,30,LOW
2026-09-12 11:25:06,bhagy,FILE MODIFIED,.\audit_log.txt,,NO,3a98616a73ea18e4ffb87d2d97cf7507f18cde542912a13b0af457c61c7370b8,30,LOW
2026-09-12 11:25:06,bhagy,FILE MODIFIED,.\audit_log.txt,,NO,56bf364423b13e06898b0b6c060daeebe458bc5563559dd30013b272a484f836,30,LOW
2026-09-12 11:25:07,bhagy,FILE MODIFIED,.\audit_log.txt,,NO,ba6e56c02a770e81ed08cf2b0b438d6aa158784fb817b465435f6a90536c116e,30,LOW
2026-09-12 11:25:07,bhagy,FILE MODIFIED,.\audit_log.txt,,NO,1a41e2eba2c8897bd4e7feb5f622cfddd668211a384e6968454a7321bddf89fd,30,LOW
2026-09-12 11:25:07,bhagy,FILE MODIFIED,.\audit_log.txt,,NO,4f5cfb37a9412c4cd9e3eff2c31cfb701579ec31864bf6847f38f8119dd21940,30,LOW
2026-09-12 11:25:07,bhagy,FILE MODIFIED,.\audit_log.txt,,NO,0f5a83783e459e88fffdf915cd1aa15e15c9287753d13725ec862b81740917ba,30,LOW
2026-09-12 11:25:07,bhagy,FILE MODIFIED,.\audit_log.txt,,NO,23c433b0042615f8896901ba374c1b42bb426a81ef22501d8b48c4b2dcec843c,30,LOW
2026-09-12 11:25:08,bhagy,FILE MODIFIED,.\audit_log.txt,,NO,74fd93ee14c3eabe82fd0e5a84a2db8b3e178e4aa6add24aac7984784d135f90,30,LOW
2026-09-12 11:25:08,bhagy,FILE MODIFIED,.\audit_log.txt,,NO,fbe20035d59550dd8aae855150a643c79cab76c4882838e8eea73355ee11ad59,30,LOW
2026-09-12 11:25:08,bhagy,FILE MODIFIED,.\audit_log.txt,,NO,ce38f5c3a2592b69e09c15fb9d70d388204606a6df6529cf4dc8bcdf910e3a8d,30,LOW
2026-09-12 11:25:08,bhagy,FILE MODIFIED,.\audit_log.txt,,NO,47e2e7beb854e4f3ec151146c4dfb5f23dfb0d3ce3ddc370a5c57775c878da9d,30,LOW
2026-09-12 11:25:08,bhagy,FILE MODIFIED,.\audit_log.txt,,NO,7e5cc782bf0f0e3dfbbbd4db4f1f71ae51ca7078e89208bd3e60292bcdebe7ef,30,LOW
2026-09-12 11:25:09,bhagy,FILE MODIFIED,.\audit_log.txt,,NO,8aaa9d78f3e7045650ffdaa9754241175e0a86f6eee6220fdb734eadd132eb2b,30,LOW
2026-09-12 11:25:09,bhagy,FILE MODIFIED,.\audit_log.txt,,NO,c0f40d63ab3b1da3bee7c68885d131496f44d161f0f8a6a1cdb7ab3bc0b874f6,30,LOW
2026-09-12 11:25:09,bhagy,FILE MODIFIED,.\audit_log.txt,,NO,b153be7d72366ca159b978f6bb4954b28dca02efa78c79c796b96049cd5b3e6a,30,LOW
2026-09-12 11:25:09,bhagy,FILE MODIFIED,.\audit_log.txt,,NO,eac42758d97268bd4a9f52a9adce7cc81c4dfe86c95477984b562e4b6ddfb2e1,30,LOW
2026-09-12 11:25:09,bhagy,FILE MODIFIED,.\audit_log.txt,,NO,77f2786a6ba186070b96366f4e428e2edc7685c504455738ea3e415cd6e0ca7a,30,LOW
2026-09-12 11:25:09,bhagy,FILE MODIFIED,.\audit_log.txt,,NO,6d90bcaafc758676e32fd7331ffc198f094cc2a0869893a723c76cf252727fd1,30,LOW
2026-09-12 11:25:10,bhagy,FILE MODIFIED,.\audit_log.txt,,NO,4670b32b89f3494e122481ff64c04d706bde7f589919ad650db1f40cbd037cd5,30,LOW
2026-09-12 11:25:10,bhagy,FILE MODIFIED,.\audit_log.txt,,NO,3ab9488819a6bdb436ae50f63494ad06a0266864b3a16295886bfd5690bbb582,30,LOW
2026-09-12 11:25:10,bhagy,FILE MODIFIED,.\audit_log.txt,,NO,4d2143da4217df7ae257923afd87873e269e3cd4cfaba2b1f172f4012b412687,30,LOW
2026-09-12 11:25:10,bhagy,FILE MODIFIED,.\audit_log.txt,,NO,0f1944f6c8511fd2c16a1ef8a08cfbef00f9f742f2659381aff4e41c13d52f72,30,LOW
2026-09-12 11:25:10,bhagy,FILE MODIFIED,.\audit_log.txt,,NO,5cd8b0cc4cf8af6b0e946b4f5555207a27dd3115aa27e001f9e26ee077ad1cc2,30,LOW
2026-09-12 11:25:10,bhagy,FILE MODIFIED,.\audit_log.txt,,NO,98d433fa1e0231f6713fc36a7461574857d4b4bb143e34d02d44e51e4f8e8084,30,LOW
2026-09-12 11:25:11,bhagy,FILE MODIFIED,.\audit_log.txt,,NO,992f4c55ac42859439d9530935b85fa61d3d35d905b30ede755cb4a56077bdb3,30,LOW
2026-09-12 11:25:11,bhagy,FILE MODIFIED,.\audit_log.txt,,NO,01fbb5134ac7e9899421b1e4f7c6899381b9b1cd6bad11af00cc26b71553bb20,30,LOW
2026-09-12 11:25:11,bhagy,FILE MODIFIED,.\audit_log.txt,,NO,ef3c340ab79994c71133c2cff024a3e58e506d068d1235d13864f94e76834c61,30,LOW
2026-09-12 11:25:11,bhagy,FILE MODIFIED,.\audit_log.txt,,NO,be4b55a3116593423694d6539492c473cf7d9ba2b77f5733bd79a6068d1880ef,30,LOW
2026-09-12 11:25:12,bhagy,FILE MODIFIED,.\audit_log.txt,,NO,2db7281913f06585b4c968f2bb92461970019b33c03471029845b7d2c11db3eb,30,LOW
2026-09-12 11:25:12,bhagy,FILE MODIFIED,.\audit_log.txt,,NO,2b0e08ce262ead43341f7a058874eec3bbf24ab095157d5ee41bcc72feff94bc,30,LOW
2026-09-12 11:25:12,bhagy,FILE MODIFIED,.\audit_log.txt,,NO,7ac1fa302b1577c25ebb3d9052db41073b96b55defde553cd52c7bc69e747308,30,LOW
2026-09-12 11:25:12,bhagy,FILE MODIFIED,.\audit_log.txt,,NO,1cf611b049c266661ba8b588916009e13ef1b6e28efd7a6bcca5fee60f96f861,30,LOW
2026-09-12 11:25:12,bhagy,FILE MODIFIED,.\audit_log.txt,,NO,102a7c09d2ff31483fd71db79efd64722d97f179f5707e7ed4c2ed14fbd2be07,30,LOW
2026-09-12 11:25:12,bhagy,FILE MODIFIED,.\audit_log.txt,,NO,ffdebc5a750e0c320bbcce8d4fa939a20cbaa783d580bf844dd7fe85cdc8cd20,30,LOW
2026-09-12 11:25:13,bhagy,FILE MODIFIED,.\audit_log.txt,,NO,23a4f5a6715b26a4fe3472c97bc8dd5304b97274b5cb8aed7da22a8402143fdc,30,LOW
2026-09-12 11:25:13,bhagy,FILE MODIFIED,.\audit_log.txt,,NO,eee689582d6a69ba986f6e196dbb6f8aa1138fea6837f0b5e2980d1e7a452c17,30,LOW
2026-09-12 11:25:13,bhagy,FILE MODIFIED,.\audit_log.txt,,NO,d70c1a2f3027bc6b43383501f6fb93e0089aa4231fc92bd14915d90a362f9646,30,LOW
2026-09-12 11:25:13,bhagy,FILE MODIFIED,.\audit_log.txt,,NO,bb05373650655e9ef74636fff21ad22a06ec34d43eb214f0bf3cf46d03b5aecc,30,LOW
2026-09-12 11:25:13,bhagy,FILE MODIFIED,.\audit_log.txt,,NO,0acde3a8f56601ab8b2d45f7145fab71149ba7ffea26bda4c80434708ced10d5,30,LOW
2026-09-12 11:25:13,bhagy,FILE MODIFIED,.\audit_log.txt,,NO,b7d3bc9f1d5e8746c57aabe03dd780864298e721b01ac28c5a343e7eeacfc5dd,30,LOW
2026-09-12 11:25:14,bhagy,FILE MODIFIED,.\audit_log.txt,,NO,f64960def65949ac7fa2862dc8bf92f882d744d34b3f5aa506768fb43baa55ac,30,LOW
2026-09-12 11:25:14,bhagy,FILE MODIFIED,.\audit_log.txt,,NO,4aaa2799e9111a84eec8c0a3a9164be92b01648f04857a1025c7404c97ca6c84,30,LOW
2026-09-12 11:25:14,bhagy,FILE MODIFIED,.\audit_log.txt,,NO,3ea5e9475e75308c99df317a164764c19826e3c5a299694d07d5aaa8a87ad1f0,30,LOW
2026-09-12 11:25:14,bhagy,FILE MODIFIED,.\audit_log.txt,,NO,53181b3170209154d22a70aa76a807c4d2b8a72618880263817495fee38fbe95,30,LOW
2026-09-12 11:25:14,bhagy,FILE MODIFIED,.\audit_log.txt,,NO,0a758e6121a96101f15c8e1a3227264f6433c456a1e24128063655b31b5dd1cd,30,LOW
2026-09-12 11:25:14,bhagy,FILE MODIFIED,.\audit_log.txt,,NO,a8484738b7e2849f628e9d395854550f1955f1211981f6e33df3864e74d80afe,30,LOW
2026-09-12 11:25:15,bhagy,FILE MODIFIED,.\audit_log.txt,,NO,b9e51b451f74e5d8e4669d731939a644fc0e1a050067e8213e620e56b017392c,30,LOW
2026-09-12 11:25:15,bhagy,FILE MODIFIED,.\audit_log.txt,,NO,a5f52d9ceb4c3d894f9c3b90dfd63f260c7df632c1d45db4014ffb3f26b21947,30,LOW
2026-09-12 11:25:15,bhagy,FILE MODIFIED,.\audit_log.txt,,NO,1c80cf5af887f2825de39c798d34b3c4356b1e1fee2f79e0bb9e9e133ae437ae,30,LOW
2026-09-12 11:25:15,bhagy,FILE MODIFIED,.\audit_log.txt,,NO,b23d841ad59e5c3424f8c8eb80ca806971ea73da6278f2b455108d3812419deb,30,LOW
2026-09-12 11:25:15,bhagy,FILE MODIFIED,.\audit_log.txt,,NO,aa41f1394e67a6540d79f60e53b4d70aba7a1c16945d628309a8a8a718443daa,30,LOW
2026-09-12 11:25:15,bhagy,FILE MODIFIED,.\audit_log.txt,,NO,77f01b4b2d204d22b06a17039ba24ef98e68152c15675401d75d1f21fec31ed5,30,LOW
2026-09-12 11:25:16,bhagy,FILE MODIFIED,.\audit_log.txt,,NO,3d457e58276f37c8db27b29b839bd9b337264a6d5115341b91cb27ca68040cee,30,LOW
2026-09-12 11:25:16,bhagy,FILE MODIFIED,.\audit_log.txt,,NO,8a0d935ec4594a456326b8049dc14a18a2d3ca8ea97768152cdf5ffb8c3ce2db,30,LOW
2026-09-12 11:25:16,bhagy,FILE MODIFIED,.\audit_log.txt,,NO,64e76c1878b575706f81baedd41253fc50954587273a68d4d02fb410f3041de6,30,LOW
2026-09-12 11:25:16,bhagy,FILE MODIFIED,.\audit_log.txt,,NO,5b233d038b12493ff6825a6ef4b3849b52851915551acb97e25881ead66feeaa,30,LOW
2026-09-12 11:25:16,bhagy,FILE MODIFIED,.\audit_log.txt,,NO,addbc1a5d29de7f75cd1eb1026baf12558d2a2d2c8c13afdbfb02aef1ad70186,30,LOW
2026-09-12 11:25:16,bhagy,FILE MODIFIED,.\audit_log.txt,,NO,e4ace8a83238775da6df4b5552d30027393842b9e2bb66f3a35ca9d43b5525fd,30,LOW
2026-09-12 11:25:16,bhagy,FILE MODIFIED,.\audit_log.txt,,NO,8bf3fc2704ba9587961bc8545ff48f5c2538281c606ce5292cb32e7b93d18c2b,30,LOW
2026-09-12 11:25:17,bhagy,FILE MODIFIED,.\audit_log.txt,,NO,336a5d657598bda1c9db04623d556b3818a06f4e3e38400ede798be6ed3affd0,30,LOW
2026-09-12 11:25:17,bhagy,FILE MODIFIED,.\audit_log.txt,,NO,ad0c4429e4ebfd2d0de2f95cbbdf075cf696b5c326868e73ec0db251853f7ba4,30,LOW
2026-09-12 11:25:17,bhagy,FILE MODIFIED,.\audit_log.txt,,NO,b053f10792cb1544f46876a4b50c0bd2f3955e690ffe2a77b5aa3f0ef407bdd0,30,LOW
2026-09-12 11:25:17,bhagy,FILE MODIFIED,.\audit_log.txt,,NO,2405381882093104de1e038c08cd617d2c8dd931116478d8c89123ba3f5bc21f,30,LOW
2026-09-12 11:25:17,bhagy,FILE MODIFIED,.\audit_log.txt,,NO,4005c532e17782056d33a28761f85bf89c832b56e99c3ae962f6e80e86690eb3,30,LOW
2026-09-12 11:25:17,bhagy,FILE MODIFIED,.\audit_log.txt,,NO,ec1efd5b4c260037f91d150b16bdeefdc0f02d244e7b8c33d703d2187a85149f,30,LOW
2026-09-12 11:25:18,bhagy,FILE MODIFIED,.\audit_log.txt,,NO,8315f64b5424637172b44f816c4916dace17e41aee3e7e1551a9308094bd5478,30,LOW
2026-09-12 11:25:18,bhagy,FILE MODIFIED,.\audit_log.txt,,NO,714b4f5917a354d597abd9e2e89d137385c1906fad46b190e450e03376ffb3f8,30,LOW
2026-09-12 11:25:18,bhagy,FILE MODIFIED,.\audit_log.txt,,NO,fcce0fd9903b4ae880813e44d78270db36e0cb7fb791dd591cf2647ea7467a8c,30,LOW
2026-09-12 11:25:18,bhagy,FILE MODIFIED,.\audit_log.txt,,NO,0d1f1af9b0c918afd4d7ab06013add7ab1a7ec62cb888d44f78a587e5034f0bb,30,LOW
2026-09-12 11:25:18,bhagy,FILE MODIFIED,.\audit_log.txt,,NO,82362ba879fd30cf4c0a6eb42681870cdb8ebebe3a3320cfc9022a6b8d9e4e37,30,LOW
2026-09-12 11:25:18,bhagy,FILE MODIFIED,.\audit_log.txt,,NO,b7ac61c6196ca3c67eb5717fe48f5089b33240ccbc58a4d9df74075eb9742f28,30,LOW
2026-09-12 11:25:19,bhagy,FILE MODIFIED,.\audit_log.txt,,NO,46313a7ca63fa2c1e04a78ff0577adcb111ade00a88371441326cf3c978c7e6f,30,LOW
2026-09-12 11:25:19,bhagy,FILE MODIFIED,.\audit_log.txt,,NO,a49385785fa6221ad78e7b5140b0b716f7f41a736fd0ee3d30705a642c2f852f,30,LOW
2026-09-12 11:25:19,bhagy,FILE MODIFIED,.\audit_log.txt,,NO,5812483a671d758e901a3f8a4e2b0ddbbd16215d90fd664e8381e6be93859cf5,30,LOW
2026-09-12 11:25:19,bhagy,FILE MODIFIED,.\audit_log.txt,,NO,1a4b5850ae0bad5a7481d9351df581eb50fd0f9978c4160bb753319ce1ff89e5,30,LOW
2026-09-12 11:25:19,bhagy,FILE MODIFIED,.\audit_log.txt,,NO,fba198d04710c4ea78a42c3094d117fc71926de2df3983c52b45710bd84faaed,30,LOW
2026-09-12 11:25:19,bhagy,FILE MODIFIED,.\audit_log.txt,,NO,fe73fd44d858dc96feb7b353b70089720904f1cd86ad1c1484666b4067f32513,30,LOW
2026-09-12 11:25:19,bhagy,FILE MODIFIED,.\audit_log.txt,,NO,74ac83bdfe43e55cdafbabb177dc142d16c29ecd052b0eb28f1bac1cc9d60215,30,LOW
2026-09-12 11:25:20,bhagy,FILE MODIFIED,.\audit_log.txt,,NO,3a537e63fdb999bb52a52b30e171d5cac056b4e3e8581e7c48e1c5df761fb90f,30,LOW
2026-09-12 11:25:20,bhagy,FILE MODIFIED,.\audit_log.txt,,NO,a16d57bf7bde281b6113d5a4fabf2315501e626900076ec4a91b1942d65de5b9,30,LOW
2026-09-12 11:25:20,bhagy,FILE MODIFIED,.\audit_log.txt,,NO,03961e6a7481eda99e32f6f0be56be14d74c220037f8199394286f404e9402ac,30,LOW
2026-09-12 11:25:20,bhagy,FILE MODIFIED,.\audit_log.txt,,NO,f25bb934b8ede460b206c07c72ad3a0731554732a09796e46bf2d15093796a68,30,LOW
2026-09-12 11:25:20,bhagy,FILE MODIFIED,.\audit_log.txt,,NO,cd5bc8e9379a241275f298ced5badc5ccbfd49cad47bf18426d1aa6647e8a797,30,LOW
2026-09-12 11:25:20,bhagy,FILE MODIFIED,.\audit_log.txt,,NO,478a9c5615474d5eb9acd362a6c6456a06ee7fab3ee8c26faf9babdb641651fa,30,LOW
2026-09-12 11:25:21,bhagy,FILE MODIFIED,.\audit_log.txt,,NO,f4c0cd0338a2f8609537bedbf1baa9432dbb30d00bf8e2fa6bb8fdd994ac9356,30,LOW
2026-09-12 11:25:21,bhagy,FILE MODIFIED,.\audit_log.txt,,NO,49a0dbcedfa399fc7285b605c72d602f0c450de6276ef1a30aa692f514767ffa,30,LOW
2026-09-12 11:25:21,bhagy,FILE MODIFIED,.\audit_log.txt,,NO,613f9786cbdc05b08c5b19077f5290e86b729439e805db0b586828604ca59056,30,LOW
2026-09-12 11:25:21,bhagy,FILE MODIFIED,.\audit_log.txt,,NO,81919da0d0a7ec02bfafaadc686b8637b69da7029749442bf66d820d0ce95ee2,30,LOW
2026-09-12 11:25:21,bhagy,FILE MODIFIED,.\audit_log.txt,,NO,f6d33b7a3d4a00f401414dacdc1f71c4a9da9961401c60f96ee8d54a311b4398,30,LOW
2026-09-12 11:25:21,bhagy,FILE MODIFIED,.\audit_log.txt,,NO,c56bf6afcbff9a070c98b7533bf75632be292cd20f6d9a22fa4b9197bcae78cc,30,LOW
2026-09-12 11:25:22,bhagy,FILE MODIFIED,.\audit_log.txt,,NO,5a61427f894cf5235a7439494da3477f388e8e73d0a35b0ef80f69f74a78fb52,30,LOW
2026-09-12 11:25:22,bhagy,FILE MODIFIED,.\audit_log.txt,,NO,6349093d6a5226700a6cdedbbde80df0bbb29fe4cc1d600b670f714b7fbc395b,30,LOW
2026-09-12 11:25:22,bhagy,FILE MODIFIED,.\audit_log.txt,,NO,ff5e463db646c642574677ab3d0dc69572d54c265e98f5932d48bca688f582bb,30,LOW
2026-09-12 11:25:22,bhagy,FILE MODIFIED,.\audit_log.txt,,NO,074f2ea9de775008ac6d5210aa51a40bd1562949dd62f30d900b6f03bb9a6e3d,30,LOW
2026-09-12 11:25:22,bhagy,FILE MODIFIED,.\audit_log.txt,,NO,52474d78c7e45398a75fd171749cfc429a28b3c5ffc474378ba73aede1fc827b,30,LOW
2026-09-12 11:25:22,bhagy,FILE MODIFIED,.\audit_log.txt,,NO,2b7b47f2fcec922971605a9931a1db9ecc01878c4dea53845263f3fff16c7821,30,LOW
2026-09-12 11:25:22,bhagy,FILE MODIFIED,.\audit_log.txt,,NO,df8f07b3d0e891a7f9f2e7caea2d2f927466dc341c2be902d836042c3cec88fe,30,LOW
2026-09-12 11:25:23,bhagy,FILE MODIFIED,.\audit_log.txt,,NO,24bbdbf32c194b0b1a1fc4d935a5c9ce24c707aea8f0ef6e7d397793c384c467,30,LOW
2026-09-12 11:25:23,bhagy,FILE MODIFIED,.\audit_log.txt,,NO,7c619a122ac1759b72cb5c1905b3eda22ea5895a2a38e6ef5ec3ab5027718bf9,30,LOW
2026-09-12 11:25:23,bhagy,FILE MODIFIED,.\audit_log.txt,,NO,e24ca6469185153fd089898a501f8724a6d5b3eed068d99a7e969ae1f4f37338,30,LOW
2026-09-12 11:25:23,bhagy,FILE MODIFIED,.\audit_log.txt,,NO,b7b32a72e6afe629b80cccaefc7182ade89c3fd0415d29ff3ec2542fed2317bb,30,LOW
2026-09-12 11:25:23,bhagy,FILE MODIFIED,.\audit_log.txt,,NO,8f473e9b260ad76f7045983f3a5969a0a76cfd7f560717a220450a727413ba25,30,LOW
2026-09-12 11:25:23,bhagy,FILE MODIFIED,.\audit_log.txt,,NO,81c4798d75ae7b33bed3933a29c68f4fed75e63e599bf631fd5dc5dc5a677db0,30,LOW
2026-09-12 11:25:24,bhagy,FILE MODIFIED,.\audit_log.txt,,NO,03d7038167db5647384282763e4907c8e54af1f022b7fd37f4c828c4d80b6f93,30,LOW
2026-09-12 11:25:24,bhagy,FILE MODIFIED,.\audit_log.txt,,NO,a02f023b6e48e3604c8218f44765b2a846131c131212dd9d888319ac9054bfd8,30,LOW
2026-09-12 11:25:24,bhagy,FILE MODIFIED,.\audit_log.txt,,NO,96875efbb27d8ad13b3c1d3796496241e8f721dd190a48627ed3c400967a2373,30,LOW
2026-09-12 11:25:24,bhagy,FILE MODIFIED,.\audit_log.txt,,NO,9e0b69b520844bb466eabfc2a679cca1aeeb7611a45d7b0b51b1201a229cde5b,30,LOW
2026-09-12 11:25:24,bhagy,FILE MODIFIED,.\audit_log.txt,,NO,972cba8bbf7ac68f041229177425099a13d3b364315ffecab1b6f4242900c8f4,30,LOW
2026-09-12 11:25:24,bhagy,FILE MODIFIED,.\audit_log.txt,,NO,51f6738e7b2327e24c2ef5a763df6a29bca5f82f466e161189fbac0ff2a0d3c0,30,LOW
2026-09-12 11:25:24,bhagy,FILE MODIFIED,.\audit_log.txt,,NO,27318f01cedd1091c04680c8be4a1149cb0417080667ed9a13512029c922d4c4,30,LOW
2026-09-12 11:25:25,bhagy,FILE MODIFIED,.\audit_log.txt,,NO,d257ae5f4fdc5b3475d7297d18bb2a490b86fc2541d47f54f0dc5b2ece897c31,30,LOW
2026-09-12 11:25:25,bhagy,FILE MODIFIED,.\audit_log.txt,,NO,8276aa471e0ad70890e5018f42ca740211cc8ce3807a5d7dce23c1bc0f44b7cb,30,LOW
2026-09-12 11:25:25,bhagy,FILE MODIFIED,.\audit_log.txt,,NO,77205bc1cd127614f211f337d69c723a64ed0de15e9408093ea858ea80016546,30,LOW
2026-09-12 11:25:25,bhagy,FILE MODIFIED,.\audit_log.txt,,NO,e9b441cdd04384bf7044df31c0662abdd9e732099070f7b8fb868df8c71daee6,30,LOW
2026-09-12 11:25:25,bhagy,FILE MODIFIED,.\audit_log.txt,,NO,38a591337702a9ea7d7f38eecf31069c426bf755f6d8f816737d882e1f12ffa7,30,LOW
2026-09-12 11:25:25,bhagy,FILE MODIFIED,.\audit_log.txt,,NO,eac93dcfcbfad06e3cd65c5ef71921f982fff80fb1f175f2183cb16225ba3a32,30,LOW
2026-09-12 11:25:26,bhagy,FILE MODIFIED,.\audit_log.txt,,NO,b4d82386af3d274ddb897fab45c7c118200b2a73a35d269db9c4b2f47631de00,30,LOW
2026-09-12 11:25:26,bhagy,FILE MODIFIED,.\audit_log.txt,,NO,9dd66783a3793bebd1b9292427ae7036755f79420d51d6fd6c560c1e3351397f,30,LOW
2026-09-12 11:25:26,bhagy,FILE MODIFIED,.\audit_log.txt,,NO,756289cb3f2d1b44efef38865d2db7b36050a47456ee7fedf2fb06044a86660d,30,LOW
2026-09-12 11:25:26,bhagy,FILE MODIFIED,.\audit_log.txt,,NO,c85bcac324c728a1e668fbb6d2a9fea9ebb2845ae207a9e49f7f4e2a5e13e7c9,30,LOW
2026-09-12 11:25:26,bhagy,FILE MODIFIED,.\audit_log.txt,,NO,f275b2c887a0fcea88f7e20f3b663d1d515d2e6f64e97d6a31a2bc3d3029bd2e,30,LOW
2026-09-12 11:25:26,bhagy,FILE MODIFIED,.\audit_log.txt,,NO,9660e99e9bf5653918df9e8fbe1ab8156e125cd13234730cda055d9bc95a5914,30,LOW
2026-09-12 11:25:26,bhagy,FILE MODIFIED,.\audit_log.txt,,NO,ed55d9cbed8de005c2fbcc79888450de9c61579b61dc4ed0210c7d31cdbe5229,30,LOW
2026-09-12 11:25:27,bhagy,FILE MODIFIED,.\audit_log.txt,,NO,d4aa835f74cbd1f5862f00de373d1bb46927a09f861af34a5b98c9100754aa53,30,LOW
2026-09-12 11:25:27,bhagy,FILE MODIFIED,.\audit_log.txt,,NO,15851ac288426655b3a8d2d9464e8b4b3ff1d22c66bab5cfdeb89dc8f512bcff,30,LOW
2026-09-12 11:25:27,bhagy,FILE MODIFIED,.\audit_log.txt,,NO,a05d0efc3c5a6c42c5106499f74d7cf822b5ae1dddce5d9cc06c0d1429c20287,30,LOW
2026-09-12 11:25:27,bhagy,FILE MODIFIED,.\audit_log.txt,,NO,21fbf803e2122423d849ae8fcd286e7378bbc6b8c00ab61703e2e2cc65fd0965,30,LOW
2026-09-12 11:25:27,bhagy,FILE MODIFIED,.\audit_log.txt,,NO,07f29310f4777956bfd89445f444befe3acab42a8a8d1451a9f8a6953ffc6ad1,30,LOW
2026-09-12 11:25:27,bhagy,FILE MODIFIED,.\audit_log.txt,,NO,4fecf6b0f469ed481c9442dbe85cf149180d55b63627823fae04f3deee6ad5db,30,LOW
2026-09-12 11:25:27,bhagy,FILE MODIFIED,.\audit_log.txt,,NO,d46421f42002600b40049c72f4a4cada71d6bc275c76c88651e7b0927606e7c5,30,LOW
2026-09-12 11:25:28,bhagy,FILE MODIFIED,.\audit_log.txt,,NO,f834f6819b0ff2bfb30034e8cceca825b54047a1428a3e87beee9998f7c10a7f,30,LOW
2026-09-12 11:25:28,bhagy,FILE MODIFIED,.\audit_log.txt,,NO,df6b8c972cd4636bdcbfc8cfc6f3db64d3d3f95f60a18583be1883ea52e169a7,30,LOW
2026-09-12 11:25:28,bhagy,FILE MODIFIED,.\audit_log.txt,,NO,35df3e4c03eb2ec7dc4cad06555e985ec38821a8b17983beb8a48c2a006a2700,30,LOW
2026-09-12 11:25:28,bhagy,FILE MODIFIED,.\audit_log.txt,,NO,e58cf1cce042229a80e67da0f2528d68a46cabde70829a0f921d11caa566bb0a,30,LOW
2026-09-12 11:25:28,bhagy,FILE MODIFIED,.\audit_log.txt,,NO,c7c98ec34236e813a165c9fcafa6091665c199c2fa45cb97273a1c6d7bca72e0,30,LOW
2026-09-12 11:25:28,bhagy,FILE MODIFIED,.\audit_log.txt,,NO,7a5793d1323b02b6d81a1d692f3fa0e0919f9733ed8fad5828b15b4a5ae62a49,30,LOW
2026-09-12 11:25:29,bhagy,FILE MODIFIED,.\audit_log.txt,,NO,2da056881f6823e1c935fc205bba379901e876f09aeaddeb6805ceeb228a479d,30,LOW
2026-09-12 11:25:29,bhagy,FILE MODIFIED,.\audit_log.txt,,NO,f59bdf63e882b51e29c9d8e37e29bce592ba0e2c90d1d71666c050d97b267e8e,30,LOW
2026-09-12 11:25:29,bhagy,FILE MODIFIED,.\audit_log.txt,,NO,7db6f4bf53be85e101aded6ac49864a29b24406169a9cb1410bbc4746a78f699,30,LOW
2026-09-12 11:25:29,bhagy,FILE MODIFIED,.\audit_log.txt,,NO,5e69846bbf96b6e613c89372da552e1b02e4aa2519a805d30e56ecadcbe935a5,30,LOW
2026-09-12 11:25:29,bhagy,FILE MODIFIED,.\audit_log.txt,,NO,2e19270b9b16840933bfe1aa75871863004e01c8c5aee5307a4ae467adf274be,30,LOW
2026-09-12 11:25:29,bhagy,FILE MODIFIED,.\audit_log.txt,,NO,e0867044c120db60336f311d4af6ce3f4f273bd645f1a9fdc2fb7e3e3f578a13,30,LOW
2026-09-12 11:25:29,bhagy,FILE MODIFIED,.\audit_log.txt,,NO,9337e4ec0d608d5430d385d766d5a1160c6f464a15bffb67b1f706cba2b3fb4d,30,LOW
2026-09-12 11:25:30,bhagy,FILE MODIFIED,.\audit_log.txt,,NO,034fdfe23925906dfce17f18c2bf6efad1605d9554a0a7a27533f98739c352cb,30,LOW
2026-09-12 11:25:30,bhagy,FILE MODIFIED,.\audit_log.txt,,NO,4266b2be0191dfa3cef48258684c11b2689cd8956dc264430e552634fcbaabd6,30,LOW
2026-09-12 11:25:30,bhagy,FILE MODIFIED,.\audit_log.txt,,NO,e600ea7cd5d5dfc2a6deeeae763a0cf66c44a18da2869e678d0bb83c41d83588,30,LOW
2026-09-12 11:25:30,bhagy,FILE MODIFIED,.\audit_log.txt,,NO,c95518420ba2bbe523bb606c0062168906ae480527b9af6a632591abdd5f3b03,30,LOW
2026-09-12 11:25:30,bhagy,FILE MODIFIED,.\audit_log.txt,,NO,79cb012909824557d7161d4cf0473b7ec2b57e766b3f8192bc84d6d51f9276dd,30,LOW
2026-09-12 11:25:30,bhagy,FILE MODIFIED,.\audit_log.txt,,NO,db446930b6ab7ad68c7f7f13104428a7b733853cf29a747e4dd6dde87278d0d6,30,LOW
2026-09-12 11:25:31,bhagy,FILE MODIFIED,.\audit_log.txt,,NO,52097f216930c6e57fd4d0fdd1a474184da202aa247f0caad35d50f54852ed52,30,LOW
2026-09-12 11:25:31,bhagy,FILE MODIFIED,.\audit_log.txt,,NO,29203b5d417fc460e06ea791ae66d889ba4451eb0e7ceb56ee998d202c01887f,30,LOW
2026-09-12 11:25:31,bhagy,FILE MODIFIED,.\audit_log.txt,,NO,66f52c766f06d80c7740f47e4ca070fd0f2a94cac6c728f1c80f3f73b407b52e,30,LOW
2026-09-12 11:25:31,bhagy,FILE MODIFIED,.\audit_log.txt,,NO,4137ba092c5d1853fe84b7ac7373dedf57dd25f02082227f124af956504189f8,30,LOW
2026-09-12 11:25:31,bhagy,FILE MODIFIED,.\audit_log.txt,,NO,4abd490bd3e80aef54617081717f1e131ee6f04a945b4742d1ee9d6e8a10e4fa,30,LOW
2026-09-12 11:25:31,bhagy,FILE MODIFIED,.\audit_log.txt,,NO,1a9b821e079dcc3597033ec631cc5ede95f422d2689f3876265758dc14b8adbf,30,LOW
2026-09-12 11:25:31,bhagy,FILE MODIFIED,.\audit_log.txt,,NO,dfe90fd6e84253fb03c2533fc8af61d2ec341f61ab66f2490b92baa335e02be9,30,LOW
2026-09-12 11:25:32,bhagy,FILE MODIFIED,.\audit_log.txt,,NO,e9b9bae138911358accefca8aad06514969afef8c6b1b2652f6c2e614799cca5,30,LOW
2026-09-12 11:25:32,bhagy,FILE MODIFIED,.\audit_log.txt,,NO,a5ccf8a5da4713f8e55e135cfcfe8e32f57135e24bb5d391c26b885215e8a0f7,30,LOW
2026-09-12 11:25:32,bhagy,FILE MODIFIED,.\audit_log.txt,,NO,7c365b68050f870488e679e27af5715d476124199c94ccc5a71d5f6375457c98,30,LOW
2026-09-12 11:25:32,bhagy,FILE MODIFIED,.\audit_log.txt,,NO,20fc99cdf46c861d52675e5c09885bc3d4be6f867c4b7db7615d66f8d2fe8503,30,LOW
2026-09-12 11:25:32,bhagy,FILE MODIFIED,.\audit_log.txt,,NO,40cca6daf920ec10f035dd3e35cf9abb639b72128763687fee22cba881be9f19,30,LOW
2026-09-12 11:25:32,bhagy,FILE MODIFIED,.\audit_log.txt,,NO,c2798e1cc1f61e0efd7daf0804fba944c8f63915968d1ade3d09e92eabe97f8e,30,LOW
2026-09-12 11:25:32,bhagy,FILE MODIFIED,.\audit_log.txt,,NO,887a1c158063b9723d3f9159af8b46034bd26c8506e66449139ab0b9d70d2c19,30,LOW
2026-09-12 11:25:33,bhagy,FILE MODIFIED,.\audit_log.txt,,NO,9a872c065ae79cb85fe15f35371c5c85373a78a81c59d625238cebd7f1fddb51,30,LOW
2026-09-12 11:25:33,bhagy,FILE MODIFIED,.\audit_log.txt,,NO,3ab09d919393496e34b4044f579806b2f9088e0e1d5f20591905db21c435342c,30,LOW
2026-09-12 11:25:33,bhagy,FILE MODIFIED,.\audit_log.txt,,NO,7ca4628914d423b180e54463da27def6c07534502fa3cca5927a72e716d77bc1,30,LOW
2026-09-12 11:25:33,bhagy,FILE MODIFIED,.\audit_log.txt,,NO,a8bd32624c512da4696429832169f347d5876cbb948181c4b7acd186ea69a071,30,LOW
2026-09-12 11:25:33,bhagy,FILE MODIFIED,.\audit_log.txt,,NO,924096aac737fafedd0a5a82fb13e15c604670fdf5bcdef169b1b604e2634b55,30,LOW
2026-09-12 11:25:33,bhagy,FILE MODIFIED,.\audit_log.txt,,NO,78e7987d08b45501d09f7009570f2ad9762f23381cbd94cf22beca6ec5a4073f,30,LOW
2026-09-12 11:25:34,bhagy,FILE MODIFIED,.\audit_log.txt,,NO,32e47a299905c2b9002bbc1d0d886ea530ce72f2886427324bb0ba14acfebb24,30,LOW
2026-09-12 11:25:34,bhagy,FILE MODIFIED,.\audit_log.txt,,NO,6872905f26d9008f2f6d24d726b56aff77a3f17de88c7c2c804f72d224f1954b,30,LOW
2026-09-12 11:25:34,bhagy,FILE MODIFIED,.\audit_log.txt,,NO,87feb631a1a3a7574af1195b000fa5ca504392c2a1dbab16c9a6c1fc3229b417,30,LOW
2026-09-12 11:25:34,bhagy,FILE MODIFIED,.\audit_log.txt,,NO,2dfd67aa61f6e1582f82fa7e039a65ad127a702672bda99908c93a1f2679e384,30,LOW
2026-09-12 11:25:34,bhagy,FILE MODIFIED,.\audit_log.txt,,NO,49149d7117af63711963186240963c18215a34d141c62ca30f385a2504196627,30,LOW
2026-09-12 11:25:34,bhagy,FILE MODIFIED,.\audit_log.txt,,NO,64c3bc182291466cecbe6063cfaf85a644e5d1b79e01d90fabf58048bcdfa560,30,LOW
2026-09-12 11:25:35,bhagy,FILE MODIFIED,.\audit_log.txt,,NO,a9b9139d329b5a6be8ce698d1ffb6fe0b4e074d4e0351f57f57f1fd6d0efe405,30,LOW
2026-09-12 11:25:35,bhagy,FILE MODIFIED,.\audit_log.txt,,NO,6f55d6924e1081a85e0c3d636ea287e4752d9b5b6c4c2933b59742507dfea607,30,LOW
2026-09-12 11:25:35,bhagy,FILE MODIFIED,.\audit_log.txt,,NO,70337910b656605e73fe1efc0534bf9b4a04223bdd80dedef1d6f7e957609268,30,LOW
2026-09-12 11:25:35,bhagy,FILE MODIFIED,.\audit_log.txt,,NO,563efe9208dda7824b1fa72890bb76d71363fc239154faea61038dce25391cd8,30,LOW
2026-09-12 11:25:35,bhagy,FILE MODIFIED,.\audit_log.txt,,NO,9cfdbe427366916d736c1905d8c109e386e33051b3b8bfa5864f8fc38b156e9c,30,LOW
2026-09-12 11:25:35,bhagy,FILE MODIFIED,.\audit_log.txt,,NO,b03fcb3600cd1b4ca8e01e647f0706b0664248acf8dc9e6490ab37e7da6c277a,30,LOW
2026-09-12 11:25:35,bhagy,FILE MODIFIED,.\audit_log.txt,,NO,d2faf8b81a3907a1538bc3b05c47edb5a582f4b61457fc5accc43c3ce8b4f801,30,LOW
2026-09-12 11:25:36,bhagy,FILE MODIFIED,.\audit_log.txt,,NO,e4a3215748f73bf378d26a97244dbf4170e3a94d18be2a80dc8f7efeff987e7d,30,LOW
2026-09-12 11:25:36,bhagy,FILE MODIFIED,.\audit_log.txt,,NO,98da1f101088936e23fde4c7617cfc26cef38f00bd249ba40858fd6d6919102d,30,LOW
2026-09-12 11:25:36,bhagy,FILE MODIFIED,.\audit_log.txt,,NO,4d67fc8fb0cd7ff9a363b32a628574a82d8684cb5b57618abee232248d765670,30,LOW
2026-09-12 11:25:36,bhagy,FILE MODIFIED,.\audit_log.txt,,NO,171c67df5862ced063391cd3c6f586e6d2d1d6935783d4b161d4579799cdf23a,30,LOW
2026-09-12 11:25:36,bhagy,FILE MODIFIED,.\audit_log.txt,,NO,0ce387715ae68d24047a9d3e4656dc74567241dab7f9f857608683ec4f4d58d5,30,LOW
2026-09-12 11:25:36,bhagy,FILE MODIFIED,.\audit_log.txt,,NO,284bdc9b1f97df7c1ac1d0542314cf2c1f89e9ae53d5e868926e59c3d46ae4bc,30,LOW
2026-09-12 11:25:37,bhagy,FILE MODIFIED,.\audit_log.txt,,NO,88308b4b1d01ed0591f6025e6846ee8007083d36b8be9c593da268231b1a17c2,30,LOW
2026-09-12 11:25:37,bhagy,FILE MODIFIED,.\audit_log.txt,,NO,fc8cbf1bed425a12b34e4a4d496d6b5d00000362bd1d61675be0ac1fbdf741c2,30,LOW
2026-09-12 11:25:37,bhagy,FILE MODIFIED,.\audit_log.txt,,NO,03b78ba2b49b64d1127abc07e37902d3d4988b653ef254a1413667ea6881aca6,30,LOW
2026-09-12 11:25:37,bhagy,FILE MODIFIED,.\audit_log.txt,,NO,2273b14d872ae9e400f9aaaa2a0e19ecc8373e503386534ec6ba318d0eb2b6e8,30,LOW
2026-09-12 11:25:37,bhagy,FILE MODIFIED,.\audit_log.txt,,NO,c58138b6f6558a232fa7fb9776f26910d1516350142aa7db2b975653f101c491,30,LOW
2026-09-12 11:25:37,bhagy,FILE MODIFIED,.\audit_log.txt,,NO,4ce914c4c4b8090af147e615696deeaefa54d567de646abf16dc783ef8fb4f90,30,LOW
2026-09-12 11:25:37,bhagy,FILE MODIFIED,.\audit_log.txt,,NO,ac47cf86821aaeb36352f449d04a5316634280210da6f846d7abd08496dc1063,30,LOW
2026-09-12 11:25:38,bhagy,FILE MODIFIED,.\audit_log.txt,,NO,65c7174069b2506c156a37b09e1aaffa2792e6255b475798671d074b26d39fcf,30,LOW
2026-09-12 11:25:38,bhagy,FILE MODIFIED,.\audit_log.txt,,NO,5e572e6a37d8913df34affb191e93fe0ed420cd1aea88c1c7bd8c3196553b6e5,30,LOW
2026-09-12 11:25:38,bhagy,FILE MODIFIED,.\audit_log.txt,,NO,256c1c4ecdd1195d46d9148455eb1b9f4688eaf23221f8bf3dd286b3d2279bf2,30,LOW
2026-09-12 11:25:38,bhagy,FILE MODIFIED,.\audit_log.txt,,NO,48b64c06521e9e21fae4104c4ac9835d0b2c55df025efaf2eb1d2f349270fc30,30,LOW
2026-09-12 11:25:38,bhagy,FILE MODIFIED,.\audit_log.txt,,NO,c464896fb914d42b211e8a79bfa0f5595179f7d6d23e3d76d73db17f9fd157b1,30,LOW
2026-09-12 11:25:38,bhagy,FILE MODIFIED,.\audit_log.txt,,NO,63188300b5687796493bfdcd4fa3a5bac21ee9aeecf19341f2dbb517a60dfab8,30,LOW
2026-09-12 11:25:39,bhagy,FILE MODIFIED,.\audit_log.txt,,NO,f2c93572386612e3e6ebadf8bd0ce6fc0dca0c6acfe7421bde8b2c8e7ff8b3de,30,LOW
2026-09-12 11:25:39,bhagy,FILE MODIFIED,.\audit_log.txt,,NO,0f052fea159c7ac695eb82c47fdeacfdb56eaad29788e774b084adfbc3204e78,30,LOW
2026-09-12 11:25:39,bhagy,FILE MODIFIED,.\audit_log.txt,,NO,da0c797b9000268a3c49d62933989dcf2519e3f4e617a1263fb409abbdb83499,30,LOW
2026-09-12 11:25:39,bhagy,FILE MODIFIED,.\audit_log.txt,,NO,5e3a42a3a878f8b2e098f5dd9a313d4e22f73a08c8f23f2801519ca1023c6201,30,LOW
2026-09-12 11:25:39,bhagy,FILE MODIFIED,.\audit_log.txt,,NO,713bf104fa1e82da96cec33ba6f54f8a0e1e1b57e4f3b4b2177b78224216b412,30,LOW
2026-09-12 11:25:39,bhagy,FILE MODIFIED,.\audit_log.txt,,NO,5d248e69a821736cc2b018bb0941bbfeeddb6b24a0d9488f2edc155b89123b48,30,LOW
2026-09-12 11:25:39,bhagy,FILE MODIFIED,.\audit_log.txt,,NO,5918486208fcc996ae53590cf0c97f79180fab0acf9c00b13ddc2428015ef6fc,30,LOW
2026-09-12 11:25:40,bhagy,FILE MODIFIED,.\audit_log.txt,,NO,0996570aef2bf3c22073a5fb7ec32d0887aa402c6f3ec1bf383e468e536edf7a,30,LOW
2026-09-12 11:25:40,bhagy,FILE MODIFIED,.\audit_log.txt,,NO,33de6634ae12b3a2a7e81d17c8bfecd7a633733f9ae498a4d69f17ca811259aa,30,LOW
2026-09-12 11:25:40,bhagy,FILE MODIFIED,.\audit_log.txt,,NO,cf1a2ebceb90cb79ec60a22af0521a6d3f1ce89cfbbd2b21ebaa6f08c1eb4a14,30,LOW
2026-09-12 11:25:40,bhagy,FILE MODIFIED,.\audit_log.txt,,NO,e4b811d3d66d6c3ca0d36e554e1ab144b0d80ae4096f2fd6f356889afd8153bb,30,LOW
2026-09-12 11:25:40,bhagy,FILE MODIFIED,.\audit_log.txt,,NO,1d3e00d8597094a22b8e69638e1dcce78db3d7c63350124a2b4d3fb2a78671d4,30,LOW
2026-09-12 11:25:40,bhagy,FILE MODIFIED,.\audit_log.txt,,NO,8c70f69636fe112516275e667db3e82d830d9a75f2a71c8e667ae4d78e3c1406,30,LOW
2026-09-12 11:25:40,bhagy,FILE MODIFIED,.\audit_log.txt,,NO,5b66272c0f0443a2df52d56ceb600fedf268453e0e98c87cc6a811746de09d5c,30,LOW
2026-09-12 11:25:41,bhagy,FILE MODIFIED,.\audit_log.txt,,NO,b59df42c2b53e38e0a6038bcf009d93ef81835d0a99b3f0c116609c94e5f7bf3,30,LOW
2026-09-12 11:25:41,bhagy,FILE MODIFIED,.\audit_log.txt,,NO,3a669dab51d21a7896af960bcdcf8cb1cdd2d3d5d4872345c8f806809690d31d,30,LOW
2026-09-12 11:25:41,bhagy,FILE MODIFIED,.\audit_log.txt,,NO,390e912dfe1a7f6a6566ffe51cfd305beb9e66ca95dd97b68d9a06bb58c09a1a,30,LOW
2026-09-12 11:25:41,bhagy,FILE MODIFIED,.\audit_log.txt,,NO,c7366a33d8e6724a14f4e0bad835c23092078080dfc10563ba2f829feeb2cd62,30,LOW
2026-09-12 11:25:41,bhagy,FILE MODIFIED,.\audit_log.txt,,NO,b90f35b0a4c3fb570b9cc7b14c2b9276712109ca8875dc923803bfe664ebbb9c,30,LOW
2026-09-12 11:25:41,bhagy,FILE MODIFIED,.\audit_log.txt,,NO,7ba494d179879bcc3ba345b29cc7a88f2d1c2313be639e7a758533e8ce6ec815,30,LOW
2026-09-12 11:25:42,bhagy,FILE MODIFIED,.\audit_log.txt,,NO,37b1303d5c39e781ea6f7710132cce68ca58cad3436d0722a7d02f5ec49989db,30,LOW
2026-09-12 11:25:42,bhagy,FILE MODIFIED,.\audit_log.txt,,NO,1c35d02ccb241c3487f6a2c74fbc7b54e558c05ef32222cdba217cc230f2757e,30,LOW
2026-09-12 11:25:42,bhagy,FILE MODIFIED,.\audit_log.txt,,NO,95f9f8723cee76829b8db12e60f74639f4a7c02be649fd9418049269b70172e4,30,LOW
2026-09-12 11:25:42,bhagy,FILE MODIFIED,.\audit_log.txt,,NO,5399119c7b85a7fbf6edacbd21543993f97efc5da323984e5224e8ac4efd932b,30,LOW
2026-09-12 11:25:42,bhagy,FILE MODIFIED,.\audit_log.txt,,NO,fa698563239aed70e8d597ee8b63e603cdf444207c8cf96812b38c0fc98f4567,30,LOW
2026-09-12 11:25:42,bhagy,FILE MODIFIED,.\audit_log.txt,,NO,fd234ba03b6d6e1ce8977aa5122ac9cce5fd6f3d2376e224086ddbb0e6a947c3,30,LOW
2026-09-12 11:25:42,bhagy,FILE MODIFIED,.\audit_log.txt,,NO,35f62914e79f42045f135d49dbffdb2cd881e69d2716b79029c7bf16f6a31881,30,LOW
2026-09-12 11:25:43,bhagy,FILE MODIFIED,.\audit_log.txt,,NO,2f121d8f3e7e133c4c5ae1df5f2b3718ad273e564380e2df94e97bd28576ca3d,30,LOW
2026-09-12 11:25:43,bhagy,FILE MODIFIED,.\audit_log.txt,,NO,b04e47afc01c68c48255aecbd444aec5ccb400de1a12f9d77f88d2903155d8cd,30,LOW
2026-09-12 11:25:43,bhagy,FILE MODIFIED,.\audit_log.txt,,NO,bbedd684024fcfdd281f5ab9779169dc6470014529223cd1428d27398e3a09d7,30,LOW
2026-09-12 11:25:43,bhagy,FILE MODIFIED,.\audit_log.txt,,NO,7b4dfdcb61db8a6d925e08b08a7896deb55eead5650d1ec91a3a7b530a23b125,30,LOW
2026-09-12 11:25:43,bhagy,FILE MODIFIED,.\audit_log.txt,,NO,17392aa992b0e5f73ed56202c982805d9a04c2d7da388f8872b0d168b3ec88ac,30,LOW
2026-09-12 11:25:43,bhagy,FILE MODIFIED,.\audit_log.txt,,NO,8a65b384bd86fbe8bf1893d9f9f42e54bfb1950812aa7ff8c82e0d77c1d4eaef,30,LOW
2026-09-12 11:25:44,bhagy,FILE MODIFIED,.\audit_log.txt,,NO,a013645c755c4753e9ef78d52f5e131640154a32fac508c5eb6cccda24d330d4,30,LOW
2026-09-12 11:25:44,bhagy,FILE MODIFIED,.\audit_log.txt,,NO,66672959f173fdcca2a8b68583d0b5aeb4b5386e46f8c306ea23c8c1b74932b4,30,LOW
2026-09-12 11:25:44,bhagy,FILE MODIFIED,.\audit_log.txt,,NO,816306fb306bb7a99bdf58044b0cc57dca596010986753e7f133543b6dacc045,30,LOW
2026-09-12 11:25:44,bhagy,FILE MODIFIED,.\audit_log.txt,,NO,485fd14c5d84d0bb5c640cca372acde059dd71b57d355f3dff8807c5c091b7ef,30,LOW
2026-09-12 11:25:44,bhagy,FILE MODIFIED,.\audit_log.txt,,NO,45425a1de1b4bc9b2dd3f04b1e3311e4c87d5d8b9af6e519f91724725356b9fb,30,LOW
2026-09-12 11:25:44,bhagy,FILE MODIFIED,.\audit_log.txt,,NO,323141caa9ee2e3cd8c8aae7ab531ddb73407450283f9b5277c7987751249ed8,30,LOW
2026-09-12 11:25:45,bhagy,FILE MODIFIED,.\audit_log.txt,,NO,6aeb53db7f48819898cf94f9dd886e349664112077fa7b098a65bac03b00ad65,30,LOW
2026-09-12 11:25:45,bhagy,FILE MODIFIED,.\audit_log.txt,,NO,55d05791965d2151c14bfe76edeb86f2b711016711c8f929d8fab63eee9b1534,30,LOW
2026-09-12 11:25:45,bhagy,FILE MODIFIED,.\audit_log.txt,,NO,768a6266f487fcf97cf02bae106908bdd454544b80f240a9e27413a95e5f68b1,30,LOW
2026-09-12 11:25:45,bhagy,FILE MODIFIED,.\audit_log.txt,,NO,1d17234f3911a10d76af008719f43a4a28fc9180f481cffc703386564eb23a47,30,LOW
2026-09-12 11:25:45,bhagy,FILE MODIFIED,.\audit_log.txt,,NO,d13feafc1957bf72a9964eba48c2e40b582c33dc2d106152852894c65b13c50d,30,LOW
2026-09-12 11:25:45,bhagy,FILE MODIFIED,.\audit_log.txt,,NO,c5587805d39b8f3f6d4fde385ed50a0a9725378b593ce104438a38a14cbcef87,30,LOW
2026-09-12 11:25:45,bhagy,FILE MODIFIED,.\audit_log.txt,,NO,a12e88c781fb0b523269613506607c2a345684d5bb5e884338693b4288fe3c03,30,LOW
2026-09-12 11:25:46,bhagy,FILE MODIFIED,.\audit_log.txt,,NO,c23ae7af659c8002f147646da22db7b80f8973d74f41b6b21589974de1f24b52,30,LOW
2026-09-12 11:25:46,bhagy,FILE MODIFIED,.\audit_log.txt,,NO,57d2774f6f7247014c8eec619e2abac25f660c99a22358981b79f44ef9876661,30,LOW
2026-09-12 11:25:46,bhagy,FILE MODIFIED,.\audit_log.txt,,NO,ede4f4ac53d6799768808e333764bb54a17ce68eec0367dff4a1e441cfb2641f,30,LOW
2026-09-12 11:25:46,bhagy,FILE MODIFIED,.\audit_log.txt,,NO,857cf5bd7aba6a6744171b523fc0979349cd905a6ecf3faa4b65c10a9c550144,30,LOW
2026-09-12 11:25:46,bhagy,FILE MODIFIED,.\audit_log.txt,,NO,0b386749dce0ceb5312dca5a7d77473366e900c86d15d3cdbe6024e29b2b586c,30,LOW
2026-09-12 11:25:46,bhagy,FILE MODIFIED,.\audit_log.txt,,NO,f75a7c89ec6b6b6560f97f5e85126708824af257ad8f4818d171b0b2d3114441,30,LOW
2026-09-12 11:25:47,bhagy,FILE MODIFIED,.\audit_log.txt,,NO,8e98419b8283aa7f8b354312cc4360da0f5ebb4d560da704253ac22690a2e99a,30,LOW
2026-09-12 11:25:47,bhagy,FILE MODIFIED,.\audit_log.txt,,NO,4912a8ac9c9407c234a96f4f83c2ab409ff3bfc5f7f93c4c035c4cced4014492,30,LOW
2026-09-12 11:25:47,bhagy,FILE MODIFIED,.\audit_log.txt,,NO,79a3bf9b5e79d79a7b96709a94435c25850b8387e09c16f96295f953751bd919,30,LOW
2026-09-12 11:25:47,bhagy,FILE MODIFIED,.\audit_log.txt,,NO,257e4f01fe061656d01e16f3f027dad3cbf4d22fcf8745c9596f765b677a7b7a,30,LOW
2026-09-12 11:25:47,bhagy,FILE MODIFIED,.\audit_log.txt,,NO,8bd27a7799c9ab0e755f8010abc423d0ea9b3d557f35ffac80ceabb85b6c38f9,30,LOW
2026-09-12 11:25:47,bhagy,FILE MODIFIED,.\audit_log.txt,,NO,c4d9a87fb8c006b7d717cccb3d0f4218a13f1df8112cba319125ee15311a27f2,30,LOW
2026-09-12 11:25:48,bhagy,FILE MODIFIED,.\audit_log.txt,,NO,c22e052f6b742a9917d8f7a9ebb186a9fbbd390a073c8a3b409db05346b22151,30,LOW
2026-09-12 11:25:48,bhagy,FILE MODIFIED,.\audit_log.txt,,NO,370f39b28407aa944d334b5d2f36255ca845ea95b9188c2c2a2736371acfbaa6,30,LOW
2026-09-12 11:25:48,bhagy,FILE MODIFIED,.\audit_log.txt,,NO,01765ccaf627d72b717d9c601cc84371a0286db76389ee2aed2cb750d789f6b9,30,LOW
2026-09-12 11:25:48,bhagy,FILE MODIFIED,.\audit_log.txt,,NO,8e275676b0c49831d620babe90e705f985e8b1fe0ca365447112bd11be8b2107,30,LOW
2026-09-12 11:25:48,bhagy,FILE MODIFIED,.\audit_log.txt,,NO,2e84ce1cfe4bcf49dea3621078c203bd682cb1b2a4997c97c83a8c98a3155cf6,30,LOW
2026-09-12 11:25:48,bhagy,FILE MODIFIED,.\audit_log.txt,,NO,1db7839e21e1c43faa70e74948002344b3d10280019454ad26bb445cb3920103,30,LOW
2026-09-12 11:25:49,bhagy,FILE MODIFIED,.\audit_log.txt,,NO,05b33028c384ded89597128856b6fcc88910e7ffea505aa6b8fe24f1947dc094,30,LOW
2026-09-12 11:25:49,bhagy,FILE MODIFIED,.\audit_log.txt,,NO,52cc22d3c3b8b5371672d0b592a095b935eefd2e2cdddf763625783dcff24af8,30,LOW
2026-09-12 11:25:49,bhagy,FILE MODIFIED,.\audit_log.txt,,NO,73be107f55b3057964154d6e9d1284fcf1993c21a4f5fd2e985efedfddd3aba4,30,LOW
2026-09-12 11:25:49,bhagy,FILE MODIFIED,.\audit_log.txt,,NO,682f40dbfb3d58170e4f0c7a2fbc75c87d97e8dcda543da87f462e855f373b7f,30,LOW
2026-09-12 11:25:49,bhagy,FILE MODIFIED,.\audit_log.txt,,NO,5748fa7752bc9fae44fc064606aaf07db06596e98ca16dd6f4ba2548ba82f56f,30,LOW
2026-09-12 11:25:49,bhagy,FILE MODIFIED,.\audit_log.txt,,NO,6b08ab73649b4cbfe9fe2314608b1dfd9f8f8e0e89d9548d499802c7905adacc,30,LOW
2026-09-12 11:25:50,bhagy,FILE MODIFIED,.\audit_log.txt,,NO,5e2b10b7ca996bac61bbdd5a5d652f7712c8a757193836b9af86a7fa26c09a2f,30,LOW
2026-09-12 11:25:50,bhagy,FILE MODIFIED,.\audit_log.txt,,NO,8e2b41eee864e99fde53d42d38deb631817fb5c455ce50ca833b22331d04a6f4,30,LOW
2026-09-12 11:25:50,bhagy,FILE MODIFIED,.\audit_log.txt,,NO,de43c9a7a111ba7338749721821d699bd8ef13099cea69d89f6bc096cd0bdbd9,30,LOW
2026-09-12 11:25:50,bhagy,FILE MODIFIED,.\audit_log.txt,,NO,4521e995d6a4c4d0946a178b6129e7418776ec295d02defcba05410efe4fada6,30,LOW
2026-09-12 11:25:50,bhagy,FILE MODIFIED,.\audit_log.txt,,NO,e07210b1f168d3c7344d80b4c4e15106c2fb58998f8683053b58a51d6fec9d93,30,LOW
2026-09-12 11:25:50,bhagy,FILE MODIFIED,.\audit_log.txt,,NO,caad547b23ea7437b525d28bdea3744dff0417eb62217586912541fb7283e55f,30,LOW
2026-09-12 11:25:50,bhagy,FILE MODIFIED,.\audit_log.txt,,NO,9ef6165521bab254fabec859f498f05ec148643680b0bbe12a3e8a7367b3a075,30,LOW
2026-09-12 11:25:51,bhagy,FILE MODIFIED,.\audit_log.txt,,NO,7cf499dd3fb96bc42498c22804e4eec122a9d3f6f1e6a97b3f8fd23624328607,30,LOW
2026-09-12 11:25:51,bhagy,FILE MODIFIED,.\audit_log.txt,,NO,f281fe1c5cae967da24ff38522b236162d6de8f98d9a8894f644b4c38e935994,30,LOW
2026-09-12 11:25:51,bhagy,FILE MODIFIED,.\audit_log.txt,,NO,ec53e650af35f72fa48e2066603c35f9767211d12ca5679ac5c946989732d565,30,LOW
2026-09-12 11:25:51,bhagy,FILE MODIFIED,.\audit_log.txt,,NO,d3785266b427fe5a6931a24d22f208699749d33bf52c6cc017a459ebae264e82,30,LOW
2026-09-12 11:25:51,bhagy,FILE MODIFIED,.\audit_log.txt,,NO,76c7fb71cf7acbfff54eb148a713d3b318c8c5680f8c43d898c24a8eb1bf48b4,30,LOW
2026-09-12 11:25:51,bhagy,FILE MODIFIED,.\audit_log.txt,,NO,27ad7a828629aa74e3f2883f0f162b381fb826c5f54625c34c88f4abd87757c9,30,LOW
2026-09-12 11:25:51,bhagy,FILE MODIFIED,.\audit_log.txt,,NO,bc3c41dc75573c9f434e5c91f0e96ee08f37cd7d4eaa135a7054c59a604bbca5,30,LOW
2026-09-12 11:25:52,bhagy,FILE MODIFIED,.\audit_log.txt,,NO,1e3a66b828557e16a33f2f29ff5da76078c9b8710cb457ff13f2db50ba54d819,30,LOW
2026-09-12 11:25:52,bhagy,FILE MODIFIED,.\audit_log.txt,,NO,0b34a434c8d9950ad3358f21880ecafc3e75239c806057793b01e2ef9e2138bc,30,LOW
2026-09-12 11:25:52,bhagy,FILE MODIFIED,.\audit_log.txt,,NO,de25b1bb07dc894553e5d3b17d49efe60a3e8385bcb9526285711c0564a44122,30,LOW
2026-09-12 11:25:52,bhagy,FILE MODIFIED,.\audit_log.txt,,NO,6ef48e87328124b2da457ff52bf964ae7ffdff263900d5d4ee369395f9e00203,30,LOW
2026-09-12 11:25:52,bhagy,FILE MODIFIED,.\audit_log.txt,,NO,04416276da33ba1770722eab6a2f920671c498cb143bf0fc5a569f61b0b313fa,30,LOW
2026-09-12 11:25:52,bhagy,FILE MODIFIED,.\audit_log.txt,,NO,a22ff11265496430b1fc30ebd0a6f58066c8f23b8cbc3e80d172b60e074f6846,30,LOW
2026-09-12 11:25:53,bhagy,FILE MODIFIED,.\audit_log.txt,,NO,a9485f392ae7acb532b5c153d16aeb4a897b7fdb48fbaecd4f093bcb8565d197,30,LOW
2026-09-12 11:25:53,bhagy,FILE MODIFIED,.\audit_log.txt,,NO,2a8e4ccb73b472e4fa7d9e268cab61dfb6df610109bd58b77c95bef4985d32ce,30,LOW
2026-09-12 11:25:53,bhagy,FILE MODIFIED,.\audit_log.txt,,NO,2269fb23cb825c4bc2d54cf6f101d9d796a65ea84717f067222d5022b6ec0205,30,LOW
2026-09-12 11:25:53,bhagy,FILE MODIFIED,.\audit_log.txt,,NO,cd806ccbbe229ee5299956f2fcec9f90d911d3a2bb5b3c89e129cb85c831aa16,30,LOW
2026-09-12 11:25:53,bhagy,FILE MODIFIED,.\audit_log.txt,,NO,395302667464f4a38677935ff039646c1343a1e0490dab08a3fc0095dee80267,30,LOW
2026-09-12 11:25:53,bhagy,FILE MODIFIED,.\audit_log.txt,,NO,0cd8a95719bf7d76588095ffc2f019689a5d01704194f64e7cdf3e000bfa9418,30,LOW
2026-09-12 11:25:54,bhagy,FILE MODIFIED,.\audit_log.txt,,NO,c20a5b79ea56fbe56eca4bc22e13c3ce36327819f059f547653ce1690628d6b2,30,LOW
2026-09-12 11:25:54,bhagy,FILE MODIFIED,.\audit_log.txt,,NO,4579f214fb6bbe80d934308ea20240d50a88f21c860fedfd1fc97978363cbc97,30,LOW
2026-09-12 11:25:54,bhagy,FILE MODIFIED,.\audit_log.txt,,NO,6ee31f8016db35c07adabadd8a98c39bd775335e3c1187503adc0ee6bed02a92,30,LOW
2026-09-12 11:25:54,bhagy,FILE MODIFIED,.\audit_log.txt,,NO,2cbf78ff85cabecfefa326cf4ec93af8ed1bd1bed4613d0d628ad52019f9bc89,30,LOW
2026-09-12 11:25:54,bhagy,FILE MODIFIED,.\audit_log.txt,,NO,38764b2b65240ebc77875970884dea4658f90248e9388f140ed12ea6edc0380e,30,LOW
2026-09-12 11:25:54,bhagy,FILE MODIFIED,.\audit_log.txt,,NO,bec17b42a10e2fb85c41ef7c839fcf949f03602575a32997f310b641aba9e997,30,LOW
2026-09-12 11:25:55,bhagy,FILE MODIFIED,.\audit_log.txt,,NO,28958c8da618b847d8eaaf88a875a1ef25e979a8b58ed30188cfbe8369afb41b,30,LOW
2026-09-12 11:25:55,bhagy,FILE MODIFIED,.\audit_log.txt,,NO,305c5f68e6714effa3c8503576a59630e822a2255000cb0fbad79fe46931fea1,30,LOW
2026-09-12 11:25:55,bhagy,FILE MODIFIED,.\audit_log.txt,,NO,d862adba4528aec58a122ffec93b98059147e81a117d78a0359b91bf3be7dbc5,30,LOW
2026-09-12 11:25:55,bhagy,FILE MODIFIED,.\audit_log.txt,,NO,533afd3f9ebcaba78488b4ff6692a1663b7fc3228a7ed55c3674653aa316e4c6,30,LOW
2026-09-12 11:25:55,bhagy,FILE MODIFIED,.\audit_log.txt,,NO,d42aa4665d1f5dfb336a17d82a770f42fc804d860b3580b2e3fab223bb7c59f1,30,LOW
2026-09-12 11:25:55,bhagy,FILE MODIFIED,.\audit_log.txt,,NO,49e6e77460b671a2e920e2d654f42104cd45ecde75c953c3d0fbbb3322e15a42,30,LOW
2026-09-12 11:25:55,bhagy,FILE MODIFIED,.\audit_log.txt,,NO,beebd03e9bec43fc0b452b7612a89e3f35af29abf3100ed23db86f49f476c64a,30,LOW
2026-09-12 11:25:56,bhagy,FILE MODIFIED,.\audit_log.txt,,NO,106e6834aeda7a41a7f63b8f5333ee04b3b55ec9ee2fd6e06c6c622611eca118,30,LOW
2026-09-12 11:25:56,bhagy,FILE MODIFIED,.\audit_log.txt,,NO,dbfd5b08a85b548195bc8eefc36ea816d3467d51836ad62bb07629b8be01a67e,30,LOW
2026-09-12 11:25:56,bhagy,FILE MODIFIED,.\audit_log.txt,,NO,432336e9573eddb9d6888f1544e2971d993d41fb1453dc41e51976be37af70bb,30,LOW
2026-09-12 11:25:56,bhagy,FILE MODIFIED,.\audit_log.txt,,NO,db6d29fa2d6348110d79d665bdfbe68ed434396f6a7b330c71eae63262bcb65e,30,LOW
2026-09-12 11:25:56,bhagy,FILE MODIFIED,.\audit_log.txt,,NO,ca98691f6956119912fbe4b558b7e1844095cc3b548953d51e373d3490d55990,30,LOW
2026-09-12 11:25:56,bhagy,FILE MODIFIED,.\audit_log.txt,,NO,a018776ec9d080120e2863ccac1e0595e547740dc43f0d6eee5e802008860f8a,30,LOW
2026-09-12 11:25:56,bhagy,FILE MODIFIED,.\audit_log.txt,,NO,df8795238e508c86a90997ca4c67388504db6316137fcb623cf04bf532428eb2,30,LOW
2026-09-12 11:25:57,bhagy,FILE MODIFIED,.\audit_log.txt,,NO,619309c470aee9a92a96a62577cb96fba17d86297dfa9327bb3fbcfe11c25c9a,30,LOW
2026-09-12 11:25:57,bhagy,FILE MODIFIED,.\audit_log.txt,,NO,36c0a6d13c1aea6bc7a66f78525992abff92cf713bb33738ae8e2b80d9e8f35a,30,LOW
2026-09-12 11:25:57,bhagy,FILE MODIFIED,.\audit_log.txt,,NO,73dbe9baa5dd5e26fb38db940bb776283fd40dba5f07a9536b6b3eccc97a3725,30,LOW
2026-09-12 11:25:57,bhagy,FILE MODIFIED,.\audit_log.txt,,NO,fc025368d628b4529aa4b01f779abd9b4f2622bce9ad03d9f36f3d6cbabc46b4,30,LOW
2026-09-12 11:25:57,bhagy,FILE MODIFIED,.\audit_log.txt,,NO,aeba4fe1fb7622ea864d13d0c05ae8dfd579f108843726941fd9a2abab3ff2fb,30,LOW
2026-09-12 11:25:58,bhagy,FILE MODIFIED,.\audit_log.txt,,NO,adcaf6863e724fbf2c3d831d19af16716c8432e1fc0297b813e3215cadabb7f4,30,LOW
2026-09-12 11:25:58,bhagy,FILE MODIFIED,.\audit_log.txt,,NO,01255621005a6e131860b0d3a34e673c6ba423270f2a52a0b4776d1719c329de,30,LOW
2026-09-12 11:25:58,bhagy,FILE MODIFIED,.\audit_log.txt,,NO,99cf8090bbf8e8593140f686d6ca9721dc81f80c2a7b8bcd1d285f8ef8ffe18a,30,LOW
2026-09-12 11:25:58,bhagy,FILE MODIFIED,.\audit_log.txt,,NO,c638fee1ff196e7a1d55069f51ede81c8b96198aeb66b87cfa99e9e47c9997bc,30,LOW
2026-09-12 11:25:58,bhagy,FILE MODIFIED,.\audit_log.txt,,NO,8510cffa1842e4e8606495e234f8ea4772763d1eb32de1967cbf7224aae1d4e3,30,LOW
2026-09-12 11:25:58,bhagy,FILE MODIFIED,.\audit_log.txt,,NO,ab1b37b7c72cde484fcd9a627e70ac407fb14f54a6b4b1447c48a98f5c482f20,30,LOW
2026-09-12 11:25:58,bhagy,FILE MODIFIED,.\audit_log.txt,,NO,4b1cf5d8ce699986509c3372daf86f54fe8a8d094edacedc9f964aba35032090,30,LOW
2026-09-12 11:25:59,bhagy,FILE MODIFIED,.\audit_log.txt,,NO,e7b4abec9b811823e734355ec144fc7f5ce2955f46cfe62b929f256f80f6ffea,30,LOW
2026-09-12 11:25:59,bhagy,FILE MODIFIED,.\audit_log.txt,,NO,15a1c2642d2b7bd09cfc8a39feeb3af33c76043de146a7834fbb581a5f58b25f,30,LOW
2026-09-12 11:25:59,bhagy,FILE MODIFIED,.\audit_log.txt,,NO,98524b9df4c0adb2cf70e86f574666884c9fdeed371fefdccddaeb5f37e868db,30,LOW
2026-09-12 11:25:59,bhagy,FILE MODIFIED,.\audit_log.txt,,NO,2d653f95b9a78391e2f6f31a25db88ca87bcba54f8daad935b840fba4aca4831,30,LOW
2026-09-12 11:25:59,bhagy,FILE MODIFIED,.\audit_log.txt,,NO,819251e6cac872edb2691e04c5b96cbf138db9ff94df8d0b3ae5c41de624ccea,30,LOW
2026-09-12 11:25:59,bhagy,FILE MODIFIED,.\audit_log.txt,,NO,381a04834dfddfe81cbf9c764784ce85882b4c7192852d8a7f872f8bf072d3c4,30,LOW
2026-09-12 11:26:00,bhagy,FILE MODIFIED,.\audit_log.txt,,NO,695018f4e316e61c3233a2d900e688197ce6b16ac76c8459c753dd388478a928,30,LOW
2026-09-12 11:26:00,bhagy,FILE MODIFIED,.\audit_log.txt,,NO,858a08da492589d43b013826be92eda8d147e464018d3f0e71157b95f13f09e1,30,LOW
2026-09-12 11:26:00,bhagy,FILE MODIFIED,.\audit_log.txt,,NO,35df379cb1ab6447f7b7079c2c6b3272461b4d7c08ba6631b99c36aa81c69a96,30,LOW
2026-09-12 11:26:00,bhagy,FILE MODIFIED,.\audit_log.txt,,NO,77ce193577c136cad0ce68a126de4815e7463bb4dbd760a52f3d0f1e7c8548b3,30,LOW
2026-09-12 11:26:00,bhagy,FILE MODIFIED,.\audit_log.txt,,NO,fb1d2fe2a6477535113f413b2114a3de5aa7a730228af9a601ad311c5980222e,30,LOW
2026-09-12 11:26:00,bhagy,FILE MODIFIED,.\audit_log.txt,,NO,1f95f06625ffac24fdaa0f9c9d8159ce3c837688a3117238370d83335541d513,30,LOW
2026-09-12 11:26:01,bhagy,FILE MODIFIED,.\audit_log.txt,,NO,440b5f9c95d6ee2df280650c0966e06268902ae09117ffa3a54428f8073b216e,30,LOW
2026-09-12 11:26:01,bhagy,FILE MODIFIED,.\audit_log.txt,,NO,20544e1c7d32d9d701973956b725b67f7d09fe145eb8e90ca9e1c529166cdc5a,30,LOW
2026-09-12 11:26:01,bhagy,FILE MODIFIED,.\audit_log.txt,,NO,320c9283e29e87629dbdcba30c05cddb8845fcea139270888dbd04f86f0772ab,30,LOW
2026-09-12 11:26:01,bhagy,FILE MODIFIED,.\audit_log.txt,,NO,adc142edcf27858bee2ae74fc1ea9e3031f37a7b4290ab97f46a196f5720f366,30,LOW
2026-09-12 11:26:01,bhagy,FILE MODIFIED,.\audit_log.txt,,NO,7dbc2081852744e5293cbd9d950720a2ca4e2c11cbc6d7ef98fadb704b91e9e0,30,LOW
2026-09-12 11:26:01,bhagy,FILE MODIFIED,.\audit_log.txt,,NO,e74c6df9c1b381b3bbbaf25e01d894b15b186303db22da9cad8750f9571027d1,30,LOW
2026-09-12 11:26:01,bhagy,FILE MODIFIED,.\audit_log.txt,,NO,a1b78d45173ceac75fa0c949b17c1640514a7ec33ebfbc309d988b595529eb29,30,LOW
2026-09-12 11:26:02,bhagy,FILE MODIFIED,.\audit_log.txt,,NO,f18678c5a0836967a81a2648d5b3f514b5198dc5eefd7f4f8e043910d6141117,30,LOW
2026-09-12 11:26:02,bhagy,FILE MODIFIED,.\audit_log.txt,,NO,ff1d2f10d2c537fb8fd5c4bc2a75304d3cd8cc437a3be5eb61d3d9fead8b2506,30,LOW
2026-09-12 11:26:02,bhagy,FILE MODIFIED,.\audit_log.txt,,NO,bcb7c4d9d8668c6a5a72f9b18747e335748d46d5f28a57c311ad5e52bd250d0c,30,LOW
2026-09-12 11:26:02,bhagy,FILE MODIFIED,.\audit_log.txt,,NO,6dc6f493c8169d9920c1120291a2c4dc47e93e4a3821b3f40bdd2ea973a47634,30,LOW
2026-09-12 11:26:02,bhagy,FILE MODIFIED,.\audit_log.txt,,NO,8963a77eb74db99aa353bc50ff4770c547a4566e65a9aaaa9e2563fef3ebf696,30,LOW
2026-09-12 11:26:02,bhagy,FILE MODIFIED,.\audit_log.txt,,NO,210af9d6005a8d3a12560286a5eb360330d46c3a3e57955ed1c69d512033d51f,30,LOW
2026-09-12 11:26:03,bhagy,FILE MODIFIED,.\audit_log.txt,,NO,54d109c463297ae6c3fc5bc69c8250bc841e080b5eeb4d11a9478b7a1faeeca6,30,LOW
2026-09-12 11:26:03,bhagy,FILE MODIFIED,.\audit_log.txt,,NO,4b5c192a30e53984f50c9631d1e3c214bff7185307a0d2bc5d7af52c3986b51e,30,LOW
2026-09-12 11:26:03,bhagy,FILE MODIFIED,.\audit_log.txt,,NO,57b3f26601641c2692a4da24b958287abdd12f35665111a04b2780b2156c2476,30,LOW
2026-09-12 11:26:03,bhagy,FILE MODIFIED,.\audit_log.txt,,NO,8cc4e48a439b21574ace969a922046eefe161967c8696073c106872cd4514396,30,LOW
2026-09-12 11:26:03,bhagy,FILE MODIFIED,.\audit_log.txt,,NO,6cab4ae4e2ec77d261064156c761331275148a14a62ab6c514831efea7470dec,30,LOW
2026-09-12 11:26:03,bhagy,FILE MODIFIED,.\audit_log.txt,,NO,4461a5e139f6761b199cb8dfb66190a33e59d6b163531f2ba1f6adadb245254d,30,LOW
2026-09-12 11:26:03,bhagy,FILE MODIFIED,.\audit_log.txt,,NO,21af053da1e6b6dcfd30819b186e0cdf334b9410655b1858c677d8b2ee4c6afb,30,LOW
2026-09-12 11:26:04,bhagy,FILE MODIFIED,.\audit_log.txt,,NO,e77df77923409d6db9258e804ce800b61629fde9ea851e4efe443528a48205d3,30,LOW
2026-09-12 11:26:04,bhagy,FILE MODIFIED,.\audit_log.txt,,NO,ef6fe898e6a3b6d52f062c6b27458b2edb6ab658bddc01ed461f500f8d23590d,30,LOW
2026-09-12 11:26:04,bhagy,FILE MODIFIED,.\audit_log.txt,,NO,89e3d37aa2f8ab4465dc90a763e0b11c9ae42e407d1ee3ee896b64097886a0bd,30,LOW
2026-09-12 11:26:04,bhagy,FILE MODIFIED,.\audit_log.txt,,NO,45f44ebaefdc26cc31f49f0d99468f4eaff83c0925e01178153f38573385a27d,30,LOW
2026-09-12 11:26:04,bhagy,FILE MODIFIED,.\audit_log.txt,,NO,b4303c1a28b287fcb5635a690c304bfb40a21735996d87656803737f2afd3e92,30,LOW
2026-09-12 11:26:04,bhagy,FILE MODIFIED,.\audit_log.txt,,NO,0b33bb0c1355156163a32f40bc3aefc3e8332d4fc499ea003ab15a07765116a1,30,LOW
2026-09-12 11:26:04,bhagy,FILE MODIFIED,.\audit_log.txt,,NO,55f92196bee0d1b91f1182e1453b07af46536c50a159e7ba8a5335fe0baa8724,30,LOW
2026-09-12 11:26:05,bhagy,FILE MODIFIED,.\audit_log.txt,,NO,bc28674ccd2b0c4aca07b5026285243d92fce203484af10253b5c2d4307b270f,30,LOW
2026-09-12 11:26:05,bhagy,FILE MODIFIED,.\audit_log.txt,,NO,5e310904768c3e2174b87d156be3e3a7b58e7a8cdbc77bda704503539e846912,30,LOW
2026-09-12 11:26:05,bhagy,FILE MODIFIED,.\audit_log.txt,,NO,d10e754a082b221a77fdf89ae70b58b6809196999b8e09603a889c0d2fdf7d0f,30,LOW
2026-09-12 11:26:05,bhagy,FILE MODIFIED,.\audit_log.txt,,NO,41eafabcee3169e17df9551587cbb1d3482fd4db02caa6c323e7f09adfd8c6c2,30,LOW
2026-09-12 11:26:05,bhagy,FILE MODIFIED,.\audit_log.txt,,NO,f8574d0cbc2f4407b2d8d4f7fcc0e63917cc2258cf7a1aea5568c4388a942664,30,LOW
2026-09-12 11:26:05,bhagy,FILE MODIFIED,.\audit_log.txt,,NO,ae2d3865149dccddf69adf6531521c3736209a1af1dc4fff8ff386e7f4efa37e,30,LOW
2026-09-12 11:26:06,bhagy,FILE MODIFIED,.\audit_log.txt,,NO,fa7932b61f259f449eac3a832d492ab9eb3cf057c8404296247c37affcc0ff07,30,LOW
2026-09-12 11:26:06,bhagy,FILE MODIFIED,.\audit_log.txt,,NO,79315a0d11f359f5fe13abfe93c2b9de1371bd3ddb2f6e3167b996c22683498c,30,LOW
2026-09-12 11:26:06,bhagy,FILE MODIFIED,.\audit_log.txt,,NO,75eaacbce89f2699fbbe36ed5230f5e7f7e77bfa71d3d559db7426202b954bcf,30,LOW
2026-09-12 11:26:06,bhagy,FILE MODIFIED,.\audit_log.txt,,NO,7703c509ef534660cca50fa2a6f5180c64fb0f968c14d773c7ce345dd68c1ab3,30,LOW
2026-09-12 11:26:06,bhagy,FILE MODIFIED,.\audit_log.txt,,NO,330b44eaff7808bd30efbde8e930e55b0c231ebdf953ca5bf078943f5f99b696,30,LOW
2026-09-12 11:26:06,bhagy,FILE MODIFIED,.\audit_log.txt,,NO,5df558b25d525346335f6b73c81da6ca08b7bdcdff5a61ff34a49aa9dbfc32f4,30,LOW
2026-09-12 11:26:06,bhagy,FILE MODIFIED,.\audit_log.txt,,NO,3ae9ba0a3d791c34a69f8eac2c2b2ba9536234d26a8b63c838466224f707b072,30,LOW
2026-09-12 11:26:07,bhagy,FILE MODIFIED,.\audit_log.txt,,NO,624910d4d4dfa6975531dd180d109b4f48073924bb9561ee67eaa57084aeb0eb,30,LOW
2026-09-12 11:26:07,bhagy,FILE MODIFIED,.\audit_log.txt,,NO,ce3125388cbe55340dbe10fc53ebeab38ae8bdd8dba9b569174c2cdddc50ba96,30,LOW
2026-09-12 11:26:07,bhagy,FILE MODIFIED,.\audit_log.txt,,NO,72b58ce802bf011cd95f9d767c71686f6ce5fe796692a7969885b479e720e03a,30,LOW
2026-09-12 11:26:07,bhagy,FILE MODIFIED,.\audit_log.txt,,NO,dcc50eb9a765b60fdc2cfb8aab4aac6ced7459595ec76444202f314087133b99,30,LOW
2026-09-12 11:26:07,bhagy,FILE MODIFIED,.\audit_log.txt,,NO,8cf106b3c0ead48973962e0e0a3ebd2953a0a60f2f3b46476c524742da3f89b9,30,LOW
2026-09-12 11:26:07,bhagy,FILE MODIFIED,.\audit_log.txt,,NO,05afd5920d87d761332746a65776720f1b9189ff6e2827acb31d0ad41040ee60,30,LOW
2026-09-12 11:26:07,bhagy,FILE MODIFIED,.\audit_log.txt,,NO,3f9f72fdc9cd0ab3a79045a97c4f9a52e1a8af842ad625ae568f142292f66f43,30,LOW
2026-09-12 11:26:08,bhagy,FILE MODIFIED,.\audit_log.txt,,NO,83976555f334f2a5ddb33cb9a75f9eb2047ca784d2efc05795c19e1da6fc2f39,30,LOW
2026-09-12 11:26:08,bhagy,FILE MODIFIED,.\audit_log.txt,,NO,e3f42196614e78670f0ff923654e1f9f8cb6a3de62869d07217daa64c481ddc9,30,LOW
2026-09-12 11:26:08,bhagy,FILE MODIFIED,.\audit_log.txt,,NO,58de41bf3cf44da31b3cd503bdd6b5523ff4582d9a1d2cbeba4be24e9ba20960,30,LOW
2026-09-12 11:26:08,bhagy,FILE MODIFIED,.\audit_log.txt,,NO,49a5a353c0b7ab6a2a83931b93c7f02b55cb91d17be7f168a972e54b5e91a60a,30,LOW
2026-09-12 11:26:08,bhagy,FILE MODIFIED,.\audit_log.txt,,NO,a3ae5933009874fa3ff6659773bb6974422f64250ef74aa733bed3ef7f5aac5a,30,LOW
2026-09-12 11:26:08,bhagy,FILE MODIFIED,.\audit_log.txt,,NO,7dbb29855b2f44302c41cf43a8ab335bf39fbf4b0663dc52902655d4b24b2a5f,30,LOW
2026-09-12 11:26:09,bhagy,FILE MODIFIED,.\audit_log.txt,,NO,fef3f96a16c8678b37f7aed5a685728a4edf522554c051d4c258d05dd8d65fc0,30,LOW
2026-09-12 11:26:09,bhagy,FILE MODIFIED,.\audit_log.txt,,NO,cdbd7fc89f677cbe35dd2c09f51d7f3aa65e9b2b6b6c7e7ce0031d2de12569aa,30,LOW
2026-09-12 11:26:09,bhagy,FILE MODIFIED,.\audit_log.txt,,NO,7ba6be3ac0fc29d7760eb80be75c02d093b4241750c57f2069f8753f7a251f6b,30,LOW
2026-09-12 11:26:09,bhagy,FILE MODIFIED,.\audit_log.txt,,NO,b5c65be54d9698a1c409fbd7e357136abaac0909240589d80d33a7f69c976e08,30,LOW
2026-09-12 11:26:09,bhagy,FILE MODIFIED,.\audit_log.txt,,NO,6589aaaaa9331f4aac2ccd02587ff21282bead9b14bd8f4d87f698e5d1366874,30,LOW
2026-09-12 11:26:09,bhagy,FILE MODIFIED,.\audit_log.txt,,NO,b773ce9e338331b1fa9de6499b05de00a1ee2314e25f69af6e2424b34fbffd49,30,LOW
2026-09-12 11:26:09,bhagy,FILE MODIFIED,.\audit_log.txt,,NO,71cea71c6e93d3c91e22719a063f5890dce01a9ef0adbb7422b7c90bd85ef1b5,30,LOW
2026-09-12 11:26:10,bhagy,FILE MODIFIED,.\audit_log.txt,,NO,b3868d2e8909c4d96d5182ea4cfa34ae810c50121d0336d5a65991915440f3bb,30,LOW
2026-09-12 11:26:10,bhagy,FILE MODIFIED,.\audit_log.txt,,NO,b130ba4140890e8ee6d3f2c42fcf4748bb98b8ff37e23ebaf42227f66bc6784e,30,LOW
2026-09-12 11:26:10,bhagy,FILE MODIFIED,.\audit_log.txt,,NO,ed89a5e8fad55a0f5f1374de093d5a5823baae3582bef7f0dfba87ea6b5e41a0,30,LOW
2026-09-12 11:26:10,bhagy,FILE MODIFIED,.\audit_log.txt,,NO,0c44de2dbbb65e86b04bc340e6c1a7e7d6b81d8135e56ac7648eb45779f6f2e6,30,LOW
2026-09-12 11:26:10,bhagy,FILE MODIFIED,.\audit_log.txt,,NO,099cceb9544290c2ba045b33864d4546191f05d3b1a4b0e04c37a427d814f1b9,30,LOW
2026-09-12 11:26:10,bhagy,FILE MODIFIED,.\audit_log.txt,,NO,9e0c0a2452c45b6719737c241762056bee52855603cd6ad76954810ff3bd0489,30,LOW
2026-09-12 11:26:11,bhagy,FILE MODIFIED,.\audit_log.txt,,NO,0afb93db4b04addcbb99a6fb64ea1b5d8115f2def792e36b3985e82b29e36c5f,30,LOW
2026-09-12 11:26:11,bhagy,FILE MODIFIED,.\audit_log.txt,,NO,dfa5b86f6088eaadfca3f9717b21256957149a89b23aca4aad660ea49f13da0d,30,LOW
2026-09-12 11:26:11,bhagy,FILE MODIFIED,.\audit_log.txt,,NO,b58b093f6aa9921bc777aff7e91e294091f59e6812c45e999f89ba57e9f8fdc5,30,LOW
2026-09-12 11:26:11,bhagy,FILE MODIFIED,.\audit_log.txt,,NO,e17b8c0e90169ea0e59e47f31524fad519617a9320fe3ec34497c6feace3aec4,30,LOW
2026-09-12 11:26:11,bhagy,FILE MODIFIED,.\audit_log.txt,,NO,fc595e31e4370860f17b9fb7d1f8c1f19031617f82e381023fe8afa402f67ac4,30,LOW
2026-09-12 11:26:11,bhagy,FILE MODIFIED,.\audit_log.txt,,NO,402f4a0366a8425899dfb18848fbcfa2e18f4173ff29d221a161a43af36668d1,30,LOW
2026-09-12 11:26:11,bhagy,FILE MODIFIED,.\audit_log.txt,,NO,2fa8b8e00746e54b172b0e942b8df83672110ac448c30098ee7619351b87a32a,30,LOW
2026-09-12 11:26:12,bhagy,FILE MODIFIED,.\audit_log.txt,,NO,e32ff9c9eb744c4455c5b89f7f48e21caaf5c0757a143bce713726585ad3d7d1,30,LOW
2026-09-12 11:26:12,bhagy,FILE MODIFIED,.\audit_log.txt,,NO,12ae4625901a7c29a693510b750f6ce5a4ea7199337b7ae53ea1aa92a0a55b14,30,LOW
2026-09-12 11:26:12,bhagy,FILE MODIFIED,.\audit_log.txt,,NO,e8b7bc9825889634f388c28342f1757a48b96c20b98c587d06ae0111bfc22c2d,30,LOW
2026-09-12 11:26:12,bhagy,FILE MODIFIED,.\audit_log.txt,,NO,bd913371a0edbc6ae479c18ae494db2c7600249c324a33e4620dac9fb7f15c67,30,LOW
2026-09-12 11:26:12,bhagy,FILE MODIFIED,.\audit_log.txt,,NO,a86313dd510135277eea09afe22e83e703afd014d4ab7002bff5558ae9a94a73,30,LOW
2026-09-12 11:26:12,bhagy,FILE MODIFIED,.\audit_log.txt,,NO,2f3116b55bdd0072c1c03d5cff202461c57d1183ba9192beba9569e5db6bfeb6,30,LOW
2026-09-12 11:26:13,bhagy,FILE MODIFIED,.\audit_log.txt,,NO,dfde238bd4ba14a1874383602d529e3ddaa358a80d17d6714ed0a7a1522e77ba,30,LOW
2026-09-12 11:26:13,bhagy,FILE MODIFIED,.\audit_log.txt,,NO,dfec12bdfc15c81e7b305aa854a6b3010b82b2b642e7f3dc5ae54ac162408d3f,30,LOW
2026-09-12 11:26:13,bhagy,FILE MODIFIED,.\audit_log.txt,,NO,9614a957b4d9d1b93e2f3e216ca566a730bb067c331f0fd2c53005ecab511fc7,30,LOW
2026-09-12 11:26:13,bhagy,FILE MODIFIED,.\audit_log.txt,,NO,3e12536669892e3919b7206e8617dd0ce4a9f4c2f56f3c787eb9747800684688,30,LOW
2026-09-12 11:26:13,bhagy,FILE MODIFIED,.\audit_log.txt,,NO,c8f03bf5727e66bd557f63ab28a72313158c3e92113bec536b244d49be2187c4,30,LOW
2026-09-12 11:26:13,bhagy,FILE MODIFIED,.\audit_log.txt,,NO,ca1a2810be49022b5050a8b0ff9125e57ba0986a71bcd6ba2754f573a234b33c,30,LOW
2026-09-12 11:26:14,bhagy,FILE MODIFIED,.\audit_log.txt,,NO,eaf039825b7b68cac80caa1a99e114b6c8079be39a696e0ed94bda0a653022d3,30,LOW
2026-09-12 11:26:14,bhagy,FILE MODIFIED,.\audit_log.txt,,NO,338000d1832a3980288b6f98430157bfd386cb318b80ed58beda887db694b4f6,30,LOW
2026-09-12 11:26:14,bhagy,FILE MODIFIED,.\audit_log.txt,,NO,cd14bbf4622a022a8fd942d75e84373f06cd410da1aa002797176b6152523711,30,LOW
2026-09-12 11:26:14,bhagy,FILE MODIFIED,.\audit_log.txt,,NO,0d76eb7fc697558b786df270fbc081f6c857c9988c8862c2ac452026536de71b,30,LOW
2026-09-12 11:26:14,bhagy,FILE MODIFIED,.\audit_log.txt,,NO,20202078f87589bb9c7d0f13537dd268245e5a12d1dd7693d5c0e49cdabbe5ca,30,LOW
2026-09-12 11:26:15,bhagy,FILE MODIFIED,.\audit_log.txt,,NO,3196df8aba80b854f08f7b5aedabf3392906be767f2b4be9d1c1d35e1c2b9340,30,LOW
2026-09-12 11:26:15,bhagy,FILE MODIFIED,.\audit_log.txt,,NO,29d85eeebfebd375eafb3c84cf2a8c0ca6f0e6c0c68e31ae44401bb8b3ceb9be,30,LOW
2026-09-12 11:26:15,bhagy,FILE MODIFIED,.\audit_log.txt,,NO,a0fd5c14ad3e189da44bef01a4cd441d45916299abefa0d8e9d860481e52266b,30,LOW
2026-09-12 11:26:15,bhagy,FILE MODIFIED,.\audit_log.txt,,NO,7c400fce2f2b90749832cf62a28175dda20770e5c1751c8d5dd43a61783714f8,30,LOW
2026-09-12 11:26:15,bhagy,FILE MODIFIED,.\audit_log.txt,,NO,2f79c8ff3dd1a65f07724b251d353ca9ac746d25e32d74d997ae9479a33db20e,30,LOW
2026-09-12 11:26:15,bhagy,FILE MODIFIED,.\audit_log.txt,,NO,9a17b4380407eba5a6431bb5a4eb470e0b6fef31125127f90fd059c00609d2b1,30,LOW
2026-09-12 11:26:16,bhagy,FILE MODIFIED,.\audit_log.txt,,NO,e0a5b4f2a832e5d8329db7f2aa5d0a69a52fe4c3c205e6a36d2a236b39602669,30,LOW
2026-09-12 11:26:16,bhagy,FILE MODIFIED,.\audit_log.txt,,NO,7bf8a6166bcd42733433ac22063c9ab264d51bf940bb48d1fdbc9667b7526efd,30,LOW
2026-09-12 11:26:16,bhagy,FILE MODIFIED,.\audit_log.txt,,NO,92036cf8c87b489d457955089646277e11b3d01db71ed49612651cc9f7f3923f,30,LOW
2026-09-12 11:26:16,bhagy,FILE MODIFIED,.\audit_log.txt,,NO,a2b86497fb806c3928d43b8f71ab02c98ca4454210e66ac9095435f8bf7bd70c,30,LOW
2026-09-12 11:26:16,bhagy,FILE MODIFIED,.\audit_log.txt,,NO,44f8592e74a4d6b60deba45ebdda1e772e2db7288e084ad63bb96efbe8db1eec,30,LOW
2026-09-12 11:26:16,bhagy,FILE MODIFIED,.\audit_log.txt,,NO,c03ab037c987bcb70672ef97cbc3c252cfb891edd0080e347e9da24406acae0d,30,LOW
2026-09-12 11:26:17,bhagy,FILE MODIFIED,.\audit_log.txt,,NO,972a29b58d8a8aa24c4cd64cbd00e7c0513e852c5854fbc087bc7d770df83d3f,30,LOW
2026-09-12 11:26:17,bhagy,FILE MODIFIED,.\audit_log.txt,,NO,4fdfcde20219a9fb98114be82adc718583d85f46acfad9b1c8a14c717c5a043e,30,LOW
2026-09-12 11:26:17,bhagy,FILE MODIFIED,.\audit_log.txt,,NO,21116d5fe48d0f76b531772981a3fc9f85702c2137a516fb93cdf13d949abf6f,30,LOW
2026-09-12 11:26:17,bhagy,FILE MODIFIED,.\audit_log.txt,,NO,5378fb4322dfa3da915adad5150c9744302dce9c06200c2b50978402f63c9dc6,30,LOW
2026-09-12 11:26:17,bhagy,FILE MODIFIED,.\audit_log.txt,,NO,4f743832e1656869b10441760ae4a8b73979c733630d92391398cc01d3575680,30,LOW
2026-09-12 11:26:17,bhagy,FILE MODIFIED,.\audit_log.txt,,NO,9570d21e43188f938c5dab3d04ad34222090c81feb66d0e444a0bb25dda3bc14,30,LOW
2026-09-12 11:26:18,bhagy,FILE MODIFIED,.\audit_log.txt,,NO,5935f703ec2dff3312eb6fb2bbb9bdd86d577aaf523770258264b91fba90ac57,30,LOW
2026-09-12 11:26:18,bhagy,FILE MODIFIED,.\audit_log.txt,,NO,db31f4af6ed0feb3b88b485c210f46eeca96efec6b7ed28823656f7c258be74e,30,LOW
2026-09-12 11:26:18,bhagy,FILE MODIFIED,.\audit_log.txt,,NO,19fb9661267b5b942ef79f3ff8fd446fed09a05a562d8bbf39108a0332ac6f15,30,LOW
2026-09-12 11:26:18,bhagy,FILE MODIFIED,.\audit_log.txt,,NO,2fc318e3556da9000d57498b3ea1ac1e0bf3b94784a03f8698ef2925423d781d,30,LOW
2026-09-12 11:26:18,bhagy,FILE MODIFIED,.\audit_log.txt,,NO,43eb5f2a16b9b35c8004fd0fc4f1899db1a1db2cc6b24a7e39b617bb6b3fddb1,30,LOW
2026-09-12 11:26:19,bhagy,FILE MODIFIED,.\audit_log.txt,,NO,162414794deb7dd9655a7fbf87213cc6299b38473860563ec5480d803f3134b0,30,LOW
2026-09-12 11:26:19,bhagy,FILE MODIFIED,.\audit_log.txt,,NO,2b94d793608200d33ffffaa9c4143e57a4345b51420ba608a88b3f2c0732f998,30,LOW
2026-09-12 11:26:19,bhagy,FILE MODIFIED,.\audit_log.txt,,NO,e0b26827bf6a9ab06db7e6fc43545e773f3f747efe1f4ed8ff8cb9f210180186,30,LOW
2026-09-12 11:26:19,bhagy,FILE MODIFIED,.\audit_log.txt,,NO,e1065028b68a18d35f00479ec30c2685690146eda94faec7752c5011d8afa0e4,30,LOW
2026-09-12 11:26:19,bhagy,FILE MODIFIED,.\audit_log.txt,,NO,df9f51baa8dc98790dd808cdea9cde4273739da85ce9d8630a2bc0d66c06ee41,30,LOW
2026-09-12 11:26:19,bhagy,FILE MODIFIED,.\audit_log.txt,,NO,fdc47bc97443bb48e4ae24bc65512979669f49049d3ec660683b5b8d920fdb4f,30,LOW
2026-09-12 11:26:20,bhagy,FILE MODIFIED,.\audit_log.txt,,NO,d19204c9facdfe8f6bad3bf850ee8a8ba4c42e69496fc9491bacf802784ef937,30,LOW
2026-09-12 11:26:20,bhagy,FILE MODIFIED,.\audit_log.txt,,NO,30c7fb34f00381cda069615c5432a312276bb9080c1529fee518f4d78c46a6f0,30,LOW
2026-09-12 11:26:20,bhagy,FILE MODIFIED,.\audit_log.txt,,NO,a5d50d66bf3058e0ad39a8dd432ab8f03934c282f15710eb133a7c7b0b6b67c6,30,LOW
2026-09-12 11:26:20,bhagy,FILE MODIFIED,.\audit_log.txt,,NO,09988f9e8bdb68e1740ca9968f9bfc2567bbf137ec98f8f16e4d704fabd38594,30,LOW
2026-09-12 11:26:20,bhagy,FILE MODIFIED,.\audit_log.txt,,NO,5ba3de83a48d90fb5c6b4b673627c2cba64ba8b107a348d8cb636dc522a11f1b,30,LOW
2026-09-12 11:26:20,bhagy,FILE MODIFIED,.\audit_log.txt,,NO,90bb97304f98781ea87871c32cd4ea772404ee591c1e02be91c2454e2516254a,30,LOW
2026-09-12 11:26:21,bhagy,FILE MODIFIED,.\audit_log.txt,,NO,e7abf2900c7eb710608a3931e28fee1c2edb4e45c7226ba404743b4d11dd7759,30,LOW
2026-09-12 11:26:21,bhagy,FILE MODIFIED,.\audit_log.txt,,NO,aecc6c85923b01a49a0c011eac44696b407e27c493df6ddebaca4ff8b580eeb8,30,LOW
2026-09-12 11:26:21,bhagy,FILE MODIFIED,.\audit_log.txt,,NO,a1c041f8a4bf83825d61a024fc69ed076847793d3fbd2e76f0232d6d1c29934a,30,LOW
2026-09-12 11:26:21,bhagy,FILE MODIFIED,.\audit_log.txt,,NO,8c713c5692bc649f2d1cb66f3250e45f07da2aff2077973726978df77a08efca,30,LOW
2026-09-12 11:26:21,bhagy,FILE MODIFIED,.\audit_log.txt,,NO,2299addd4f3c589164092c691cde6f8fc8eca8c43927f3041f38cf0b2418a5e5,30,LOW
2026-09-12 11:26:22,bhagy,FILE MODIFIED,.\audit_log.txt,,NO,a9c2e43217dfd4dcbb3c3c1cc48a8087545ea0b0a7628ee01dfbbfb4302dcb85,30,LOW
2026-09-12 11:26:22,bhagy,FILE MODIFIED,.\audit_log.txt,,NO,d718828b652b2659277a57fcd8de6b6a4a9683c5cf328ab6ba1ce467f67e70cc,30,LOW
2026-09-12 11:26:22,bhagy,FILE MODIFIED,.\audit_log.txt,,NO,d31a2bacfe90f72e861046fb413008fda58f30209f5358d390c26463c5a2b7ab,30,LOW
2026-09-12 11:26:22,bhagy,FILE MODIFIED,.\audit_log.txt,,NO,be5e58d323945be9b948ea70da248f8c4f4fe2fa1eb277a6559191917b31f0f4,30,LOW
2026-09-12 11:26:22,bhagy,FILE MODIFIED,.\audit_log.txt,,NO,e84e80e0fc765c56cc3079c4fee8e5588ca2f5f3071efd788c5f158bd12a76f6,30,LOW
2026-09-12 11:26:22,bhagy,FILE MODIFIED,.\audit_log.txt,,NO,0481de06bab94c7f0ad583a2dbdad611c386eb1e32a618c22852eb7f80e1cf5e,30,LOW
2026-09-12 11:26:23,bhagy,FILE MODIFIED,.\audit_log.txt,,NO,f062fd4c63a9104edda900c81c71659c6ed9ba5d12c7239e66ca84c8e242fcf5,30,LOW
2026-09-12 11:26:23,bhagy,FILE MODIFIED,.\audit_log.txt,,NO,9899484ad0f8b5f8005f799ec8d603facc19b649ca5465aa36e1218f8bf5d6e8,30,LOW
2026-09-12 11:26:23,bhagy,FILE MODIFIED,.\audit_log.txt,,NO,8bb188642566839270677198a45fd9bfe2c83e5c34ab91341635e337aa9b0558,30,LOW
2026-09-12 11:26:23,bhagy,FILE MODIFIED,.\audit_log.txt,,NO,e6f03e9e79f953ce5a8eb1988f9f67b35f6e3886dc689fe88f91103f232becd3,30,LOW
2026-09-12 11:26:23,bhagy,FILE MODIFIED,.\audit_log.txt,,NO,bdad494dfd88c44e71e6e9b865f136484c6092f786f074b3eba892a928d3d78f,30,LOW
2026-09-12 11:26:23,bhagy,FILE MODIFIED,.\audit_log.txt,,NO,f3756bfb794b095a722c79b569050891214595aec0414b3ca4f53ce70b700819,30,LOW
2026-09-12 11:26:23,bhagy,FILE MODIFIED,.\audit_log.txt,,NO,1c5414837b19fb916a72e1b3b6d48ce1d99c416d832cf1c6a10fe26c22af6370,30,LOW
2026-09-12 11:26:24,bhagy,FILE MODIFIED,.\audit_log.txt,,NO,b801e1b6ef78efed400df437ec61cf4aaab63006e8c15393c8a091e9b36864af,30,LOW
2026-09-12 11:26:24,bhagy,FILE MODIFIED,.\audit_log.txt,,NO,7373304f0ec130a964a895de97532d8e98fa35f7e56ccc1a9e071209b46f3854,30,LOW
2026-09-12 11:26:24,bhagy,FILE MODIFIED,.\audit_log.txt,,NO,091bd2f27b2f06133a567ca51cb0884e6969344a4f2fd761e976a1846ddaaa6b,30,LOW
2026-09-12 11:26:24,bhagy,FILE MODIFIED,.\audit_log.txt,,NO,c2500663559aef691f77db795339fdeebc9a1091161ab09e3b3b4fc4555af6da,30,LOW
2026-09-12 11:26:24,bhagy,FILE MODIFIED,.\audit_log.txt,,NO,de4d2641902978722203dceb81480a79698418aeac44c23b994773818a2605bc,30,LOW
2026-09-12 11:26:24,bhagy,FILE MODIFIED,.\audit_log.txt,,NO,0b264e1830bf42c193b06b6fdd39ea01d4b02ac3218c7eab1c8b2cae4a9aab74,30,LOW
2026-09-12 11:26:25,bhagy,FILE MODIFIED,.\audit_log.txt,,NO,2f67ed7664559a58a142892ecba63c9211100973ffa972c3b427f6172fdb0177,30,LOW
2026-09-12 11:26:25,bhagy,FILE MODIFIED,.\audit_log.txt,,NO,5afdc356cc0ae8650497564b2c89f7b27b1c76d7db72f3a62f197dae08a3f602,30,LOW
2026-09-12 11:26:25,bhagy,FILE MODIFIED,.\audit_log.txt,,NO,7d74a495c487c48da5d24974940e7aba573dbc24db2bdaa86927b6d163c29b22,30,LOW
2026-09-12 11:26:25,bhagy,FILE MODIFIED,.\audit_log.txt,,NO,687b71cb5e8e17f9cd8ba5a5a42c2d7c670ffde09d9fab6721e3427471385770,30,LOW
2026-09-12 11:26:25,bhagy,FILE MODIFIED,.\audit_log.txt,,NO,91f784fb4f4777029df2c9639a6e7a63cc6f70df34a680d580b55f90e91a036e,30,LOW
2026-09-12 11:26:25,bhagy,FILE MODIFIED,.\audit_log.txt,,NO,d075203ce53dd8af275839a8bc349f80af20a7235e84bd46c635b2560f59edda,30,LOW
2026-09-12 11:26:26,bhagy,FILE MODIFIED,.\audit_log.txt,,NO,b179377531039ba6c09af46815e61c7ae335e02fb78d3cbb8f0678a33ce915ca,30,LOW
2026-09-12 11:26:26,bhagy,FILE MODIFIED,.\audit_log.txt,,NO,363300a911e10b1c588d8eb0cb1ef3ebed1071cf9afdcec35bc1f260c6c1ce27,30,LOW
2026-09-12 11:26:26,bhagy,FILE MODIFIED,.\audit_log.txt,,NO,12472a1d505a232e21ca44dd384bfa7614e7fff5c2ce20c31f476ba97be5a2e9,30,LOW
2026-09-12 11:26:26,bhagy,FILE MODIFIED,.\audit_log.txt,,NO,7a4fff917111b06dc5fcce58f250afd48c3111183c2b6e49f96466e4c54237a0,30,LOW
2026-09-12 11:26:26,bhagy,FILE MODIFIED,.\audit_log.txt,,NO,03edac8da5a4029c622f68e90d51d5cef5376cc83feabd6b1d4d30118830ed37,30,LOW
2026-09-12 11:26:26,bhagy,FILE MODIFIED,.\audit_log.txt,,NO,a97e430cbf0e5903e4990738dfaacb162a5631292857b14bdafc3034bc241cbc,30,LOW
2026-09-12 11:26:26,bhagy,FILE MODIFIED,.\audit_log.txt,,NO,54304737d5c131e7f6a30abc0f48170dcd342b765116688e5c081d2f6a441b3d,30,LOW
2026-09-12 11:26:27,bhagy,FILE MODIFIED,.\audit_log.txt,,NO,ab1743d23211732003c9f5fcd19f53563315dd559fe5ffecefcc8d2e9264c170,30,LOW
2026-09-12 11:26:27,bhagy,FILE MODIFIED,.\audit_log.txt,,NO,d1347ab16ea85639715a06931f362dd79c4b284d2c5044c54c870620f981ec6b,30,LOW
2026-09-12 11:26:27,bhagy,FILE MODIFIED,.\audit_log.txt,,NO,c97c071e98813456f60fab5d1f4d084d5d6a750ce6a768f69efd655af892ccd2,30,LOW
2026-09-12 11:26:27,bhagy,FILE MODIFIED,.\audit_log.txt,,NO,cb7f9efd134f9dfc74e5aa19a3b3df6e0fd76fba69cbd5e38c2e1811957f1383,30,LOW
2026-09-12 11:26:27,bhagy,FILE MODIFIED,.\audit_log.txt,,NO,71600fd72deaa378aba504c0a306f2faac2bc57e4166edc63575fcfa0581de5b,30,LOW
2026-09-12 11:26:28,bhagy,FILE MODIFIED,.\audit_log.txt,,NO,ec80ba765b356df43d2888de11841946ddd8fdad999d0a4724dbe5c9cf985505,30,LOW
2026-09-12 11:26:28,bhagy,FILE MODIFIED,.\audit_log.txt,,NO,34e9341fd84484a95b1e406644d2b1be56f863885ba3b48f22d18a8b8964c43c,30,LOW
2026-09-12 11:26:28,bhagy,FILE MODIFIED,.\audit_log.txt,,NO,d2bf010d5031fce1af332016ff2fb88ffb8803aa28aefbf34e793a7b25786c8b,30,LOW
2026-09-12 11:26:28,bhagy,FILE MODIFIED,.\audit_log.txt,,NO,7182f8f962154493e247c8638df308644576a12e947f71a2028828a12a732d50,30,LOW
2026-09-12 11:26:28,bhagy,FILE MODIFIED,.\audit_log.txt,,NO,0338c43ebfae672fdad87f43c2b656c49ea2814328d0a2346736a7da82469b58,30,LOW
2026-09-12 11:26:29,bhagy,FILE MODIFIED,.\audit_log.txt,,NO,07917a5077889b0499f06c340c39a6ef94d146bb8af74bf0ce0223edd64ed350,30,LOW
2026-09-12 11:26:29,bhagy,FILE MODIFIED,.\audit_log.txt,,NO,bf34f1cccc65bb214e6a62973c15ff8958198f78e37d60940d99acc704c0d255,30,LOW
2026-09-12 11:26:29,bhagy,FILE MODIFIED,.\audit_log.txt,,NO,ab6ab9d2856104df2011d9b73dca2500433b8d06ff932dc403daa62120312d1c,30,LOW
2026-09-12 11:26:29,bhagy,FILE MODIFIED,.\audit_log.txt,,NO,34e7cdd24a3de79cc389204dcc60341f55427b66e3fa6664254901aa3fd43c3f,30,LOW
2026-09-12 11:26:29,bhagy,FILE MODIFIED,.\audit_log.txt,,NO,9506dd5f851d31c33c1877bb082ed35c6da3056271313b912cc6f62bc27d2d43,30,LOW
2026-09-12 11:26:29,bhagy,FILE MODIFIED,.\audit_log.txt,,NO,6bc39e796af34492d9f518c1d6f3cf7fd02938d6ba453c68bf7c8cfdf8154650,30,LOW
2026-09-12 11:26:30,bhagy,FILE MODIFIED,.\audit_log.txt,,NO,409111097a74eeb07aafc3b894e2a3accdec4304d1f9865345bdbe0ac3cdbd7c,30,LOW
2026-09-12 11:26:30,bhagy,FILE MODIFIED,.\audit_log.txt,,NO,55ab4cbece6fd11b1dfd3878f6ec24b62c05d5eba12f155d28a69bab145a5454,30,LOW
2026-09-12 11:26:30,bhagy,FILE MODIFIED,.\audit_log.txt,,NO,e4b9e523bc6cb20b332c5030a6616e73e10679ddbe02d4db26e570601ade5340,30,LOW
2026-09-12 11:26:30,bhagy,FILE MODIFIED,.\audit_log.txt,,NO,4f0d97e40adb17f18694aac60332f90ffe6d68e540800a4d620fd450364d4635,30,LOW
2026-09-12 11:26:30,bhagy,FILE MODIFIED,.\audit_log.txt,,NO,6bfa36bfa18b6d83a37313f469cf7efa461fcf411c83a2bd93d1174942400eb3,30,LOW
2026-09-12 11:26:30,bhagy,FILE MODIFIED,.\audit_log.txt,,NO,e9c0f3cf35d8ea5b8c10f2fd6247fa7f5acd6b9d983e27a164955752895a755e,30,LOW
2026-09-12 11:26:30,bhagy,FILE MODIFIED,.\audit_log.txt,,NO,4f2253f05148e86f9069db7f13a214d012a2d3e5aa93de223bb2f0623ce2080b,30,LOW
2026-09-12 11:26:30,bhagy,FILE MODIFIED,.\audit_log.txt,,NO,aec8e0045119a73daa5a04e46b816489e2c3a0b4d35ddadaeed675a93598461e,30,LOW
2026-09-12 11:26:30,bhagy,FILE MODIFIED,.\audit_log.txt,,NO,ece30bd3589bc53337212f2f57df50f9001da2d1f6fdca2b6174a960f81d2656,30,LOW
2026-09-12 11:26:31,bhagy,FILE MODIFIED,.\audit_log.txt,,NO,b6b8823ac20512aca4ea4567dfcac4c6eac35322b7c7f613599d0f6d4efac080,30,LOW
2026-09-12 11:26:31,bhagy,FILE MODIFIED,.\audit_log.txt,,NO,092c774e331d4f4934231903d72ecf22a1e0720f6630fef56f77beee1dfadf17,30,LOW
2026-09-12 11:26:31,bhagy,FILE MODIFIED,.\audit_log.txt,,NO,44db4702800a84706187739ab66f0d10b41c1bfe05fb66e59f4ca06f1c5b58ac,30,LOW
2026-09-12 11:26:31,bhagy,FILE MODIFIED,.\audit_log.txt,,NO,494e6a77ec239c662ec093a4a2fd2a0268f5d520868be5da88eab2658a03675b,30,LOW
2026-09-12 11:26:31,bhagy,FILE MODIFIED,.\audit_log.txt,,NO,4051a82e84ba71e6da19e0f3db341070245b3f0e7863bf936e9f672db9ec7f1d,30,LOW
2026-09-12 11:26:31,bhagy,FILE MODIFIED,.\audit_log.txt,,NO,38cd43ea3f9ff5e316648d61b4e5530b13c6ac19ac7f3c322d110b8920171ded,30,LOW
2026-09-12 11:26:31,bhagy,FILE MODIFIED,.\audit_log.txt,,NO,d5b56834368ca1c9b43513db47bec0a82d4df7cc12edb165e41cb59918ef7eed,30,LOW
2026-09-12 11:26:31,bhagy,FILE MODIFIED,.\audit_log.txt,,NO,b918b847c4337d3d3c444f0d71be0db1dcf80c92d881eaa86f166a82d84e9868,30,LOW
2026-09-12 11:26:31,bhagy,FILE MODIFIED,.\audit_log.txt,,NO,7fba5cde9980497cd5897adb334a886ac48a9c8b4617c15c3c27db5e2bd92772,30,LOW
2026-09-12 11:26:31,bhagy,FILE MODIFIED,.\audit_log.txt,,NO,31c4fd9c48e815a9994fbc276338489cd0a6596e57ecf0255ce16290fce89e8c,30,LOW
2026-09-12 11:26:31,bhagy,FILE MODIFIED,.\audit_log.txt,,NO,ff34538ccc9046a949b2c2f4439ff36538819e698722216c69c4263e4531b121,30,LOW
2026-09-12 11:26:32,bhagy,FILE MODIFIED,.\audit_log.txt,,NO,501fe1d19c74fa92533939d1992aa9a6657c9a891c5bce021d26befefbfb633e,30,LOW
2026-09-12 11:26:32,bhagy,FILE MODIFIED,.\audit_log.txt,,NO,2c24cadd1cb7ff0d3c32e915abbabbc2999b3a62d1711b7ab35066c464307a40,30,LOW
2026-09-12 11:26:32,bhagy,FILE MODIFIED,.\audit_log.txt,,NO,154d7d77c829297ca8bf1522a47288a8e4538e691e62c8c1fd0f0b049c6c82ab,30,LOW
2026-09-12 11:26:32,bhagy,FILE MODIFIED,.\audit_log.txt,,NO,8c2c4f8ce31902ccde5874eaa88eff30bb7b9cdaec283cbe4d1c4d6a51058322,30,LOW
2026-09-12 11:26:32,bhagy,FILE MODIFIED,.\audit_log.txt,,NO,550f218f95f7525ad997af45cde8b52f286bf9a162a86822a18f8b6b733d248a,30,LOW
2026-09-12 11:26:32,bhagy,FILE MODIFIED,.\audit_log.txt,,NO,6877370913c714577b2df115549565c7b5ac1b4bdf8e892894daf6638844b663,30,LOW
2026-09-12 11:26:32,bhagy,FILE MODIFIED,.\audit_log.txt,,NO,28fb8d74765aa481b039924dd3314127299c2e08665cd5e1dd1fafe1119d2f15,30,LOW
2026-09-12 11:26:32,bhagy,FILE MODIFIED,.\audit_log.txt,,NO,126c98a140c77f8673e4786fa4f8e483613dc9c327ee46d0b26afe12e7ad3204,30,LOW
2026-09-12 11:26:32,bhagy,FILE MODIFIED,.\audit_log.txt,,NO,9173f48f1ae3462114a92a0c1fca451d500a54f4a3cc675a2e671d6a5c82b827,30,LOW
2026-09-12 11:26:32,bhagy,FILE MODIFIED,.\audit_log.txt,,NO,f6897947f54363920725b56d89a0d3a996fa8f935476192c279b1acc59f265fd,30,LOW
2026-09-12 11:26:32,bhagy,FILE MODIFIED,.\audit_log.txt,,NO,c78080208d9ca1b248e252b8574bd9e5afae419e85347bad7e649140f94905b8,30,LOW
2026-09-12 11:26:33,bhagy,FILE MODIFIED,.\audit_log.txt,,NO,2805de17a519c7e5618ba2aaa0e0bc73df50c145e1322be96bd1bd194f987274,30,LOW
2026-09-12 11:26:33,bhagy,FILE MODIFIED,.\audit_log.txt,,NO,02c497dc2fddc5a8d2ca0319641cbc632c04e1ed01ad33266b3706c9fb5d855d,30,LOW
2026-09-12 11:26:33,bhagy,FILE MODIFIED,.\audit_log.txt,,NO,56299895e1d5df08d643a0fa91aa8f41053a49541aa6b070712c8b6676836c3d,30,LOW
2026-09-12 11:26:33,bhagy,FILE MODIFIED,.\audit_log.txt,,NO,842a55fac75e4786981546d7371639183ba00147d53ca0636ec835d3f9b9dc2c,30,LOW
2026-09-12 11:26:33,bhagy,FILE MODIFIED,.\audit_log.txt,,NO,862e0911d8b263dd79764a882f6276e2703529904956cb184d0fe55778ca8e9e,30,LOW
2026-09-12 11:26:33,bhagy,FILE MODIFIED,.\audit_log.txt,,NO,d0859e5372f131f06a309b50a19f150de4295167460d45debb197958f2528220,30,LOW
2026-09-12 11:26:33,bhagy,FILE MODIFIED,.\audit_log.txt,,NO,21ccce42dac94929987997e0b9e7d091da216d2edfcc64a30252988dcf7a4e91,30,LOW
2026-09-12 11:26:33,bhagy,FILE MODIFIED,.\audit_log.txt,,NO,1338f746d3054a2ca581de1a849b05a8206b8767382a9ea802ef688237b2fd0b,30,LOW
2026-09-12 11:26:33,bhagy,FILE MODIFIED,.\audit_log.txt,,NO,19d98504595132179841f9d7099b1da46c08b2cd39c158e9d819f37e223c1631,30,LOW
2026-09-12 11:26:33,bhagy,FILE MODIFIED,.\audit_log.txt,,NO,5c17a9c58cf661029209eeb29130f1d30c7669a385ddfd59f943fe35ba178ed6,30,LOW
2026-09-12 11:26:34,bhagy,FILE MODIFIED,.\audit_log.txt,,NO,3736a6af0fd89547a4d5cdbcd0f5de485127ee11af0505bc62e07e535051868b,30,LOW
2026-09-12 11:26:34,bhagy,FILE MODIFIED,.\audit_log.txt,,NO,96f7018b932cbfba493e3b9f9b849f699b9ae6c5e107ea8f4d1a25e3fef9f949,30,LOW
2026-09-12 11:26:34,bhagy,FILE MODIFIED,.\audit_log.txt,,NO,fbed029bf4c43351dea1e000ae4c6ac3829148bbfd958ffc17d28378519b3dd0,30,LOW
2026-09-12 11:26:34,bhagy,FILE MODIFIED,.\audit_log.txt,,NO,de748ab5a304fc550f1a24e14e0a263e4e04368ef83f2a5844d7640beee13941,30,LOW
2026-09-12 11:26:34,bhagy,FILE MODIFIED,.\audit_log.txt,,NO,55592a7a2b9301469a47453e9bbe54d2cb1a9812d1533110fca2e5a90de7b552,30,LOW
2026-09-12 11:26:34,bhagy,FILE MODIFIED,.\audit_log.txt,,NO,6f6d1702baf8192a7525b1f09697cf39769598b5f6d41395695900b39bb3965f,30,LOW
2026-09-12 11:26:34,bhagy,FILE MODIFIED,.\audit_log.txt,,NO,69941ef8d382b0aef54dea74dcce8a01104c5830c9b0ca405220e40e8b619c50,30,LOW
2026-09-12 11:26:34,bhagy,FILE MODIFIED,.\audit_log.txt,,NO,6aa5ea1245bfccc7fae3b273a910a46d502473677dc169d5e7b073e28c6b8705,30,LOW
2026-09-12 11:26:34,bhagy,FILE MODIFIED,.\audit_log.txt,,NO,6982dd19ef4b8f0e83979ad0ee4ad61d374d3310da6fcd90ef5e3b01e17a49cb,30,LOW
2026-09-12 11:26:34,bhagy,FILE MODIFIED,.\audit_log.txt,,NO,1ffa867d6fd2a7aae09c8fa7dc180def477e2d6e7173d98a9e789ced11daa549,30,LOW
2026-09-12 11:26:34,bhagy,FILE MODIFIED,.\audit_log.txt,,NO,09bfa27c4e369e3cd2416e5153e2693fd77c810659a850e71ff1e31ab5276374,30,LOW
2026-09-12 11:26:35,bhagy,FILE MODIFIED,.\audit_log.txt,,NO,42e7b44cadb81449e738db6da8dd9d0c3917d3e5957c6cc6cb0799340567fe1f,30,LOW
2026-09-12 11:26:35,bhagy,FILE MODIFIED,.\audit_log.txt,,NO,757d4756bdde8d44eee4bfb9d80376bde4ffc9c4f1051b183385a9d6b2c8aee5,30,LOW
2026-09-12 11:26:35,bhagy,FILE MODIFIED,.\audit_log.txt,,NO,5850f13fc27a79955b6d8d521e6cc2a95a0571d2a49f1692a142705b1f7e523c,30,LOW
2026-09-12 11:26:35,bhagy,FILE MODIFIED,.\audit_log.txt,,NO,c132aeb85c5e6594ebbd5a5e5c702dfeec2b431790037c1081a9c46f96e79b00,30,LOW
2026-09-12 11:26:35,bhagy,FILE MODIFIED,.\audit_log.txt,,NO,3fc4142a432957e31a50e9ae13a7fd30bc6c1c0a1ae0fc91d689f9eb9ce3793f,30,LOW
2026-09-12 11:26:35,bhagy,FILE MODIFIED,.\audit_log.txt,,NO,83933f81e3447d1823ae9dee98210098c14ea0cdb4af445659ded496dad51958,30,LOW
2026-09-12 11:26:35,bhagy,FILE MODIFIED,.\audit_log.txt,,NO,74449946fe0ad35a19da6d7304dfdf54e8ed5e218eef60d025defa67736c5cee,30,LOW
2026-09-12 11:26:35,bhagy,FILE MODIFIED,.\audit_log.txt,,NO,dbf18f035dd14521d005efae2311c5d71ba573bb0503cc6632d4b66d7b7a32d0,30,LOW
2026-09-12 11:26:35,bhagy,FILE MODIFIED,.\audit_log.txt,,NO,cf68cab14fabbbe670a5c4427a2509fe8d3420b7aed6c6930066277392d96616,30,LOW
2026-09-12 11:26:36,bhagy,FILE MODIFIED,.\audit_log.txt,,NO,1eba962102b00d56e32b4e86e699cce28490ff02a8500e6960c2e9831c5f029d,30,LOW
2026-09-12 11:26:36,bhagy,FILE MODIFIED,.\audit_log.txt,,NO,66e6924cdd255a077fba6015a93b394d92b2a2b811cc4143cc34d85746b4e59f,30,LOW
2026-09-12 11:26:36,bhagy,FILE MODIFIED,.\audit_log.txt,,NO,2c4e12da371f520acae50983a771bda06e53be4b717f5284f4e4a42c4417ad76,30,LOW
2026-09-12 11:26:36,bhagy,FILE MODIFIED,.\audit_log.txt,,NO,0d1a0466a992b4342903b33f6cb2df3bbf96fe700496066874c737dd32094f5f,30,LOW
2026-09-12 11:26:36,bhagy,FILE MODIFIED,.\audit_log.txt,,NO,906efacb1387991311c7e4eeeab5a2c9b8e5c4f0e8c56035b1f9d84a0d5e1de9,30,LOW
2026-09-12 11:26:36,bhagy,FILE MODIFIED,.\audit_log.txt,,NO,f1b7bb8fedc622e36f29a74b295dc5e2a522688d372934a2660c198b40c76f8c,30,LOW
2026-09-12 11:26:36,bhagy,FILE MODIFIED,.\audit_log.txt,,NO,5184abadf37ab71d32cfd04a29677d02e7b29cc0d51163121b907e4975645105,30,LOW
2026-09-12 11:26:36,bhagy,FILE MODIFIED,.\audit_log.txt,,NO,ad80854663cbe8f6e25d48b5b0c6e698e331864e67ce7fa20a691b9afa17e0a0,30,LOW
2026-09-12 11:26:36,bhagy,FILE MODIFIED,.\audit_log.txt,,NO,145bf81c1b4b5a4fd2b511c2cf0ab44db8e9a81db0b77f078c26df1b314cf592,30,LOW
2026-09-12 11:26:37,bhagy,FILE MODIFIED,.\audit_log.txt,,NO,93fb0769430743dd7e6ed0fac9222691c6054903edc31c15826332dd42dc2b89,30,LOW
2026-09-12 11:26:37,bhagy,FILE MODIFIED,.\audit_log.txt,,NO,dd993942a519d9fcc878935d56ddd34f2d7516c4f5e93708bc6c2da9dceb6d33,30,LOW
2026-09-12 11:26:37,bhagy,FILE MODIFIED,.\audit_log.txt,,NO,8aca1c786125fc43ea7e544934ac004f2553a089120ad4bc1d5158e69897861a,30,LOW
2026-09-12 11:26:37,bhagy,FILE MODIFIED,.\audit_log.txt,,NO,587837ac59931eed06ac20d6a3f6555091f3cbd4207e58907476c1896b215dc5,30,LOW
2026-09-12 11:26:37,bhagy,FILE MODIFIED,.\audit_log.txt,,NO,22e5328178382cd19b2e25fdbaee9ae36e17a31a16253ab776c6066982655533,30,LOW
2026-09-12 11:26:37,bhagy,FILE MODIFIED,.\audit_log.txt,,NO,c48ad0ef6cd7fbfaaef5ba594eae80bccd070448c0b0641efb1693e6acb75f68,30,LOW
2026-09-12 11:26:37,bhagy,FILE MODIFIED,.\audit_log.txt,,NO,512b8ba9519499a8b234fbff708584162da3f7b7d1cb91142e450c1d718808bf,30,LOW
2026-09-12 11:26:37,bhagy,FILE MODIFIED,.\audit_log.txt,,NO,376dd7b30d0cfbad35a68af0cb6672496fb57c0cfb1bef9c3aef8d4d466ad608,30,LOW
2026-09-12 11:26:37,bhagy,FILE MODIFIED,.\audit_log.txt,,NO,353d23567fb3addab44a7fd981728ef9665f8264c25dbd5ad86f88f15c803c3f,30,LOW
2026-09-12 11:26:38,bhagy,FILE MODIFIED,.\audit_log.txt,,NO,6d54e054d8fe192c10a8cd732e0d00591d37617f36f7d87e3572b004c0d0d37e,30,LOW
2026-09-12 11:26:38,bhagy,FILE MODIFIED,.\audit_log.txt,,NO,77af44c75322502c23b876303efc85ea9b37088139726622ea3548361a983c74,30,LOW
2026-09-12 11:26:38,bhagy,FILE MODIFIED,.\audit_log.txt,,NO,afeb6b3eb98d65c166ba23f7a1f0324392d2adb40894446b35ab897f12c52da4,30,LOW
2026-09-12 11:26:38,bhagy,FILE MODIFIED,.\audit_log.txt,,NO,630df12e4df89bc4790075236f8080c1280e662cd4a1c6be2ed90acd0bc2e7e4,30,LOW
2026-09-12 11:26:38,bhagy,FILE MODIFIED,.\audit_log.txt,,NO,e1f51348eb8c386c078e722e55110bcb1e406d2c6c874aee4f98e710e821b8b2,30,LOW
2026-09-12 11:26:38,bhagy,FILE MODIFIED,.\audit_log.txt,,NO,cf3d108f727eadfb7ecbec141b99dae114bc09ffe13b6546db5af4e709b26f76,30,LOW
2026-09-12 11:26:38,bhagy,FILE MODIFIED,.\audit_log.txt,,NO,b47253e74dfd04e11df67a7a39b5360a183d47965c3b9cd0bb9888c778d7f7e3,30,LOW
2026-09-12 11:26:38,bhagy,FILE MODIFIED,.\audit_log.txt,,NO,4317d7db25c87e44ad23dfe92a7a8680a9d4cb636798b49efacdca46dd57a5ff,30,LOW
2026-09-12 11:26:38,bhagy,FILE MODIFIED,.\audit_log.txt,,NO,1346c19436ec99fb59bbd2ccb69fb5b642bb62d8ece730048629a4b5d3bc5541,30,LOW
2026-09-12 11:26:39,bhagy,FILE MODIFIED,.\audit_log.txt,,NO,43d217645f8559703f6aa69ff80c88f80e54d8c24b1b522064852c3fddbceb62,30,LOW
2026-09-12 11:26:39,bhagy,FILE MODIFIED,.\audit_log.txt,,NO,f9fd386b1303aa270e2787c12fdbc1552f3bf62c44f6b9d9940254f2531a695c,30,LOW
2026-09-12 11:26:39,bhagy,FILE MODIFIED,.\audit_log.txt,,NO,01dc9b80dba357470ff766384a4fa01d826bc959f9dfb67013f4da567e9e73c3,30,LOW
2026-09-12 11:26:39,bhagy,FILE MODIFIED,.\audit_log.txt,,NO,ed51fe4d09c5fedcc8f3757a212cca8f01ffd54a779f0233aef4b15c4ae97924,30,LOW
2026-09-12 11:26:39,bhagy,FILE MODIFIED,.\audit_log.txt,,NO,94a3c601794142c09553b087db3b1b484a3587486c2a2de853ed15fde5c389af,30,LOW
2026-09-12 11:26:39,bhagy,FILE MODIFIED,.\audit_log.txt,,NO,d982ac84da3719bd59e4e14b8a033a75a2d356fe6b61108d79cf72241ddadbc5,30,LOW
2026-09-12 11:26:39,bhagy,FILE MODIFIED,.\audit_log.txt,,NO,6b98f6818cffaa898a2159a1e742babfb10977f6aff689ab4ec2d163aef47aaf,30,LOW
2026-09-12 11:26:39,bhagy,FILE MODIFIED,.\audit_log.txt,,NO,c66c89bde256088f5e6c9a7556bf7a81550d41e86d24071dfac4185c3acf6597,30,LOW
2026-09-12 11:26:39,bhagy,FILE MODIFIED,.\audit_log.txt,,NO,3d30d0a339780c4f405838f2340979115404ce0b560222526558f8f34ad98443,30,LOW
2026-09-12 11:26:40,bhagy,FILE MODIFIED,.\audit_log.txt,,NO,9b922c9ab6a609b0cf6897a84f55da1eb275a1fb0c0ea59f2335764555609ed4,30,LOW
2026-09-12 11:26:40,bhagy,FILE MODIFIED,.\audit_log.txt,,NO,6e466bf95319c546fc9e0909ec97937e5aefab6d207df360f51215fb50845d19,30,LOW
2026-09-12 11:26:40,bhagy,FILE MODIFIED,.\audit_log.txt,,NO,8690473e42fc38490231ac52d48a4df8d7f97de298a61abdb7b304dd95fab305,30,LOW
2026-09-12 11:26:40,bhagy,FILE MODIFIED,.\audit_log.txt,,NO,93083f6eada9235dfdd042d79bf8ced2ea1b6194bd616bb1f27423294348ef56,30,LOW
2026-09-12 11:26:40,bhagy,FILE MODIFIED,.\audit_log.txt,,NO,8ed4584df76b5e7e8a6dc4d4cac1d3352b6e2d40a40390838fd5711fe7dfe6ff,30,LOW
2026-09-12 11:26:40,bhagy,FILE MODIFIED,.\audit_log.txt,,NO,64e0599994ffb526bbf11a8f88b072d04513b6736c1f1cacd9b38faae36d3850,30,LOW
2026-09-12 11:26:40,bhagy,FILE MODIFIED,.\audit_log.txt,,NO,7247a49855cf384844bd603016a67ba0fcd5aa1325b0bab9b020fc5de75fbe88,30,LOW
2026-09-12 11:26:40,bhagy,FILE MODIFIED,.\audit_log.txt,,NO,297cfab2d97b3ca98c14c4cd4e2b863d307e6639ae40ea6e75093d277e2fb706,30,LOW
2026-09-12 11:26:41,bhagy,FILE MODIFIED,.\audit_log.txt,,NO,2d0e8f3a9498d997b449cb9a9c7eb67b5eaca22db492719e7d84f9824e9525ca,30,LOW
2026-09-12 11:26:41,bhagy,FILE MODIFIED,.\audit_log.txt,,NO,1916edd2ccdbe98027516c3fe8577a4228c17481198048dadcd46032abe54304,30,LOW
2026-09-12 11:26:41,bhagy,FILE MODIFIED,.\audit_log.txt,,NO,e6b18ba50a661351fe3233e5a84c7d65e94526a08e23fd9f4ed995666a28f974,30,LOW
2026-09-12 11:26:41,bhagy,FILE MODIFIED,.\audit_log.txt,,NO,aa42fd03bacf70d06e95a7e4cb928bf8d499d5f5d3d7455e34acfbcdd5543980,30,LOW
2026-09-12 11:26:41,bhagy,FILE MODIFIED,.\audit_log.txt,,NO,e5715ecd110b0efed26d1141ec4563d9acbfb5ce035319acf1fd5304e14cdb17,30,LOW
2026-09-12 11:26:41,bhagy,FILE MODIFIED,.\audit_log.txt,,NO,beb6dbf334535731050ea37252ced67bb083e900c49f2ccefeaa2a9cdaefd078,30,LOW
2026-09-12 11:26:41,bhagy,FILE MODIFIED,.\audit_log.txt,,NO,9c2a8ec148a6390c3ae535d4da196a8b7d57ddc85f8cc976c1368a003d31ee28,30,LOW
2026-09-12 11:26:41,bhagy,FILE MODIFIED,.\audit_log.txt,,NO,da8b877ff7e07b4242717d99f3291da3520f72bc1c6499af6b18228360af71b8,30,LOW
2026-09-12 11:26:41,bhagy,FILE MODIFIED,.\audit_log.txt,,NO,0646f7f05da072548da2c536f4bf0f98ec76b115241ad755e0b6df5e5e733b74,30,LOW
2026-09-12 11:26:42,bhagy,FILE MODIFIED,.\audit_log.txt,,NO,8e09b746aad40184f46ecd60a7b49352d5f88c303e08657da5d10d1ee4fe708d,30,LOW
2026-09-12 11:26:42,bhagy,FILE MODIFIED,.\audit_log.txt,,NO,8ab04fc852002b019c68eced8b8efd4638b1d4cfabde06f2131b87066857045a,30,LOW
2026-09-12 11:26:42,bhagy,FILE MODIFIED,.\audit_log.txt,,NO,4fa33356f2f7e2a74c0ecba29e8b6a79c55b645b4034b731584d57844bfd5eca,30,LOW
2026-09-12 11:26:42,bhagy,FILE MODIFIED,.\audit_log.txt,,NO,e857975549f5cf4e989f4e3d5a7a5bbdfd33afdb43513533323a9706051e7c9a,30,LOW
2026-09-12 11:26:42,bhagy,FILE MODIFIED,.\audit_log.txt,,NO,4c652b4e2aae2c1d5a6ad1fa6378f1dc922bcba56598c4b3d4c70ad175d7080b,30,LOW
2026-09-12 11:26:42,bhagy,FILE MODIFIED,.\audit_log.txt,,NO,90f36272674b06a2d69d9c7ec86fa76261947bbe85912e13f35ba7a3a97ec129,30,LOW
2026-09-12 11:26:42,bhagy,FILE MODIFIED,.\audit_log.txt,,NO,1f58a8a2295d5a237c96b065eaeb33b5cd0756949880d2fbda91dca7d4597ec3,30,LOW
2026-09-12 11:26:42,bhagy,FILE MODIFIED,.\audit_log.txt,,NO,06ffebcb35b7890d6e56ba3302389fac348c43fd15ddbc212d388329f25110c6,30,LOW
2026-09-12 11:26:42,bhagy,FILE MODIFIED,.\audit_log.txt,,NO,e0e5374ab276716194491a3b4396abb62699a829a49510c2ee86eba3f4dbd0db,30,LOW
2026-09-12 11:26:43,bhagy,FILE MODIFIED,.\audit_log.txt,,NO,2a1f44cc10f40dbbbc380663c7591436652decabd819cb4f4091c8d9a60849ce,30,LOW
2026-09-12 11:26:43,bhagy,FILE MODIFIED,.\audit_log.txt,,NO,1a55f031d4fba09beebb1d41773efcb94d3d4b7beb48c511b7ce155ce2c00cc9,30,LOW
2026-09-12 11:26:43,bhagy,FILE MODIFIED,.\audit_log.txt,,NO,b98f6e034ed87051d8cad415aba1df150a377b99740341ad70d17f68065a1e12,30,LOW
2026-09-12 11:26:43,bhagy,FILE MODIFIED,.\audit_log.txt,,NO,c71113668fe73f0d2869e97385b09e43f06f3cfde32fd1dcf17351e160e94aaa,30,LOW
2026-09-12 11:26:43,bhagy,FILE MODIFIED,.\audit_log.txt,,NO,c05955d19626c26bf3b72251356602bae3ef3a7c520288c6de5ad727608e23dc,30,LOW
2026-09-12 11:26:43,bhagy,FILE MODIFIED,.\audit_log.txt,,NO,3afa1f985a01c86fe6ccd19d23cc5d3ffaeab98766dea20bbfb34f314843200a,30,LOW
2026-09-12 11:26:43,bhagy,FILE MODIFIED,.\audit_log.txt,,NO,376cb9f924e00586bfb68a6e695da91309f5db72fba053bee829fb53a989ee51,30,LOW
2026-09-12 11:26:43,bhagy,FILE MODIFIED,.\audit_log.txt,,NO,39a7ba073d2df4f92607eea36a134a34507567a397930c5400dc86e82d804485,30,LOW
2026-09-12 11:26:43,bhagy,FILE MODIFIED,.\audit_log.txt,,NO,caac7d2315ddbc207596d88cc1961fc4c3cdf59580ffe46c2264d752b86c0e66,30,LOW
2026-09-12 11:26:43,bhagy,FILE MODIFIED,.\audit_log.txt,,NO,276584aaf6edb25d7916a35b794ec77732abd9cc6442d1b303b5b8814af9e25b,30,LOW
2026-09-12 11:26:44,bhagy,FILE MODIFIED,.\audit_log.txt,,NO,9fa5124fa8438f67a2c825d5b45d19938645e8d39660ca57f34b8c721e1f886c,30,LOW
2026-09-12 11:26:44,bhagy,FILE MODIFIED,.\audit_log.txt,,NO,2ebb184bef3dfc37e18ab54025793184a3a017c702d3c8839ce89ccf7cd5fc8b,30,LOW
2026-09-12 11:26:44,bhagy,FILE MODIFIED,.\audit_log.txt,,NO,1c05b9b9db1fbe28871e3ee1b8399a6da7eac90f60a1f4c97d1ffb3a54114c54,30,LOW
2026-09-12 11:26:44,bhagy,FILE MODIFIED,.\audit_log.txt,,NO,14b0286a99ce1a02b90eaa6d04dea01ea6c1f678a07925bcb6a5e32e0efa722b,30,LOW
2026-09-12 11:26:44,bhagy,FILE MODIFIED,.\audit_log.txt,,NO,3f31b6bfb327929f689d03e74d82307ddefe93775b7aaf1ed4e4fdbf098e6c50,30,LOW
2026-09-12 11:26:44,bhagy,FILE MODIFIED,.\audit_log.txt,,NO,d1c57f715a86c5e3ee21fe03a05e96c6b31d9ee2de4969746306515339e03dbf,30,LOW
2026-09-12 11:26:44,bhagy,FILE MODIFIED,.\audit_log.txt,,NO,5b6995baf9f98452a221bea3adada8cdc259ed451751c29aee0cc375e3edf902,30,LOW
2026-09-12 11:26:44,bhagy,FILE MODIFIED,.\audit_log.txt,,NO,e1226e3086a9641a71f165316281e44f79e6df0b3882c99e5ff7904d70526a30,30,LOW
2026-09-12 11:26:44,bhagy,FILE MODIFIED,.\audit_log.txt,,NO,b164c6f003daae59ae577769d93d2d6e0afeb42c8986fc25253fa1b5a5e6f37e,30,LOW
2026-09-12 11:26:45,bhagy,FILE MODIFIED,.\audit_log.txt,,NO,41f2a1a2a744ed647481e9702726bb4e7e94942ad6a144cf7e7085d18ef45666,30,LOW
2026-09-12 11:26:45,bhagy,FILE MODIFIED,.\audit_log.txt,,NO,de31dc5eaf47435924d0d574bdb300a8398e41d729f288f4341534a65c57ec20,30,LOW
2026-09-12 11:26:45,bhagy,FILE MODIFIED,.\audit_log.txt,,NO,10d84ead2666ffd5af615b25dd66180771a4727b12f6762a28117fa67ce23610,30,LOW
2026-09-12 11:26:45,bhagy,FILE MODIFIED,.\audit_log.txt,,NO,9eb71bef149631c4b87cc55590be1df6590f994d27885c4527b84791080d3837,30,LOW
2026-09-12 11:26:45,bhagy,FILE MODIFIED,.\audit_log.txt,,NO,ef3e9b2a7c33d8d24cf21ae8b287eea6517a567b94ca9f1bbbc60331c3d827cb,30,LOW
2026-09-12 11:26:45,bhagy,FILE MODIFIED,.\audit_log.txt,,NO,690c016dadc2ad175a083862e8299da07e39b20ca5d2af49134d0fd798783b96,30,LOW
2026-09-12 11:26:45,bhagy,FILE MODIFIED,.\audit_log.txt,,NO,ccf6b59bd2a5f5408dfa9521c08799ea07d3e63576312c678340c957fc03153f,30,LOW
2026-09-12 11:26:45,bhagy,FILE MODIFIED,.\audit_log.txt,,NO,5f541a89f06c1b78e14a8f9114af8c17756b767771e764a6f6473f03aa44b33d,30,LOW
2026-09-12 11:26:45,bhagy,FILE MODIFIED,.\audit_log.txt,,NO,e07c894b0b6a8325032db83b6ca547d406c38dc72561b050651439b44e3095e5,30,LOW
2026-09-12 11:26:45,bhagy,FILE MODIFIED,.\audit_log.txt,,NO,fd1647ebeda914af6ae9e9d9e6c44cbf0db886d04caf65a46528db91495ab784,30,LOW
2026-09-12 11:26:46,bhagy,FILE MODIFIED,.\audit_log.txt,,NO,36d177b85c8a843350305037d5ec279db4f4a64f1ed496df622b3e19a7bb5eeb,30,LOW
2026-09-12 11:26:46,bhagy,FILE MODIFIED,.\audit_log.txt,,NO,19cd4e9599bd7c690347ae5559315a885af70a7d8983d26608dc97c0c1b137d2,30,LOW
2026-09-12 11:26:46,bhagy,FILE MODIFIED,.\audit_log.txt,,NO,a823c553a8e5c2e1a96907928744d52862d344cf01e4d5e01d13bcb932b6a499,30,LOW
2026-09-12 11:26:46,bhagy,FILE MODIFIED,.\audit_log.txt,,NO,cfd92c061a8fa6e76731a73630484da537a1d261eff4b263df849c3aceb435e6,30,LOW
2026-09-12 11:26:46,bhagy,FILE MODIFIED,.\audit_log.txt,,NO,3adcf48f054eb0799fa69434d187721aa6f9fa758c12d242dd8b06ddd9769b8a,30,LOW
2026-09-12 11:26:46,bhagy,FILE MODIFIED,.\audit_log.txt,,NO,15120c5c2a9ab271f07323773fbf2f3bef76da18ec6bcf961c4302bed61c67f4,30,LOW
2026-09-12 11:26:46,bhagy,FILE MODIFIED,.\audit_log.txt,,NO,8849c5244dde73af0261891f1f6708cb463574f95eb61b48bffbdbe9880900de,30,LOW
2026-09-12 11:26:46,bhagy,FILE MODIFIED,.\audit_log.txt,,NO,080010202e804fe85269de21ac39487aa91ac9193bce25ab5166aa40a88cad8e,30,LOW
2026-09-12 11:26:46,bhagy,FILE MODIFIED,.\audit_log.txt,,NO,5d72b30b70850d2d35c8d075dbad5a3ac775d8506476c350871fba9d42c0c924,30,LOW
2026-09-12 11:26:46,bhagy,FILE MODIFIED,.\audit_log.txt,,NO,56b9de2bb2b1b18cc7e561cb22f7701e09b5ddbff6d27c431c1f050feb65007d,30,LOW
2026-09-12 11:26:46,bhagy,FILE MODIFIED,.\audit_log.txt,,NO,357813bdafd5011afd06033ab7676d0708ad44422497752d594336c8b47dfdc0,30,LOW
2026-09-12 11:26:47,bhagy,FILE MODIFIED,.\audit_log.txt,,NO,b23619dc5599c295cac58ea6033c518ceaeb3160643ff5a26cad16fc6dfa67c4,30,LOW
2026-09-12 11:26:47,bhagy,FILE MODIFIED,.\audit_log.txt,,NO,ff4a8a65900ec2889ca4817f43ff2a97ed4854aea18cc94163c17e0afef8ef7e,30,LOW
2026-09-12 11:26:47,bhagy,FILE MODIFIED,.\audit_log.txt,,NO,640922045030ef4c6b583f1e5dbd4192d946c6fe8590053d3b1dc21f70a3b90a,30,LOW
2026-09-12 11:26:47,bhagy,FILE MODIFIED,.\audit_log.txt,,NO,f2e7e811149f420c0938e52e5e0e436de70367f0d602d8aede0ea09b4c0a287a,30,LOW
2026-09-12 11:26:47,bhagy,FILE MODIFIED,.\audit_log.txt,,NO,2f9bf45d295e809e54042d165cd8cf75296e223b04627a844b0bedda50f52b6c,30,LOW
2026-09-12 11:26:47,bhagy,FILE MODIFIED,.\audit_log.txt,,NO,a0e3ac65b9ae069588677c8beb6b64c837ccd5ec23d4a42e738126cce3f19ba2,30,LOW
2026-09-12 11:26:47,bhagy,FILE MODIFIED,.\audit_log.txt,,NO,934a293a594ea7346d76c6fa43e00fd96d84642de258638519233c91ad991c76,30,LOW
2026-09-12 11:26:47,bhagy,FILE MODIFIED,.\audit_log.txt,,NO,71b665b40585e09587a63760c2653bc621a0c0d96bbf69692e610f4fba7418a2,30,LOW
2026-09-12 11:26:47,bhagy,FILE MODIFIED,.\audit_log.txt,,NO,810293886625ca721d75c771fb070a9bdaf097be4e289e669378da6fac4f63bd,30,LOW
2026-09-12 11:26:47,bhagy,FILE MODIFIED,.\audit_log.txt,,NO,6ec1b2d0e9e3a4f4693b4761a677ee4e53a4cf1e8e617c0416bed4099d3d3d7d,30,LOW
2026-09-12 11:26:48,bhagy,FILE MODIFIED,.\audit_log.txt,,NO,17bada762eb0f4837c334953f47b1ba53a9d457ba7f150ee929f760a1d9b10ae,30,LOW
2026-09-12 11:26:48,bhagy,FILE MODIFIED,.\audit_log.txt,,NO,d0122d3dd1f320699c3c29f08134edb1dbfb50f4560f29acfec9c0211ae17f8c,30,LOW
2026-09-12 11:26:48,bhagy,FILE MODIFIED,.\audit_log.txt,,NO,28f07a0ef0b3645d59e3255f518473c0859eba27f53f5c53d32a75a53ac89770,30,LOW
2026-09-12 11:26:48,bhagy,FILE MODIFIED,.\audit_log.txt,,NO,7fb4b2215dc32fd1386b478a7b64bccbd25aeda8c90485baee88f0dd6122b84b,30,LOW
2026-09-12 11:26:48,bhagy,FILE MODIFIED,.\audit_log.txt,,NO,37502d63a3b1a5fcd6e1f8a9152406de177504a38ce840cbacba3904b75831d7,30,LOW
2026-09-12 11:26:48,bhagy,FILE MODIFIED,.\audit_log.txt,,NO,e1c2820d80264a7a29646e5fb6c6230040eb6026ec4d6b27d6030037b6203587,30,LOW
2026-09-12 11:26:48,bhagy,FILE MODIFIED,.\audit_log.txt,,NO,d538753a813bdb1d9e05735e86528d803757ce88c25bc4b9b0013ccf8da39a80,30,LOW
2026-09-12 11:26:48,bhagy,FILE MODIFIED,.\audit_log.txt,,NO,46b2ea477ca17c10c6e75ea833b678ce77b576400e7e4421cd135cc0a6630abc,30,LOW
2026-09-12 11:26:49,bhagy,FILE MODIFIED,.\audit_log.txt,,NO,db981dd6bc72bf174e152cfb81268a316169cc5a5d7730bab738877495c2f2c3,30,LOW
2026-09-12 11:26:49,bhagy,FILE MODIFIED,.\audit_log.txt,,NO,9d5dc6cf8d07f821329b38e3b9c4848ff27ebec696647675abe6224fd86d74f2,30,LOW
2026-09-12 11:26:49,bhagy,FILE MODIFIED,.\audit_log.txt,,NO,dfa695c78bc42047c2b58682432d9d09ba0511876e08ef4f11c6367b6afc03c0,30,LOW
2026-09-12 11:26:49,bhagy,FILE MODIFIED,.\audit_log.txt,,NO,71dfad4a9f491201650c31f8313738b453400815764d717f880476b248eb46a4,30,LOW
2026-09-12 11:26:49,bhagy,FILE MODIFIED,.\audit_log.txt,,NO,08954097e2eed4663e9b572593002a5467e7b65d1c9d1ed263852cb24414b6af,30,LOW
2026-09-12 11:26:49,bhagy,FILE MODIFIED,.\audit_log.txt,,NO,bdc605ff509bfcdb6114c2aecf59065c89fc7ac976603a793560d14effe4863a,30,LOW
2026-09-12 11:26:50,bhagy,FILE MODIFIED,.\audit_log.txt,,NO,63003042d8a16a8bf916426491040e0d08b86da06d59a0b07510250ce9da7af2,30,LOW
2026-09-12 11:26:50,bhagy,FILE MODIFIED,.\audit_log.txt,,NO,72a686668e80185c0b76918e22224528b256aff86f617079a2da526b98b903a6,30,LOW
2026-09-12 11:26:50,bhagy,FILE MODIFIED,.\audit_log.txt,,NO,b240bfd2573a6e1ce77972599cdcf76b8987065d3db72808a114b29690ef4702,30,LOW
2026-09-12 11:26:50,bhagy,FILE MODIFIED,.\audit_log.txt,,NO,4954e6a135834bdbf329f5f178f24b99024c1694b26fff4a6cd5a5c05e9385a8,30,LOW
2026-09-12 11:26:50,bhagy,FILE MODIFIED,.\audit_log.txt,,NO,f55a73a4733d88712599e580a273cbac0d90d4d84e768dfcc2af6efcffc8832d,30,LOW
2026-09-12 11:26:50,bhagy,FILE MODIFIED,.\audit_log.txt,,NO,ff5f7073769a897a68f99dc79c47e496614e3119157c16badd7ff04237374dc8,30,LOW
2026-09-12 11:26:50,bhagy,FILE MODIFIED,.\audit_log.txt,,NO,1deab37ac4596dae4b02d983a057a1e08712ac0784f2831c518d4cb69bc996b3,30,LOW
2026-09-12 11:26:51,bhagy,FILE MODIFIED,.\audit_log.txt,,NO,54874d8055d61d506611d02907d968022bc20c331ddb90aeca5a1afa3f39ead2,30,LOW
2026-09-12 11:26:51,bhagy,FILE MODIFIED,.\audit_log.txt,,NO,abefcece65c918ad123f1b5897b83b2b0ed6ba5f0ddf6597076110e1f8dae187,30,LOW
2026-09-12 11:26:51,bhagy,FILE MODIFIED,.\audit_log.txt,,NO,ef6d6f0cecb3801c4a7540d77edf0e0e9b102e806479735f9728505a371e25cb,30,LOW
2026-09-12 11:26:51,bhagy,FILE MODIFIED,.\audit_log.txt,,NO,0f9cf14e59759d90c1188d4096187f369a4c58fc91496bce1fa26dfed40d6403,30,LOW
2026-09-12 11:26:51,bhagy,FILE MODIFIED,.\audit_log.txt,,NO,bb79b418226b3502efb1cd98c78b428cc60e4f10b0f07b14bf63138356287457,30,LOW
2026-09-12 11:26:51,bhagy,FILE MODIFIED,.\audit_log.txt,,NO,f7abcdddb7593bde040f38165c4258784b3ac21ff47556e082d149c0ee94a8ba,30,LOW
2026-09-12 11:26:51,bhagy,FILE MODIFIED,.\audit_log.txt,,NO,de9f2fb5a88416e6a63f5c15c3490a1db683607f7b0f02e7b7aa0eeb3b93cd45,30,LOW
2026-09-12 11:26:51,bhagy,FILE MODIFIED,.\audit_log.txt,,NO,c825f9dc2ee1f9f07e0bf85fcb5513c110ed856900234e133afcfdd25baaba86,30,LOW
2026-09-12 11:26:51,bhagy,FILE MODIFIED,.\audit_log.txt,,NO,1530638a7cb8aaa525f42c9261b7590eaaecdd82c352621ea0e28aaaa8c5e85f,30,LOW
2026-09-12 11:26:51,bhagy,FILE MODIFIED,.\audit_log.txt,,NO,0e735e65aaaec82b833745446b263ffcbf04716277123a16b3e05e82acfa76b3,30,LOW
2026-09-12 11:26:52,bhagy,FILE MODIFIED,.\audit_log.txt,,NO,147f0405817a3a52f23a7e2cbce93ff36d3ee1458b3042c4986df8c3cd70cb64,30,LOW
2026-09-12 11:26:52,bhagy,FILE MODIFIED,.\audit_log.txt,,NO,170dd16afed50a31f8a0452255affa62ebd3a12af97ea94522977f7bc6ec6ce6,30,LOW
2026-09-12 11:26:52,bhagy,FILE MODIFIED,.\audit_log.txt,,NO,12d096a086f13670c328db5627aecba775c526b4d06ff3e7e765e884a73d2a8f,30,LOW
2026-09-12 11:26:52,bhagy,FILE MODIFIED,.\audit_log.txt,,NO,1865a4b318fa22bc9d0c0fe048610267c0ba40c30b723077d6f4349a5bf5ff7a,30,LOW
2026-09-12 11:26:52,bhagy,FILE MODIFIED,.\audit_log.txt,,NO,93ade1a1ddc69175578f11dccd4d37d89b801536523d9cde06abe861f5886156,30,LOW
2026-09-12 11:26:52,bhagy,FILE MODIFIED,.\audit_log.txt,,NO,ee7283e921e6e69edf589bb2260db7dd26d82e1079eb69093469399640ef6805,30,LOW
2026-09-12 11:26:52,bhagy,FILE MODIFIED,.\audit_log.txt,,NO,a6cef791fa0b8a5f3c757927715a98512dc83d429f1d379e720fbc9fe727ed97,30,LOW
2026-09-12 11:26:52,bhagy,FILE MODIFIED,.\audit_log.txt,,NO,dda1ad49649d90751b616f6c4633887a9bc3125f63af4fc62296356f190b8396,30,LOW
2026-09-12 11:26:52,bhagy,FILE MODIFIED,.\audit_log.txt,,NO,afc49d6fd06baf720fbfacf860a00f0598547acb4cf37801d1d7c0bb8e23e7b7,30,LOW
2026-09-12 11:26:52,bhagy,FILE MODIFIED,.\audit_log.txt,,NO,adc751dedcc6fcb5ea339c349207d7a8500cfd9cbc81415713eb8ce61e088423,30,LOW
2026-09-12 11:26:53,bhagy,FILE MODIFIED,.\audit_log.txt,,NO,c19444163307a0d225b7b6938418730ff11a0abd89e56415c528d52576000436,30,LOW
2026-09-12 11:26:53,bhagy,FILE MODIFIED,.\audit_log.txt,,NO,51ec3a5f6905bc1a9c5c2b31f64712e6235d7e8f03d6f8a956bc93e1f641b575,30,LOW
2026-09-12 11:26:53,bhagy,FILE MODIFIED,.\audit_log.txt,,NO,fdfb6a976bfa5214fcff79687bb9730bd816d3d415182c0faebf9c45ac6da85d,30,LOW
2026-09-12 11:26:53,bhagy,FILE MODIFIED,.\audit_log.txt,,NO,d7654e27a1f5f7d1d3d2ca3430eadbfac7a8fcefa907df062147ea9567867a23,30,LOW
2026-09-12 11:26:53,bhagy,FILE MODIFIED,.\audit_log.txt,,NO,15fd7854b06e72e1cac3a056c68c705b228ad32dd0d23ccc30690ebd081c800f,30,LOW
2026-09-12 11:26:53,bhagy,FILE MODIFIED,.\audit_log.txt,,NO,a0db6d660f12123e0e46bbb41b17b1cfd6667e2b747361185051be2dd4db700d,30,LOW
2026-09-12 11:26:53,bhagy,FILE MODIFIED,.\audit_log.txt,,NO,93a051383e451583753007a6f2a1980f5a742e4fb5a0032bdc8fa9141dd4ead4,30,LOW
2026-09-12 11:26:53,bhagy,FILE MODIFIED,.\audit_log.txt,,NO,c6bc391f52337c60cb7e08b505e5b8f602da39b51eee291345802881b29f9e05,30,LOW
2026-09-12 11:26:53,bhagy,FILE MODIFIED,.\audit_log.txt,,NO,a4bd8ddf58f88cee18abd3778d959fd334232da2cad4868feb76e78f749b1b9d,30,LOW
2026-09-12 11:26:54,bhagy,FILE MODIFIED,.\audit_log.txt,,NO,ad8e79929ac9881847438799e55bdec58643067f1e08eae9aa95e977e6c9331b,30,LOW
2026-09-12 11:26:54,bhagy,FILE MODIFIED,.\audit_log.txt,,NO,9e6830318716827fc16f71e8f3f03e03a6645b27d724c6806a8dacfca5d97e88,30,LOW
2026-09-12 11:26:54,bhagy,FILE MODIFIED,.\audit_log.txt,,NO,4d46da00d5fee43b2ff0064e8f9edb67ecbeb365411ecb6bda3be1f8d1baa0eb,30,LOW
2026-09-12 11:26:54,bhagy,FILE MODIFIED,.\audit_log.txt,,NO,b32d8e1984abf62c3be2e85692fb7bb140e34b9b1c97dd5e3ee8246c4ffec948,30,LOW
2026-09-12 11:26:54,bhagy,FILE MODIFIED,.\audit_log.txt,,NO,fda77f5cc4d4ec712a3e0dcdc2d925bb147a61f32fc26d866b042bee6cf9001e,30,LOW
2026-09-12 11:26:54,bhagy,FILE MODIFIED,.\audit_log.txt,,NO,cd6abdcc5266b2237bfab80d6ee13a5a95c7a5560492cc3e231314b0b0a21cbf,30,LOW
2026-09-12 11:26:54,bhagy,FILE MODIFIED,.\audit_log.txt,,NO,c176c092b9ec7cd4531d8abda1c5aff63c6101dcfbaa1a0fa71922a93c591542,30,LOW
2026-09-12 11:26:54,bhagy,FILE MODIFIED,.\audit_log.txt,,NO,443d7d57ce520b067bbad44f36d7d734f36c572d6827a27409404584ccbfd92b,30,LOW
2026-09-12 11:26:54,bhagy,FILE MODIFIED,.\audit_log.txt,,NO,1dbfa8065633094d8fc2b457f56a3fd52febf0dac0c5bff71367b7af12566071,30,LOW
2026-09-12 11:26:54,bhagy,FILE MODIFIED,.\audit_log.txt,,NO,e1645863439757bdd52e8d1fb7e86a293b285f1782756e69e3839f5e480bd900,30,LOW
2026-09-12 11:26:54,bhagy,FILE MODIFIED,.\audit_log.txt,,NO,2c9f69108351c03263f8a957f4eb6702f8858b86869574d74e77e1f4608efb6f,30,LOW
2026-09-12 11:26:55,bhagy,FILE MODIFIED,.\audit_log.txt,,NO,82496474d15318fb74ff43b0cc1e0a4a7a7ac474903843658e1efc75a27b8a96,30,LOW
2026-09-12 11:26:55,bhagy,FILE MODIFIED,.\audit_log.txt,,NO,0fd64c5a5736b290b0cda41f9ae65269a2d8019d82c7551269c03bb50ba06bfe,30,LOW
2026-09-12 11:26:55,bhagy,FILE MODIFIED,.\audit_log.txt,,NO,8a7bb3b1d03396d820388b9cc11531247292536a19bcb1c4ed521b0f4549c77e,30,LOW
2026-09-12 11:26:55,bhagy,FILE MODIFIED,.\test_folder\test_folder\New folder\file2.txt,,NO,e3b0c44298fc1c149afbf4c8996fb92427ae41e4649b934ca495991b7852b855,0,LOW
2026-09-12 11:26:55,bhagy,FILE MODIFIED,.\audit_log.txt,,NO,ada9e55fd489f169211d75a4acf238c11b068cdcb1554682c837ccd807783018,30,LOW
2026-09-12 11:26:55,bhagy,FILE MODIFIED,.\audit_log.txt,,NO,7f2fa0f8e5e361f0b168ac285a6be230909e5d96f4f7e09f019092e0f5ddda97,30,LOW
2026-09-12 11:26:55,bhagy,FILE MODIFIED,.\audit_log.txt,,NO,6ad57079ee50741b860ff2be29df1a3f1d1dd7b4707f6e0d04c03b34168b41bb,30,LOW
2026-09-12 11:26:55,bhagy,FILE MODIFIED,.\audit_log.txt,,NO,9bb2b3fd5fe65680782ff55aa1a36069bbff287ad3fe175040b4d4acf69b0d20,30,LOW
2026-09-12 11:26:55,bhagy,FILE MODIFIED,.\audit_log.txt,,NO,ff66571909d79134f8f572df6147f152539d8d09db0b0b2a68bf3409541d4fbf,30,LOW
2026-09-12 11:26:56,bhagy,FILE MODIFIED,.\audit_log.txt,,NO,8b812a66d9109d5f97d1e59bc85aa10633eb89e631da2f5b2ea861fb6d1dc6ce,30,LOW
2026-09-12 11:26:56,bhagy,FILE MODIFIED,.\audit_log.txt,,NO,e59c2df17acf58a139ebc6eb18163cc5807d0bbe57cba18332984f3621f5aa65,30,LOW
2026-09-12 11:26:56,bhagy,FILE MODIFIED,.\audit_log.txt,,NO,4ecb1bc9e9652d9cf661d5a21d2bb728aba758c62efec63fbedb211203f5dc61,30,LOW
2026-09-12 11:26:56,bhagy,FILE MODIFIED,.\audit_log.txt,,NO,ee44245281e693c1d93f0bce5cf534265c6112c1a9b51e73a852ccee629f135d,30,LOW
2026-09-12 11:26:56,bhagy,FILE MODIFIED,.\audit_log.txt,,NO,f96a1455cdc4e83082558cbb0a3545d7bc402e5157b5aab463250770ae5e7e62,30,LOW
2026-09-12 11:26:56,bhagy,FILE MODIFIED,.\audit_log.txt,,NO,e78a7815ecc6c0eba8cc3ddce0868ba4b91b2d3b55062d873a6c7ee52b1a6ed4,30,LOW
2026-09-12 11:26:56,bhagy,FILE MODIFIED,.\audit_log.txt,,NO,5754b4a22d7818b4ca1aa88ac80f2cd6fb69c0f4e35612a59fff8d8583270483,30,LOW
2026-09-12 11:26:56,bhagy,FILE MODIFIED,.\audit_log.txt,,NO,11252e69d5bcab9c7a870788f2be3b34e598ef3cd0b6023b7794c8a6c56f72e5,30,LOW
2026-09-12 11:26:56,bhagy,FILE MODIFIED,.\audit_log.txt,,NO,9733f5299c1d235826b24da2e31ad5592e9a9d0f0a6c4949ba349e30a5a7ca87,30,LOW
2026-09-12 11:26:56,bhagy,FILE MODIFIED,.\audit_log.txt,,NO,2df4982a25ad097845cf7f1fdd1d12cf008488dae92d8ddb005c359bca98b294,30,LOW
2026-09-12 11:26:57,bhagy,FILE MODIFIED,.\audit_log.txt,,NO,9f5efd2e4cfb83a7bcca8195513e551a6a28e3c0364a80428f6c507d74f9d8fb,30,LOW
2026-09-12 11:26:57,bhagy,FILE MODIFIED,.\audit_log.txt,,NO,4f5ee897d0dfb498158178d2d7011031e0b67acbb89ea49ae67ae07aad22b3c4,30,LOW
2026-09-12 11:26:57,bhagy,FILE MODIFIED,.\audit_log.txt,,NO,a54f92c9f4f20693c6e3b8d5cfd0b82230ba9f0d3593579b366eb755647ee961,30,LOW
2026-09-12 11:26:57,bhagy,FILE MODIFIED,.\audit_log.txt,,NO,9765f730ff2b344d3063315f2d133af1289b8bd141674c0bea686bd669b42ef7,30,LOW
2026-09-12 11:26:57,bhagy,FILE MODIFIED,.\audit_log.txt,,NO,f1079f273c916b54b63e144a586f3beb453b6e2095048e049ff2ed020e3b3749,30,LOW
2026-09-12 11:26:57,bhagy,FILE MODIFIED,.\audit_log.txt,,NO,60b45f48bfe7850a0dd853f903697e6073967ef0eff8d846599ce61c6faa6220,30,LOW
2026-09-12 11:26:57,bhagy,FILE MODIFIED,.\audit_log.txt,,NO,5fad613d201c963301236487ccf1bb1254dc4478d17ab123a8eadfe97dfd1c8b,30,LOW
2026-09-12 11:26:57,bhagy,FILE MODIFIED,.\audit_log.txt,,NO,e76f23be400811a2f2160373f77785b54de3af86297bf7b508670424f00f3e6e,30,LOW
2026-09-12 11:26:57,bhagy,FILE MODIFIED,.\audit_log.txt,,NO,d90379ec9db3427907cd5681867849ad2d3ef342556ec8cff61a3bdb945d306f,30,LOW
2026-09-12 11:26:57,bhagy,FILE MODIFIED,.\audit_log.txt,,NO,35297da003a11cf0fcc21a0fa76e94047f2ecbce766cedc25a725123cba8e1c5,30,LOW
2026-09-12 11:26:58,bhagy,FILE MODIFIED,.\audit_log.txt,,NO,6e84b950089b49a34066021f0718e08f7e1b57e1f136e34cdf2c5d795beab7ab,30,LOW
2026-09-12 11:26:58,bhagy,FILE MODIFIED,.\audit_log.txt,,NO,aa5bc3c822f46e8e2defcca2b9a23c4241155947687b50373438fd015780e941,30,LOW
2026-09-12 11:26:58,bhagy,FILE MODIFIED,.\audit_log.txt,,NO,7f04749ede784e40feba09c4003a6cc0ea7de0a2ce38a62aa222604f56bdc9e4,30,LOW
2026-09-12 11:26:58,bhagy,FILE MODIFIED,.\audit_log.txt,,NO,f13bb6438c8bbec0d0d624b6a86f836cf1e98650645fa744288ceaf986729d3d,30,LOW
2026-09-12 11:26:58,bhagy,FILE MODIFIED,.\audit_log.txt,,NO,8e095e349daa30377cf475009a3b8aec8c32510f44baddffb0243402ae48ca7a,30,LOW
2026-09-12 11:26:58,bhagy,FILE MODIFIED,.\audit_log.txt,,NO,dd02a82adf88829212019235c80619801bbc975fa4e1b95de18bd5d6938de796,30,LOW
2026-09-12 11:26:58,bhagy,FILE MODIFIED,.\audit_log.txt,,NO,59e32b6a9216df53f869215ac6eb0d514ead64d68e84634a30927edc9cd3facc,30,LOW
2026-09-12 11:26:58,bhagy,FILE MODIFIED,.\audit_log.txt,,NO,80447588294eedcf51e34e08acb0b8b4302a0ee5b3f26bce991ba1f3d89fb82d,30,LOW
2026-09-12 11:26:58,bhagy,FILE MODIFIED,.\audit_log.txt,,NO,81ebf4ff9cac83d712061a3b2fc4c43acac6efbb064b346fe3f795427501a43e,30,LOW
2026-09-12 11:26:59,bhagy,FILE MODIFIED,.\audit_log.txt,,NO,7a5382acd1022c00584f308917d37507cd3e5458b03d0e622b49bc446b252dd4,30,LOW
2026-09-12 11:26:59,bhagy,FILE MODIFIED,.\audit_log.txt,,NO,2cb71dca1b1bb2a132cf6c2cf1cd380931ce84e1a365b3e62f01d4129b0effbf,30,LOW
2026-09-12 11:26:59,bhagy,FILE MODIFIED,.\audit_log.txt,,NO,f4ae6a3f469645220e3156bca32f995d89e17456face5e5938766aff5f310eec,30,LOW
2026-09-12 11:26:59,bhagy,FILE MODIFIED,.\audit_log.txt,,NO,92404751043a9f98e3cfb3c222676665c7f5a4a20e3e60c6d49484d2983e68b5,30,LOW
2026-09-12 11:26:59,bhagy,FILE MODIFIED,.\audit_log.txt,,NO,7bbed67729ad6c7817970edd82752188ed9e7e2b00b7f67743172857d385de08,30,LOW
2026-09-12 11:26:59,bhagy,FILE MODIFIED,.\audit_log.txt,,NO,c0671bd9eb9f53ddf807f61b51c5faa4200b2d6b5f73a0cbd048d3b729dca908,30,LOW
2026-09-12 11:26:59,bhagy,FILE MODIFIED,.\audit_log.txt,,NO,fd0188476ca43c33bfb26d3723fc99a3821735a970f0abd28d45675fea9d7dfc,30,LOW
2026-09-12 11:26:59,bhagy,FILE MODIFIED,.\audit_log.txt,,NO,5d1ff259d9be01da090ed282feb2819fb0cd0dbfb19a518175f003f6510f15b2,30,LOW
2026-09-12 11:26:59,bhagy,FILE MODIFIED,.\audit_log.txt,,NO,38c5f31c85ef709ad997466d357633c2340ba83eb00b6fba14a2bf0a38951027,30,LOW
2026-09-12 11:26:59,bhagy,FILE MODIFIED,.\audit_log.txt,,NO,d9f6f7fba1b6cb994d75b86af371d57896cc1e2f9f487670cae9bbc52087e84f,30,LOW
2026-09-12 11:27:00,bhagy,FILE MODIFIED,.\audit_log.txt,,NO,df38c0128c67f614177df5c687435e608c942f6be4d8d8b014d750b7842ba3e8,30,LOW
2026-09-12 11:27:00,bhagy,FILE MODIFIED,.\audit_log.txt,,NO,d267331ee60a7cfa957012580751b70c305554bcee2f4f0b2a1638777209608e,30,LOW
2026-09-12 11:27:00,bhagy,FILE MODIFIED,.\audit_log.txt,,NO,376ef1d85e9aba7820180f7c012d4b98c443cf7d23aefded7bfb5f701bc368fa,30,LOW
2026-09-12 11:27:00,bhagy,FILE MODIFIED,.\audit_log.txt,,NO,d3d9dd5357b7605da93f4d6bb95974952c4ff0bf985a8f035260fe3f6293e7d9,30,LOW
2026-09-12 11:27:00,bhagy,FILE MODIFIED,.\audit_log.txt,,NO,f084a7e775c316d65ee4a3f6e01d5b2063eb017398a9f3aaa1ab914d49d90814,30,LOW
2026-09-12 11:27:00,bhagy,FILE MODIFIED,.\audit_log.txt,,NO,75e18840f85cbe12ca049ca078989683df59bfe2d6abd865c9f25280396df478,30,LOW
2026-09-12 11:27:00,bhagy,FILE MODIFIED,.\audit_log.txt,,NO,5f7f786b3e30d9ec91de4d234c2eb3d502300b44a19c17783aa69a7d03ff9dc6,30,LOW
2026-09-12 11:27:00,bhagy,FILE MODIFIED,.\audit_log.txt,,NO,a9932cfb55be3921e4584c88cd7b7c362987ef825c4518aeaf5afa501ee8c1b5,30,LOW
2026-09-12 11:27:00,bhagy,FILE MODIFIED,.\audit_log.txt,,NO,daaeb4390c550ebe8c9d5869072ad005254a18401b8973ece121201c9a935093,30,LOW
2026-09-12 11:27:00,bhagy,FILE MODIFIED,.\audit_log.txt,,NO,a60de356de258010ad8ef3b8ceca4149cf645a66bf4c3e5488c56a555bb54882,30,LOW
2026-09-12 11:27:01,bhagy,FILE MODIFIED,.\audit_log.txt,,NO,1ec2b9cbf2724fe7599d10a4ee34ea1b5af2b2be658d5f8458fb27e9bb588084,30,LOW
2026-09-12 11:27:01,bhagy,FILE MODIFIED,.\audit_log.txt,,NO,586ef70606116a363915c0ef2d52d2e79bfb34afe977b35eaa080a7f4dc0a382,30,LOW
2026-09-12 11:27:01,bhagy,FILE MODIFIED,.\audit_log.txt,,NO,b7557b54f39fff7a8254aacd7288c6dea14776734bc945fc3a3441fec307432d,30,LOW
2026-09-12 11:27:01,bhagy,FILE MODIFIED,.\audit_log.txt,,NO,26d7da5b893e84c9b8fff11e4c61dd21509ae27c7f6dadf115e9b2e32299f9a3,30,LOW
2026-09-12 11:27:01,bhagy,FILE MODIFIED,.\audit_log.txt,,NO,fcb5aec2005dc89dfb97403a695bc7d4c164f17031ae69160f57932d969a5e05,30,LOW
2026-09-12 11:27:01,bhagy,FILE MODIFIED,.\audit_log.txt,,NO,c875c7cbe9934c0ea09d101b8740879de4f053fc28091b0ea4a4802c5a01ffe2,30,LOW
2026-09-12 11:27:01,bhagy,FILE MODIFIED,.\audit_log.txt,,NO,e948ffa99eaf8f4373cc9d6c5ebf17fe8efe72d9528d8621b96bd9e2f4b9915b,30,LOW
2026-09-12 11:27:01,bhagy,FILE MODIFIED,.\audit_log.txt,,NO,dbeb100f90978d08532107114c299eac44ded76571e1da40890017433be207cf,30,LOW
2026-09-12 11:27:01,bhagy,FILE MODIFIED,.\audit_log.txt,,NO,d7153b400494fe3d3f4ba722915de60be310767524382684ab20582ca75cd293,30,LOW
2026-09-12 11:27:02,bhagy,FILE MODIFIED,.\audit_log.txt,,NO,7ddec284411d671c185afb111dddaefc35d7d17b4a6a697fe707d516c3b8df26,30,LOW
2026-09-12 11:27:02,bhagy,FILE MODIFIED,.\audit_log.txt,,NO,a15bac57a1bdd299340d3d3277d37bcb5827c22fe1afbb0b35dd960044dcdd78,30,LOW
2026-09-12 11:27:02,bhagy,FILE MODIFIED,.\audit_log.txt,,NO,3380b0a7319dbbfc1ebbfec837a720012d05ca4845aa7ff0074199bf9a638bce,30,LOW
2026-09-12 11:27:02,bhagy,FILE MODIFIED,.\audit_log.txt,,NO,f351230cbd1b66831a62abbdd9c85d2deb66691091beecc77bdf4b93f5ed0c57,30,LOW
2026-09-12 11:27:02,bhagy,FILE MODIFIED,.\audit_log.txt,,NO,a2fc30e631ad2aebd8d5caa8e4c7aac4d9b660e7147d0117768e0be3527b39e4,30,LOW
2026-09-12 11:27:02,bhagy,FILE MODIFIED,.\audit_log.txt,,NO,9ddc90752939fd6d7bd4f10ee5e41023bfb7ba016ada5efe6dcaf012a561dae1,30,LOW
2026-09-12 11:27:02,bhagy,FILE MODIFIED,.\audit_log.txt,,NO,eaa259be37895809577cc1e993696c137d6d70cae279b68680dc5486c4a8b784,30,LOW
2026-09-12 11:27:02,bhagy,FILE MODIFIED,.\audit_log.txt,,NO,23ebad610481d3de3501e585f229e21604327cec214874872b9be20770fe9c90,30,LOW
2026-09-12 11:27:02,bhagy,FILE MODIFIED,.\audit_log.txt,,NO,18c188484e4de49c612d4b1b8984eceb2894e1d5061878b839da6e32eb8cf52b,30,LOW
2026-09-12 11:27:03,bhagy,FILE MODIFIED,.\audit_log.txt,,NO,ee7cf45b72201a413ba43f0a70c46fd5706f0d5274ed2a1567a8211bdbdea692,30,LOW
2026-09-12 11:27:03,bhagy,FILE MODIFIED,.\audit_log.txt,,NO,b2705678361422fd5dfad4d1bd33fe217dbbd4e8dada954282faf443823054a1,30,LOW
2026-09-12 11:27:03,bhagy,FILE MODIFIED,.\audit_log.txt,,NO,5e00ed079bce8950d1e2304d7bd11ad45a0b3e07d7dd5cb06fcb97827a4f762c,30,LOW
2026-09-12 11:27:03,bhagy,FILE MODIFIED,.\audit_log.txt,,NO,ce35c71e06133e8b32c8645a026e3484d5c15a44b1c966083ff8c3a2b9b0a2e4,30,LOW
2026-09-12 11:27:03,bhagy,FILE MODIFIED,.\audit_log.txt,,NO,4c7f55455e2f46d0b82a85fe1d8e8ac975ca572addb6abdef5c89f8fc4947429,30,LOW
2026-09-12 11:27:03,bhagy,FILE MODIFIED,.\audit_log.txt,,NO,a5d573a8744097f8aba88fc3599dfe2c8e5313738d2a9b098ca218fb0058e63a,30,LOW
2026-09-12 11:27:03,bhagy,FILE MODIFIED,.\audit_log.txt,,NO,bec4e2f9ef43741f206565732546e12405299826935ae9ffbc135ae3053255ff,30,LOW
2026-09-12 11:27:03,bhagy,FILE MODIFIED,.\audit_log.txt,,NO,0b5b5229ecc3b8dab297077bcef10303f7ace2cf8f5610d6f53bb571ffe5970c,30,LOW
2026-09-12 11:27:03,bhagy,FILE MODIFIED,.\audit_log.txt,,NO,90956c6d49769e0e0151ae5dd649ae05169868a6ddaae66658aa259dbb60ffbe,30,LOW
2026-09-12 11:27:03,bhagy,FILE MODIFIED,.\audit_log.txt,,NO,18990fbf31f031a4a6bfa8a620a8d9d814c3368852eb908d603f8e2f9a1ac51a,30,LOW
2026-09-12 11:27:03,bhagy,FILE MODIFIED,.\audit_log.txt,,NO,9481011f23953c1bb72271308ce04ae9273395c124c53e1838253bc61002d6b3,30,LOW
2026-09-12 11:27:04,bhagy,FILE MODIFIED,.\audit_log.txt,,NO,ce6be8ff8a7377f9c5843f37533c03c98bc67488a7978096b663f2f52a076e16,30,LOW
2026-09-12 11:27:04,bhagy,FILE MODIFIED,.\audit_log.txt,,NO,b08f7e12198006f5774d943f1d451b402cc98247bdd314eac972b1d02d37bbce,30,LOW
2026-09-12 11:27:04,bhagy,FILE MODIFIED,.\audit_log.txt,,NO,f69394fb239f9ef6fffae14a43ef9c970dcafc044830ed70da6b82588d5ea0f6,30,LOW
2026-09-12 11:27:04,bhagy,FILE MODIFIED,.\audit_log.txt,,NO,331195af19db111c6af36b1762b2d2a1671b4d4269a2893ae81be4fcba7b9935,30,LOW
2026-09-12 11:27:04,bhagy,FILE MODIFIED,.\audit_log.txt,,NO,401a86d6af2aa7009e843a26bfde53316b8794ab036ecf970c705d1a3b2f8386,30,LOW
2026-09-12 11:27:04,bhagy,FILE MODIFIED,.\audit_log.txt,,NO,a446a0efac00a3564eb84c192e5499ba82185098ee9212819b564ddb2925d2b4,30,LOW
2026-09-12 11:27:04,bhagy,FILE MODIFIED,.\audit_log.txt,,NO,617eeab7bf5ad0900b5733e444d1ac67342207003d605c7d7110d3939890abe3,30,LOW
2026-09-12 11:27:04,bhagy,FILE MODIFIED,.\audit_log.txt,,NO,5cb3153bbf00b98abc7014aaad788fe08c75714d7960e5091d8db5bdee7f6146,30,LOW
2026-09-12 11:27:05,bhagy,FILE MODIFIED,.\audit_log.txt,,NO,33523d275ba5f7cb57f591f5b50da312e253331ec8422e3543785560f5648849,30,LOW
2026-09-12 11:27:05,bhagy,FILE MODIFIED,.\audit_log.txt,,NO,ffe0a1a726191a84a577e9c090b4968451da16c9574397fda66b761940a0bc53,30,LOW
2026-09-12 11:27:05,bhagy,FILE MODIFIED,.\audit_log.txt,,NO,5252a019e229112e3afd988502d5f535938e3b43ad5e71fd78e6b41bf4f87320,30,LOW
2026-09-12 11:27:05,bhagy,FILE MODIFIED,.\audit_log.txt,,NO,7a08c66c72d07f8787836d5b8212db10a15082a1aa546527dff37f224e447c05,30,LOW
2026-09-12 11:27:05,bhagy,FILE MODIFIED,.\audit_log.txt,,NO,5797b7a407e2cc44e500344545e9938d9a240158ba447caf4dc2fa910edc9627,30,LOW
2026-09-12 11:27:05,bhagy,FILE MODIFIED,.\audit_log.txt,,NO,499b78752eea6008dbbfc6ec30815bc5aaabbe3ab9c3b51556da68bb870614bb,30,LOW
2026-09-12 11:27:05,bhagy,FILE MODIFIED,.\audit_log.txt,,NO,187b4b08619edacc7f8d29472c21c266439a5bfc9bad2545fb97c8546e135cba,30,LOW
2026-09-12 11:27:05,bhagy,FILE MODIFIED,.\audit_log.txt,,NO,28a6b755f88d0202f835912dd6e38dd149480c81e4b429feaac483e4a78983e8,30,LOW
2026-09-12 11:27:05,bhagy,FILE MODIFIED,.\audit_log.txt,,NO,15bf93f35d67c60e715f3709a81549fafbb0c011831e6c22f81b77fde73c3096,30,LOW
2026-09-12 11:27:05,bhagy,FILE MODIFIED,.\audit_log.txt,,NO,29b0c9ff7189ea4abd0c990cb4379c259a0f1195b74dbed9ee3bc6dadddc374b,30,LOW
2026-09-12 11:27:06,bhagy,FILE MODIFIED,.\audit_log.txt,,NO,89f26eab1b637524b62d733689f8c0f4453fbaeb1ac41ca6e59467770911ccdd,30,LOW
2026-09-12 11:27:06,bhagy,FILE MODIFIED,.\audit_log.txt,,NO,c87280f4c224087790ba62d594e2b1e54db48673669de54672544cd8472487e7,30,LOW
2026-09-12 11:27:06,bhagy,FILE MODIFIED,.\audit_log.txt,,NO,3a0ba7dadee638f63f7cd3fc01737f515ce944f4d620bff2d3d3c899c69ca38b,30,LOW
2026-09-12 11:27:06,bhagy,FILE MODIFIED,.\audit_log.txt,,NO,ceba84a295f3e622d2dfc9e6e9ff6a23227022dae8a7a4164e3ef432774c3d3a,30,LOW
2026-09-12 11:27:06,bhagy,FILE MODIFIED,.\audit_log.txt,,NO,f6c8875b9453539c7178ff8403c599e95695daf25aae43b1a9e6d66f427c84ed,30,LOW
2026-09-12 11:27:06,bhagy,FILE MODIFIED,.\audit_log.txt,,NO,c49a6d389e1c4f4350cee91dd3c3832b248b64156c099faeba49a037c5d8ef63,30,LOW
2026-09-12 11:27:06,bhagy,FILE MODIFIED,.\audit_log.txt,,NO,dc5ac56b9fc3398ec2572112e0a04225cc70bbc56c1ea1abfa18f7919818eb40,30,LOW
2026-09-12 11:27:06,bhagy,FILE MODIFIED,.\audit_log.txt,,NO,bf7589b3ce6cb025f43522b2622a2159efbee17be48af8b435aa0b07ae7b58c7,30,LOW
2026-09-12 11:27:07,bhagy,FILE MODIFIED,.\audit_log.txt,,NO,fa537d77f98f0568143f30fd519f90fc57e4dea5b0fe6e82a4572df032866165,30,LOW
2026-09-12 11:27:07,bhagy,FILE MODIFIED,.\audit_log.txt,,NO,68c16f418b58d067f46312e7ebc8c40d0136c3e3de2519fcdbe3e4de2d4f7680,30,LOW
2026-09-12 11:27:07,bhagy,FILE MODIFIED,.\audit_log.txt,,NO,b743c9625d1b36dada6531f960334c950629c9d9e396ce3199ec7814209cd2a2,30,LOW
2026-09-12 11:27:07,bhagy,FILE MODIFIED,.\audit_log.txt,,NO,702aa589f7a7c00dfbb7b62720f093021b8a61153ed6037f1eed4daad7c3c5ae,30,LOW
2026-09-12 11:27:07,bhagy,FILE MODIFIED,.\audit_log.txt,,NO,a98bba28783289a034ebd70ee67323aa3c776a86b8e5757e0bfcdb82e76a04e6,30,LOW
2026-09-12 11:27:07,bhagy,FILE MODIFIED,.\audit_log.txt,,NO,1071e1e6e8ef23b7120941af6e8d3722ff85662fd7fe397b0739f1df24934424,30,LOW
2026-09-12 11:27:07,bhagy,FILE MODIFIED,.\audit_log.txt,,NO,f3e7ed5d015da0ab1ca97da63a6dd051a564c7b9eb6939536a2fd66e02b54cb2,30,LOW
2026-09-12 11:27:07,bhagy,FILE MODIFIED,.\audit_log.txt,,NO,29b8d01d1333ba38b8ab39a1be7f296d1c829250d66ca5ccbde25d4f7074ff9b,30,LOW
2026-09-12 11:27:07,bhagy,FILE MODIFIED,.\audit_log.txt,,NO,e1313b9645c5ee5ada860e71e70086834d62d803504874ba7508a8fdd552a099,30,LOW
2026-09-12 11:27:08,bhagy,FILE MODIFIED,.\audit_log.txt,,NO,d08b37642b29f3720f833933be012282b8c05620b13c8ba4b1b27340c4347da5,30,LOW
2026-09-12 11:27:08,bhagy,FILE MODIFIED,.\audit_log.txt,,NO,63438bb2d827bd0dd2426e7b5e0276153c5ddf07c5dcc1ecf064ea432facfe82,30,LOW
2026-09-12 11:27:08,bhagy,FILE MODIFIED,.\audit_log.txt,,NO,313ba283c1bb355fc6b5059e40e5b2e96056a81ab97b5a7c453aa9d0b5e56eb8,30,LOW
2026-09-12 11:27:08,bhagy,FILE MODIFIED,.\audit_log.txt,,NO,b41b2b368c20c7415abc0fbd89b72b646b0447681d0a95ffcd0e0477ba92b4d8,30,LOW
2026-09-12 11:27:08,bhagy,FILE MODIFIED,.\audit_log.txt,,NO,5f6f39c1ffabc3fafa9159574baaef63b95af0beec1245c20904fcc33e4e0679,30,LOW
2026-09-12 11:27:08,bhagy,FILE MODIFIED,.\audit_log.txt,,NO,f0df692cbe4a9a01438ef0013d686bd2ca15dfbd2cc314fa544274711ecbc47b,30,LOW
2026-09-12 11:27:08,bhagy,FILE MODIFIED,.\audit_log.txt,,NO,75cf4980f4cb8af6363961ae9d6e9a2997e2a8251bb1856599cf05fb7d78d9f7,30,LOW
2026-09-12 11:27:08,bhagy,FILE MODIFIED,.\audit_log.txt,,NO,d69bf95ff0d7bc143c3c58046acb2ed1b8720d099a3147dbd3960eb50e21efd7,30,LOW
2026-09-12 11:27:08,bhagy,FILE MODIFIED,.\audit_log.txt,,NO,d1b3638faf2e84493d2660e96ec3adefb3d4d5a5f1609d021c2c88e2eb990195,30,LOW
2026-09-12 11:27:08,bhagy,FILE MODIFIED,.\audit_log.txt,,NO,715a99fc4d73d1fc5f6f6b805210b93e23083e570df811290063e3c13885a701,30,LOW
2026-09-12 11:27:08,bhagy,FILE MODIFIED,.\audit_log.txt,,NO,c8ace38e255e59176f1a88fde51c3d70eac74ab46c45a979bf8a32ce3be910d6,30,LOW
2026-09-12 11:27:09,bhagy,FILE MODIFIED,.\audit_log.txt,,NO,8c1886b92570ee8863ffe381c15cb09572451f2751d2b435f0c88dd7e9129e56,30,LOW
2026-09-12 11:27:09,bhagy,FILE MODIFIED,.\audit_log.txt,,NO,81216dee1496db23310788fb0e5f98e3874c30cefba6bc37803b2dd7e0770211,30,LOW
2026-09-12 11:27:09,bhagy,FILE MODIFIED,.\audit_log.txt,,NO,aed9e391ed005adc20085d2a3803f72e2afaef902c64b1f08d27ce7dd2831761,30,LOW
2026-09-12 11:27:09,bhagy,FILE MODIFIED,.\audit_log.txt,,NO,d26f1149035708710fc24de6eac0bd5d732de4eed94aefa95842fd1e1cb8b389,30,LOW
2026-09-12 11:27:09,bhagy,FILE MODIFIED,.\audit_log.txt,,NO,36af715e065223effddcc22b2b917d052b1c0a8a8002a641936e0a53b2afaea1,30,LOW
2026-09-12 11:27:09,bhagy,FILE MODIFIED,.\audit_log.txt,,NO,e45887dbc70d31e23dd4a2605e9e87da6a6759da81f707b84dce64e2924a2209,30,LOW
2026-09-12 11:27:09,bhagy,FILE MODIFIED,.\audit_log.txt,,NO,7ec31965928680c5e55c45c572d058ad3e50affd99824c58d43658c7ff3ae815,30,LOW
2026-09-12 11:27:09,bhagy,FILE MODIFIED,.\audit_log.txt,,NO,4f45afcc464c572b838ec29df984c95e1b797632f4212bbcdef0b4dbeb53e043,30,LOW
2026-09-12 11:27:09,bhagy,FILE MODIFIED,.\audit_log.txt,,NO,043630a54aba4c8a1ade79f27d22317440bc96793f59f35d5a1a0f623f5609d3,30,LOW
2026-09-12 11:27:10,bhagy,FILE MODIFIED,.\audit_log.txt,,NO,4faab20be0fb2917baf421c93d67f91aaa1a1c5f023fcd31fb1b1874b145f196,30,LOW
2026-09-12 11:27:10,bhagy,FILE MODIFIED,.\audit_log.txt,,NO,bfcd218adfaceadec5e10389fc5e96304fd8b88641f9dfeffdc009a6a34a901e,30,LOW
2026-09-12 11:27:10,bhagy,FILE MODIFIED,.\audit_log.txt,,NO,cf8ba81589e36ec5be243f9992f575a267b330e9ee53a7237bca0db1b73ee6bb,30,LOW
2026-09-12 11:27:10,bhagy,FILE MODIFIED,.\audit_log.txt,,NO,cd4d69c48236c2331a309b68023ee39056deaabb5b05699a930bfc7afd65cf2a,30,LOW
2026-09-12 11:27:10,bhagy,FILE MODIFIED,.\audit_log.txt,,NO,cc63652c862c4973b0def18e488ccb193e4a485e2140bd182fc51fbe5c32443d,30,LOW
2026-09-12 11:27:10,bhagy,FILE MODIFIED,.\audit_log.txt,,NO,187daf5f53c7959fdad33228e2b44bf7d96c476ff61f3d25b041c11386ad7148,30,LOW
2026-09-12 11:27:10,bhagy,FILE MODIFIED,.\audit_log.txt,,NO,b29edab1e2c80d4a34bf8b59b809b9cebd5208ef8c03b590e9ef511947356989,30,LOW
2026-09-12 11:27:10,bhagy,FILE MODIFIED,.\audit_log.txt,,NO,c4649814b5cdca253714b8072a1da976d056e56caef397cb23a300a72a305429,30,LOW
2026-09-12 11:27:10,bhagy,FILE MODIFIED,.\audit_log.txt,,NO,ff5ef602b4d81540f92e6987fa2c8268faa5e1f34dab84df0cfcb7911f696878,30,LOW
2026-09-12 11:27:10,bhagy,FILE MODIFIED,.\audit_log.txt,,NO,65ea9a316e8761478bd0ad13d184ab16ba7ffd6429c51fe3f18bf804f8a75e4f,30,LOW
2026-09-12 11:27:11,bhagy,FILE MODIFIED,.\audit_log.txt,,NO,2dde57da074b17a15d9776fd6de9cab155084a60108a5c562d0733ba74ffd4ed,30,LOW
2026-09-12 11:27:11,bhagy,FILE MODIFIED,.\audit_log.txt,,NO,09637b3fc757ae475625ab5e1985e1ec231b436fd589541abd79894256092f65,30,LOW
2026-09-12 11:27:11,bhagy,FILE MODIFIED,.\audit_log.txt,,NO,404351e1bc9e2b734959467523739469a20fb87e9a34a3cf2ed3e9ffd5cb20d4,30,LOW
2026-09-12 11:27:11,bhagy,FILE MODIFIED,.\audit_log.txt,,NO,8861f52b42fc27bddd5ad9076fae9c8568612f49107df5e8f1e504cca96a9264,30,LOW
2026-09-12 11:27:11,bhagy,FILE MODIFIED,.\audit_log.txt,,NO,739def545c606fa1476a0e231c799f0832a15d45b0ce6d214edb68c4fcded7c4,30,LOW
2026-09-12 11:27:11,bhagy,FILE MODIFIED,.\audit_log.txt,,NO,ffaa8f9f8352b16774ceb7d7dfb177ec366a70253a4b3c6afe41dc2c0d74bcfa,30,LOW
2026-09-12 11:27:11,bhagy,FILE MODIFIED,.\audit_log.txt,,NO,7bca7b2bc4db2a1f049b13c350ea5e7e38ba9f27731f563b71d77bba9c790f90,30,LOW
2026-09-12 11:27:11,bhagy,FILE MODIFIED,.\audit_log.txt,,NO,232d1e1fb04ffd03287dbc8f83589881a647c38b5aa58691fc586044175f7206,30,LOW
2026-09-12 11:27:11,bhagy,FILE MODIFIED,.\audit_log.txt,,NO,8e6775e635a8dcf9106ff4b09c8d79fc86c182ee03720e52390c1cefb8b8224b,30,LOW
2026-09-12 11:27:11,bhagy,FILE MODIFIED,.\audit_log.txt,,NO,e9f14ee61ad510dcda18c16d88e3fa000cbafcb3f213b470b8ec7e643f02a5c6,30,LOW
2026-09-12 11:27:12,bhagy,FILE MODIFIED,.\audit_log.txt,,NO,bb034c134cc0c66eece94c006cb57cebd9d77b66c7101d4c9634397290ad5cf6,30,LOW
2026-09-12 11:27:12,bhagy,FILE MODIFIED,.\audit_log.txt,,NO,7cf973a0161abfde4c567fd32ddab3a9150544e4db4c157dc31523f29619e829,30,LOW
2026-09-12 11:27:12,bhagy,FILE MODIFIED,.\audit_log.txt,,NO,2b417cee7916fd4ce425fbe6160684f0ac8ff46cf330caabd12e3aaaeec7fa99,30,LOW
2026-09-12 11:27:12,bhagy,FILE MODIFIED,.\audit_log.txt,,NO,a6c33a42dacc11579f9f3f5d9d2b56afabc8fb49c4fca763b44b62891dc08270,30,LOW
2026-09-12 11:27:12,bhagy,FILE MODIFIED,.\audit_log.txt,,NO,5c8a2d17b0fa0667b9fa6334a1e048aef9c32b6b0a083392d8a54e538a14e6c1,30,LOW
2026-09-12 11:27:12,bhagy,FILE MODIFIED,.\audit_log.txt,,NO,504020c7e7e2e6cee96fe9988aaddbc61eeabad8dd1996bd1448268668a80f82,30,LOW
2026-09-12 11:27:12,bhagy,FILE MODIFIED,.\audit_log.txt,,NO,06e4965e1e15c992f38d2f282d808656cf85fe0559588a550cea5560a9433c18,30,LOW
2026-09-12 11:27:12,bhagy,FILE MODIFIED,.\audit_log.txt,,NO,bc736b641f23056061493ec7347b31cf07ba58af5de6ec673d4ebcb46ef3f174,30,LOW
2026-09-12 11:27:12,bhagy,FILE MODIFIED,.\audit_log.txt,,NO,4dd5e820cb9f3a2014da040a086b1f591425a2e9a32360779942f1ab37b70afd,30,LOW
2026-09-12 11:27:12,bhagy,FILE MODIFIED,.\audit_log.txt,,NO,713d14d83f1f671f290294fbc442a4ece35ee6ca5aeb0e41424fbbf8db462332,30,LOW
2026-09-12 11:27:13,bhagy,FILE MODIFIED,.\audit_log.txt,,NO,e187291f0744665f5946a148e5353c2f52925f5b24560ff9586615fe104cab95,30,LOW
2026-09-12 11:27:13,bhagy,FILE MODIFIED,.\audit_log.txt,,NO,6d45f9021d2dfe671911e4ae5c6f05452beb8df29c1d904cdf9b97d460a9f944,30,LOW
2026-09-12 11:27:13,bhagy,FILE MODIFIED,.\audit_log.txt,,NO,d7511a3ec2316685b4be4de7e9ffbcdf8f5cc9a736a65493daffdfa31eb509f4,30,LOW
2026-09-12 11:27:13,bhagy,FILE MODIFIED,.\audit_log.txt,,NO,01fa510f90087b6df0cdaccce01c251a5fd05cd76c65f9c24bcbf26df03fa348,30,LOW
2026-09-12 11:27:13,bhagy,FILE MODIFIED,.\audit_log.txt,,NO,407bc516ee1dc156d7fb40dc0744b90064a341fa009bcafd638edcfd72428e53,30,LOW
2026-09-12 11:27:13,bhagy,FILE MODIFIED,.\audit_log.txt,,NO,2d975ed0b4df2e17c8ba83b4fec3305081aa48cd7544af083cf6eef5f2238d8a,30,LOW
2026-09-12 11:27:13,bhagy,FILE MODIFIED,.\audit_log.txt,,NO,f1b9eb91a7f95092c98c4bdf25c14f8e5e7e3a93f0692397748f557b52e997c3,30,LOW
2026-09-12 11:27:13,bhagy,FILE MODIFIED,.\audit_log.txt,,NO,d967b71c6fdf58c7e0d6e09b54e376bc4396098d833b235b1a5b17ac3d7709d9,30,LOW
2026-09-12 11:27:13,bhagy,FILE MODIFIED,.\audit_log.txt,,NO,125cae3d9118e74fef0bd165f314e5df43044cb97a577ce0573ae521e7e7d4fd,30,LOW
2026-09-12 11:27:13,bhagy,FILE MODIFIED,.\audit_log.txt,,NO,5137dfedbc23cc3ffefcd58ede376b345c490fd6edd04929864eb32fbe075ffa,30,LOW
2026-09-12 11:27:13,bhagy,FILE MODIFIED,.\audit_log.txt,,NO,85cca124ad40122cdab5b79313ca4966cbc6d7c47957c0194693cc0daced3207,30,LOW
2026-09-12 11:27:14,bhagy,FILE MODIFIED,.\audit_log.txt,,NO,1c5be5090520420d3a516fa356e30ef2077d0a0fecde8cea5659a04b3461d893,30,LOW
2026-09-12 11:27:14,bhagy,FILE MODIFIED,.\audit_log.txt,,NO,c43f80f5911db0a96a280b7dc606584d142309f0778984a269ecc9484a2e9e08,30,LOW
2026-09-12 11:27:14,bhagy,FILE MODIFIED,.\audit_log.txt,,NO,2261b6d2f3a1a2c24705d79bafac60f6ed192993a884836212bbd86e52e1da27,30,LOW
2026-09-12 11:27:14,bhagy,FILE MODIFIED,.\audit_log.txt,,NO,e410f33dc0735b252c157ee9ba6b6cdd8987c09b5a88b8f8cb49cc3add59b6b8,30,LOW
2026-09-12 11:27:14,bhagy,FILE MODIFIED,.\audit_log.txt,,NO,9114bc418bcb9843c3195032e456d77246065aa0aefa9a968444c747ca6f3068,30,LOW
2026-09-12 11:27:14,bhagy,FILE MODIFIED,.\audit_log.txt,,NO,08d60f2d7bbb329a457b9fbcb299a22aaac8938b30506057e518cdbfb8beb7bc,30,LOW
2026-09-12 11:27:14,bhagy,FILE MODIFIED,.\audit_log.txt,,NO,f85c20e31e3f2b5c07f1009d11d531ee75a8c8a3dfb55b1dd40c0620c74c1d75,30,LOW
2026-09-12 11:27:14,bhagy,FILE MODIFIED,.\audit_log.txt,,NO,ba22a3f31e390ff927af4c745a90cde069dbfa5646ea45eb642b0fbe76e145b1,30,LOW
2026-09-12 11:27:14,bhagy,FILE MODIFIED,.\audit_log.txt,,NO,a478eb5fd92eb9587bd7ecc705e820ccb0291e7966641a09ba4fad0930cc0b9c,30,LOW
2026-09-12 11:27:14,bhagy,FILE MODIFIED,.\audit_log.txt,,NO,64d80670732237d8949529f391661c637f6ff856d5e3c90f771d5ac8427d2c53,30,LOW
2026-09-12 11:27:15,bhagy,FILE MODIFIED,.\audit_log.txt,,NO,4ae21d0a5123482ee6dce3fe388cefba47898ad718f3ca381a6a6d735c329df7,30,LOW
2026-09-12 11:27:15,bhagy,FILE MODIFIED,.\audit_log.txt,,NO,fcc59721ff3757ae4b385bd41361021a80f8358979cf2ec3f6bc64c6896163b0,30,LOW
2026-09-12 11:27:15,bhagy,FILE MODIFIED,.\audit_log.txt,,NO,9f725c931d92edec5189993c36984579f120e4376c2f4cb355bd1956490b0a51,30,LOW
2026-09-12 11:27:15,bhagy,FILE MODIFIED,.\audit_log.txt,,NO,e1451cc2497d70c51dcb38d7a7a978b4f1df363a46c3a46a9ba10ce52b8a0141,30,LOW
2026-09-12 11:27:15,bhagy,FILE MODIFIED,.\audit_log.txt,,NO,b1f8f3443d31d0aa514f732f9782e78c97ec86552e68a3352450e1976320b7b1,30,LOW
2026-09-12 11:27:15,bhagy,FILE MODIFIED,.\audit_log.txt,,NO,6af6a571fd4b7a8ea5bd11984c6f432fb7fd5b1d3b2a87d2bd33873c98d1671a,30,LOW
2026-09-12 11:27:15,bhagy,FILE MODIFIED,.\audit_log.txt,,NO,8b762beec8cedb1228d2f12b0ab0248d9ccf7996b94226503e9606cea49d2098,30,LOW
2026-09-12 11:27:15,bhagy,FILE MODIFIED,.\audit_log.txt,,NO,025423691894c2d4b2bc29502e4d8cdaca3b9cab62f9319a9b93709c6c9bff8a,30,LOW
2026-09-12 11:27:15,bhagy,FILE MODIFIED,.\audit_log.txt,,NO,fd03991ce6b09a6eae8203e9584c5d3f0d1a1ed5acbe25a7187dd43be966cdd9,30,LOW
2026-09-12 11:27:15,bhagy,FILE MODIFIED,.\audit_log.txt,,NO,09dcbc312a91213220d4f9d3a48da75358d16559672a1dfb198dfeac4a17b841,30,LOW
2026-09-12 11:27:15,bhagy,FILE MODIFIED,.\audit_log.txt,,NO,129bc636819f646d9ccfc243771ac617c9a76d6e2908083c0fcc4220ac09cd6e,30,LOW
2026-09-12 11:27:15,bhagy,FILE MODIFIED,.\audit_log.txt,,NO,6c7c475bccd3740f9bf67f7998b9c51295786fb7ce0b7dec524e1bf4d47a7c4b,30,LOW
2026-09-12 11:27:16,bhagy,FILE MODIFIED,.\audit_log.txt,,NO,5b49a13eee685e93d9f63f6e2dded5d3a3b75818ff4339c8164cda8f2e7bb359,30,LOW
2026-09-12 11:27:16,bhagy,FILE MODIFIED,.\audit_log.txt,,NO,3614cdbecad9376418bcca0324d51549ed9cd9c9946d7a7cff7b33f2c4b98201,30,LOW
2026-09-12 11:27:16,bhagy,FILE MODIFIED,.\audit_log.txt,,NO,f76ab136fd4f3cee1288c2cc79fa5f000cf87ece52058a8b3b0d2c61710e9d6e,30,LOW
2026-09-12 11:27:16,bhagy,FILE MODIFIED,.\audit_log.txt,,NO,ebc167915846fda46d1bdb3365008aa902d8ee1827f441df237f6284f7d3aa33,30,LOW
2026-09-12 11:27:16,bhagy,FILE MODIFIED,.\audit_log.txt,,NO,d23ca099fd7c47fcea99fdbd2abcfcd59ad40224bc68bbc064be95b9e368b321,30,LOW
2026-09-12 11:27:16,bhagy,FILE MODIFIED,.\audit_log.txt,,NO,a2e9b01b73df613042a82e24a3e83a30d0223c1824d652ef59eee6f790746b2b,30,LOW
2026-09-12 11:27:16,bhagy,FILE MODIFIED,.\audit_log.txt,,NO,9912b8d85b682a904a5b19895158b415a638ae71ea7f3c3499cd11300d567af5,30,LOW
2026-09-12 11:27:16,bhagy,FILE MODIFIED,.\audit_log.txt,,NO,5b41bdc7a56fde1491a2d30e03078ad1c129ab1db01a2bfca51ffd15d11cfd9c,30,LOW
2026-09-12 11:27:16,bhagy,FILE MODIFIED,.\audit_log.txt,,NO,284f4fcc636e7a6d94d5f783f521d37f1fb016fd0609127b2046efe194acc5d6,30,LOW
2026-09-12 11:27:16,bhagy,FILE MODIFIED,.\audit_log.txt,,NO,79f9d5174e982fe4d2d0990108c5601a58af38105ef276a14cb2b781654ad2e0,30,LOW
2026-09-12 11:27:17,bhagy,FILE MODIFIED,.\audit_log.txt,,NO,b7a2df77b931f1780d15522e0afe03c2e1434e4ea4459c5562ea32321cd6c8b2,30,LOW
2026-09-12 11:27:17,bhagy,FILE MODIFIED,.\audit_log.txt,,NO,e9091c6bd8f636643e095502b154680b5feb870f449246ec38e0da202eb053dc,30,LOW
2026-09-12 11:27:17,bhagy,FILE MODIFIED,.\audit_log.txt,,NO,5b02c647746f2e2ad336e540f26b643f3d41c5305f9866f2c9321d37e50854d1,30,LOW
2026-09-12 11:27:17,bhagy,FILE MODIFIED,.\audit_log.txt,,NO,eb6bdcd7513c610c90099a0d5370f882307a9896892f1b5cd5d3debe2973cf7f,30,LOW
2026-09-12 11:27:17,bhagy,FILE MODIFIED,.\audit_log.txt,,NO,e0fe02061893c49b21a14f8585926df5c7ffb2dc24417ba40820e931420f679b,30,LOW
2026-09-12 11:27:17,bhagy,FILE MODIFIED,.\audit_log.txt,,NO,a4b96f387e5ba53298b73dcccbe2cf371a5c9392253679950ddcaa4e85af4e82,30,LOW
2026-09-12 11:27:17,bhagy,FILE MODIFIED,.\audit_log.txt,,NO,5325247c2c225fc5299d4775b0d1d8a28f84235686355e1c78654f275d70340b,30,LOW
2026-09-12 11:27:17,bhagy,FILE MODIFIED,.\audit_log.txt,,NO,cd8b06e294cc2e19252ec0e28677fcf91a4e3f5e907ba149b2401cc9c7966f67,30,LOW
2026-09-12 11:27:17,bhagy,FILE MODIFIED,.\audit_log.txt,,NO,7ff794cb0cacd35477831935e8e55840fcae684614feb8dab4fc91f8eeec3742,30,LOW
2026-09-12 11:27:18,bhagy,FILE MODIFIED,.\audit_log.txt,,NO,5a684782c16242671c7afcd8123c925c33244b283c8ec07faf73c305445b7e8b,30,LOW
2026-09-12 11:27:18,bhagy,FILE MODIFIED,.\audit_log.txt,,NO,8a4cf95f6526eb51720128e1e7fa0f7f36dbd96f693b6b788d0f0e9880a157b3,30,LOW
2026-09-12 11:27:18,bhagy,FILE MODIFIED,.\audit_log.txt,,NO,5983e01347cd539f6d07a0085804b2e38e37197f120fd7eb4fd8ecce99b96001,30,LOW
2026-09-12 11:27:18,bhagy,FILE MODIFIED,.\audit_log.txt,,NO,a55a7a93f705e8dd106627ee19f26fba1843d6b98ef8eefc1581daf95b12d153,30,LOW
2026-09-12 11:27:18,bhagy,FILE MODIFIED,.\audit_log.txt,,NO,fbfd848930fc2265df240b696d5dc2f707f19d82f40e77da1fdcb44cb1ec3780,30,LOW
2026-09-12 11:27:18,bhagy,FILE MODIFIED,.\audit_log.txt,,NO,795d0055a8cff78f646d7a4a1b92a9ac2412aced2f2fbb0619d023d1a0ad3d45,30,LOW
2026-09-12 11:27:18,bhagy,FILE MODIFIED,.\audit_log.txt,,NO,69735a594640e7e6cdfcc3c24c566483bf1ed8082b90865a283a8fdee5534140,30,LOW
2026-09-12 11:27:18,bhagy,FILE MODIFIED,.\audit_log.txt,,NO,a30a2d0d65ff08f6358e134823546e70323c0b58c7fbb4305d8d6b38e4e6b596,30,LOW
2026-09-12 11:27:18,bhagy,FILE MODIFIED,.\audit_log.txt,,NO,ba753c0090d276f5f4c806ca9419182ef06abb3cba58e0bab5c1c8f6c59b1f85,30,LOW
2026-09-12 11:27:18,bhagy,FILE MODIFIED,.\audit_log.txt,,NO,b60b83952066db573369579a7d384a01ede1be4484e24d744b1b46d073e96771,30,LOW
2026-09-12 11:27:19,bhagy,FILE MODIFIED,.\audit_log.txt,,NO,b95fb5efd4012dd23b2e65346f5bfede647fe939e0dfd4188ec0415f6605b2f0,30,LOW
2026-09-12 11:27:19,bhagy,FILE MODIFIED,.\audit_log.txt,,NO,822a4822205f1eb0cf824b50cc2294e1dfacd4c8cda05a031f5852c35aec48c9,30,LOW
2026-09-12 11:27:19,bhagy,FILE MODIFIED,.\audit_log.txt,,NO,a769a6924c2ec5c3009b441c9183169e5b384a45dbc5d3dd20488449dbec9cad,30,LOW
2026-09-12 11:27:19,bhagy,FILE MODIFIED,.\audit_log.txt,,NO,b8aaf47e01c7e644420770c8fb14f3a2c9c7780c6e09ff31a4cadd4a0a864fef,30,LOW
2026-09-12 11:27:19,bhagy,FILE MODIFIED,.\audit_log.txt,,NO,6394ff677d56dca5968dc2399781ed349603507e74fb4185573e4fd4195d6d80,30,LOW
2026-09-12 11:27:19,bhagy,FILE MODIFIED,.\audit_log.txt,,NO,158f7873d5065c2295cdabc8e46ce866da2921df7753025ef43c007ffb98c112,30,LOW
2026-09-12 11:27:19,bhagy,FILE MODIFIED,.\audit_log.txt,,NO,c70096cb866800a173173f0cb6208247c34ca7bb7fec3b1b916abf72f910e7bc,30,LOW
2026-09-12 11:27:19,bhagy,FILE MODIFIED,.\audit_log.txt,,NO,3069e3ade0ff457d2cc92d69b505d6a78fee6e2eae98f9b1087000769a5430d7,30,LOW
2026-09-12 11:27:20,bhagy,FILE MODIFIED,.\audit_log.txt,,NO,41f1a3dd6704c1886396d30cb5060a45feb30bf75851531886b99c93e9e50de6,30,LOW
2026-09-12 11:27:20,bhagy,FILE MODIFIED,.\audit_log.txt,,NO,3834f22614f4248866d9cfc5e1a3598be5fd98ac0f84c7bad0c8f29c5d8b8583,30,LOW
2026-09-12 11:27:20,bhagy,FILE MODIFIED,.\audit_log.txt,,NO,9f5265328d83dfff7f6580c0e363e5171fe5f7d148a75244fb01136dc9f02bbd,30,LOW
2026-09-12 11:27:20,bhagy,FILE MODIFIED,.\audit_log.txt,,NO,646dc3faa83c05dd1b129fccd72b5b4e2f6774e00cce25cda6e12b17bd918857,30,LOW
2026-09-12 11:27:20,bhagy,FILE MODIFIED,.\audit_log.txt,,NO,b4df44326f27c17764a56034d9df90d692d147fd07266dd611e9a70af9a472d7,30,LOW
2026-09-12 11:27:20,bhagy,FILE MODIFIED,.\audit_log.txt,,NO,9c21eade5bb0007c2b0c15dc425fbc5568e45ca74ab3a9859015b92e6458fe74,30,LOW
2026-09-12 11:27:20,bhagy,FILE MODIFIED,.\audit_log.txt,,NO,d00100182c6e68b965a97342bd604e04a4c51a981ef4eb9aa688f5c427b2f314,30,LOW
2026-09-12 11:27:20,bhagy,FILE MODIFIED,.\audit_log.txt,,NO,00ef6aa297c9282277b0bf11b4f55331b7e45b91754d4c4197df08d5ed58ab28,30,LOW
2026-09-12 11:27:20,bhagy,FILE MODIFIED,.\audit_log.txt,,NO,0b09ebd7f4424baa05df1ce6f7edd1ebe687f53f32aeeb171986b73e0944272e,30,LOW
2026-09-12 11:27:20,bhagy,FILE MODIFIED,.\audit_log.txt,,NO,c0a49c34dd274525f14e4d79b371ad3665fbd3207b4febc6b6d7d42916082ede,30,LOW
2026-09-12 11:27:20,bhagy,FILE MODIFIED,.\audit_log.txt,,NO,d56491177bd8202de3e2ef842853237948f1e0f6f8f7ca85fd1c18881aeef299,30,LOW
2026-09-12 11:27:21,bhagy,FILE MODIFIED,.\audit_log.txt,,NO,ce4bd34002229fe3f1d90a502bc0a62999567cf02d21c08230811d58f5a55d59,30,LOW
2026-09-12 11:27:21,bhagy,FILE MODIFIED,.\audit_log.txt,,NO,b47f6bebd01538b654c9939cd32aa5df01942fd96de66c216eed266fbf12127d,30,LOW
2026-09-12 11:27:21,bhagy,FILE MODIFIED,.\audit_log.txt,,NO,90ea651f3f0f7f3a4ee521252faca28ae9d271642d99d2fdd0f045001d87029d,30,LOW
2026-09-12 11:27:21,bhagy,FILE MODIFIED,.\audit_log.txt,,NO,02919a3c51b9a0cf54e2a8c349efddcf2ec866faf7f682f0c8dcb70f943410e9,30,LOW
2026-09-12 11:27:21,bhagy,FILE MODIFIED,.\audit_log.txt,,NO,84916752634d7be9fee68a0b84beebd181c04da503b9591950090fb43a5af33c,30,LOW
2026-09-12 11:27:21,bhagy,FILE MODIFIED,.\audit_log.txt,,NO,eeb132dfa733e4e0286e136f2fcb9e6f524742a79dc8cc895bd9a54800cdfd01,30,LOW
2026-09-12 11:27:21,bhagy,FILE MODIFIED,.\audit_log.txt,,NO,443fe1c62738fc45557365632a08a431a47b470c46c6fa67050d50532a382a3a,30,LOW
2026-09-12 11:27:21,bhagy,FILE MODIFIED,.\audit_log.txt,,NO,d9ed41aa87f7940c15f8299d38643de6f2437e530035da306e19df4f9a3f9573,30,LOW
2026-09-12 11:27:21,bhagy,FILE MODIFIED,.\audit_log.txt,,NO,180a29885517f21149e9c58d99b9007263bf865b19384d9af39863e9112c8012,30,LOW
2026-09-12 11:27:21,bhagy,FILE MODIFIED,.\audit_log.txt,,NO,622498743b13c6a4dc1a5ca553a79b0632bafc4b58dd1196d8acec8617a13b35,30,LOW
2026-09-12 11:27:22,bhagy,FILE MODIFIED,.\audit_log.txt,,NO,9e7a481ef895313ee4a158366611a1724af7286bbf2da59ff0ae5beec93f424b,30,LOW
2026-09-12 11:27:22,bhagy,FILE MODIFIED,.\audit_log.txt,,NO,317a20ad4a67e85dd0cbf528bc9cc0c8728891e3d6833520355aa5eb7c2ab19a,30,LOW
2026-09-12 11:27:22,bhagy,FILE MODIFIED,.\audit_log.txt,,NO,465952b1243ce7717a9043979c28a49c9a5930c71bf0037a4ffbbe3a816fb459,30,LOW
2026-09-12 11:27:22,bhagy,FILE MODIFIED,.\audit_log.txt,,NO,a0b3768dab5259ff26ef21f2c93b368cc9e94da7cdaa2db262d51fc8e9a62d4e,30,LOW
2026-09-12 11:27:22,bhagy,FILE MODIFIED,.\audit_log.txt,,NO,c730616120efbb898d5992824bdb25e1c5202b723e875d57dc7f59b12a917b2f,30,LOW
2026-09-12 11:27:22,bhagy,FILE MODIFIED,.\audit_log.txt,,NO,21ffde70fe57fdd7138c874c39c10cf955861d1c7a79b226b9c7f7d9e8db9109,30,LOW
2026-09-12 11:27:22,bhagy,FILE MODIFIED,.\audit_log.txt,,NO,c4fdb6eb83f7eb036af8a7078c25638edb57e2968cf1cbfe964eefb1d159bb03,30,LOW
2026-09-12 11:27:22,bhagy,FILE MODIFIED,.\audit_log.txt,,NO,e139f16593a34935d51ff9b30840c3a7ac8321ccb0f69f2fc83b547897e81410,30,LOW
2026-09-12 11:27:22,bhagy,FILE MODIFIED,.\audit_log.txt,,NO,981eeafe1e56ea511c86f5015c1df72fa7eccf20e8c7f8bbdd9c80b2feff0761,30,LOW
2026-09-12 11:27:22,bhagy,FILE MODIFIED,.\audit_log.txt,,NO,7fff85d9b9e3c37acf24c7023c8422f641c7e4329884533bcdef272b542a94c0,30,LOW
2026-09-12 11:27:22,bhagy,FILE MODIFIED,.\audit_log.txt,,NO,9350062e84bc067d24e3b9f0bc69b88013f686e302c97a368439f4c05f9634d4,30,LOW
2026-09-12 11:27:22,bhagy,FILE MODIFIED,.\audit_log.txt,,NO,2744df7d640c04dc8daa557dc20a915314bb9cdbf6a2896fff8363d199face8e,30,LOW
2026-09-12 11:27:23,bhagy,FILE MODIFIED,.\audit_log.txt,,NO,e6340228b0fa7bb9d837789360fa596e1f91fdaf400acf3df6f6d66df68886ce,30,LOW
2026-09-12 11:27:23,bhagy,FILE MODIFIED,.\audit_log.txt,,NO,6dba57dbfc90fadf552d3501e885dfb47a0c8d40a1eb272cec1bc45945adeb38,30,LOW
2026-09-12 11:27:23,bhagy,FILE MODIFIED,.\audit_log.txt,,NO,64f13cca0942fb05f3ef225f87ffcc3c645cd0561ffaa93fc21da973e4b7404d,30,LOW
2026-09-12 11:27:23,bhagy,FILE MODIFIED,.\audit_log.txt,,NO,0f77775596c5d4c1c34502188bc6857bf16b1db6b1a118af56c7616a11ea3990,30,LOW
2026-09-12 11:27:23,bhagy,FILE MODIFIED,.\audit_log.txt,,NO,b79ad45984eb25aefdf27c3f5c0b7bc4e5a0bc7bc89aa5bd76cdd2c570240a76,30,LOW
2026-09-12 11:27:23,bhagy,FILE MODIFIED,.\audit_log.txt,,NO,833a10718bd4a3ddef86b0a263970c172bec5422704bdca505a572808b43728f,30,LOW
2026-09-12 11:27:23,bhagy,FILE MODIFIED,.\audit_log.txt,,NO,7e96c701a7dc26afe1516e23f461702c9610e093451b83aa020d55dda4cc15ad,30,LOW
2026-09-12 11:27:23,bhagy,FILE MODIFIED,.\audit_log.txt,,NO,6144413da40c71f73c2dfa9614d22332ffd0e59565f7cd606ddc4f6a85820f18,30,LOW
2026-09-12 11:27:23,bhagy,FILE MODIFIED,.\audit_log.txt,,NO,bee32faf165c2b759a4e4a733f8fd39742c981df57752e0739d954368fea4d61,30,LOW
2026-09-12 11:27:24,bhagy,FILE MODIFIED,.\audit_log.txt,,NO,2d6bb6adf3ff59abc6b35792f028eafaaae3d991ee119e9bdb981ea316c880b8,30,LOW
2026-09-12 11:27:24,bhagy,FILE MODIFIED,.\audit_log.txt,,NO,d9b2ce49e6d6eb9cee4af5d66ae2db0b9b1c443ecbe8f1f107559509bccd4e5d,30,LOW
2026-09-12 11:27:24,bhagy,FILE MODIFIED,.\audit_log.txt,,NO,f6ea2751f163d12d2657a80cd7ad78386abd49f4bd1db37a31f90413cd2986b3,30,LOW
2026-09-12 11:27:24,bhagy,FILE MODIFIED,.\audit_log.txt,,NO,8238565843146004f30faa6fb982bac2a028ee202575c7ff1efcbc1b9be766e2,30,LOW
2026-09-12 11:27:24,bhagy,FILE MODIFIED,.\audit_log.txt,,NO,f15408bd09f0b320a82eebb13ab11275b053e2ce62db8f7d45cc1664ccc890d6,30,LOW
2026-09-12 11:27:24,bhagy,FILE MODIFIED,.\audit_log.txt,,NO,310a86b3fc0f6c111fea5eed1d2d7656650bb9e57d1cca522af29f00fc8e4ce7,30,LOW
2026-09-12 11:27:24,bhagy,FILE MODIFIED,.\audit_log.txt,,NO,edd3644e63286fd7beba98d27f74d6ba34fbcf8ce86755761846973decb51eea,30,LOW
2026-09-12 11:27:24,bhagy,FILE MODIFIED,.\audit_log.txt,,NO,46b4ca13bb08dbe16ba31b91b0620b9bb6342021cfb6187cb4b672c1bdd00ce2,30,LOW
2026-09-12 11:27:24,bhagy,FILE MODIFIED,.\audit_log.txt,,NO,1de956f94c1346729ac268cedde52e5ef855c646a2f9d6f0dddfa88aecaacc72,30,LOW
2026-09-12 11:27:24,bhagy,FILE MODIFIED,.\audit_log.txt,,NO,6da1317b640742e4ce5faed65c1cdc0c4868a48ef1945a9094e654049daa070d,30,LOW
2026-09-12 11:27:25,bhagy,FILE MODIFIED,.\audit_log.txt,,NO,c1555ed8aa822759e044db746df3b8dbf9c9bd1534fb41e5d71cc5110d57c447,30,LOW
2026-09-12 11:27:25,bhagy,FILE MODIFIED,.\audit_log.txt,,NO,4ac90f5d17c9b6aeb8657395d99d115fd239b2fc8f3f1253fa207609a18b83e0,30,LOW
2026-09-12 11:27:25,bhagy,FILE MODIFIED,.\audit_log.txt,,NO,1b8ba49a8f30c0466255d17944a0a550b400ad75ee43d60d6ad0ff6b011464f3,30,LOW
2026-09-12 11:27:25,bhagy,FILE MODIFIED,.\audit_log.txt,,NO,a7f6b45c77c300acdb54660917968dff6bb372fb6968ee4fe2109a63458e9f47,30,LOW
2026-09-12 11:27:25,bhagy,FILE MODIFIED,.\audit_log.txt,,NO,ae8009f0b131e282a4ed82e65fa73eebf458931bc03e455b10e464e465c09695,30,LOW
2026-09-12 11:27:25,bhagy,FILE MODIFIED,.\audit_log.txt,,NO,c1981afa87df847c752fd7fe8fcb8ceb2e204068ae6a7d07c2545770def98dab,30,LOW
2026-09-12 11:27:25,bhagy,FILE MODIFIED,.\audit_log.txt,,NO,f3a56a8add41184a904ae2867389e3d00d376b1a4923f4c12531a5690a62ca5e,30,LOW
2026-09-12 11:27:25,bhagy,FILE MODIFIED,.\audit_log.txt,,NO,06e08d8d43d7a878e94df6cbc80b6558a56a4d0ebc765a1c7137698b5ff507ea,30,LOW
2026-09-12 11:27:25,bhagy,FILE MODIFIED,.\audit_log.txt,,NO,c43dc9b73a6460ced9bc51d6653910f47967b7093fa708fda1e834876fc1bf51,30,LOW
2026-09-12 11:27:25,bhagy,FILE MODIFIED,.\audit_log.txt,,NO,d1975f7d9c50bae191e0d41e4e7d38926212afd4e4163e326888715b78254a72,30,LOW
2026-09-12 11:27:26,bhagy,FILE MODIFIED,.\audit_log.txt,,NO,3d85143d50b4ec22eb1370e0fb7ecb26da3741772a2c9ae82b3c30be20dcb766,30,LOW
2026-09-12 11:27:26,bhagy,FILE MODIFIED,.\audit_log.txt,,NO,44073aa4282f6b7da7687f11c53560fb8350711a9cab2b9aae5358afae2be2ba,30,LOW
2026-09-12 11:27:26,bhagy,FILE MODIFIED,.\audit_log.txt,,NO,801f16052bbb33108403e29b53b5178a3b4642aa2b5c8895d26ee3ed8bbd3085,30,LOW
2026-09-12 11:27:26,bhagy,FILE MODIFIED,.\audit_log.txt,,NO,3395ee9fc160af5a9d367964de685c02035f3bf05227a19eeea3024687e78fae,30,LOW
2026-09-12 11:27:26,bhagy,FILE MODIFIED,.\audit_log.txt,,NO,b46674019c758702aaeb0e40b56d0dad664ce28af7b37e21ee4a43cde6d245f9,30,LOW
2026-09-12 11:27:26,bhagy,FILE MODIFIED,.\audit_log.txt,,NO,4c4fe9a44cd7f07fc85cd1e42f99b8877ece91c3e1d931b1605fe9fc54c208f7,30,LOW
2026-09-12 11:27:26,bhagy,FILE MODIFIED,.\audit_log.txt,,NO,a80c140968cdc211ed92e39d586445cc09c5830139e4c301dbbfc3a7921de201,30,LOW
2026-09-12 11:27:26,bhagy,FILE MODIFIED,.\audit_log.txt,,NO,e2793303dc8285be8a5e23dbc129afc7bb398031f9d1f435dd2b0e00addc3556,30,LOW
2026-09-12 11:27:26,bhagy,FILE MODIFIED,.\audit_log.txt,,NO,4924ee72a5db60ed3db27ff5e5835740d3238ac2068202761fcaa79746ae892d,30,LOW
2026-09-12 11:27:26,bhagy,FILE MODIFIED,.\audit_log.txt,,NO,dded5071c7e4d9594b32c1491119be7ccf332edf0889683efa615ee32344b57f,30,LOW
2026-09-12 11:27:26,bhagy,FILE MODIFIED,.\audit_log.txt,,NO,782f1f070e29b559a3cbf8004dbc03bc161ad470d94fc8604ba7bf0532707f88,30,LOW
2026-09-12 11:27:27,bhagy,FILE MODIFIED,.\audit_log.txt,,NO,1f6fe9f4b334d35d73f45713f8e4608ec808badc04467641a074557ba03f9f92,30,LOW
2026-09-12 11:27:27,bhagy,FILE MODIFIED,.\audit_log.txt,,NO,23794fcd97116f5b79c69fc044efcccb77ac045918ee51e43d80e92f752ccf47,30,LOW
2026-09-12 11:27:27,bhagy,FILE MODIFIED,.\audit_log.txt,,NO,f44588b6977763fe22b57e5fe60ed58d2be9cdfb013d78c64fbd1b14cb44158c,30,LOW
2026-09-12 11:27:27,bhagy,FILE MODIFIED,.\audit_log.txt,,NO,5c81c6519c49f60199a204bbe97c54533cf17854d62dec06b6d7b10ecbf59e10,30,LOW
2026-09-12 11:27:27,bhagy,FILE MODIFIED,.\audit_log.txt,,NO,7348643fba7c5e54719eb7c404f5b2bf57f7ab9867d467bf13109326e492c405,30,LOW
2026-09-12 11:27:27,bhagy,FILE MODIFIED,.\audit_log.txt,,NO,437be0c07c983fb9174629af836fd2a5e005059c832749af0344776d88fc87b7,30,LOW
2026-09-12 11:27:27,bhagy,FILE MODIFIED,.\audit_log.txt,,NO,ea5155f857efb3ed6446aebc0212f9bec141a29838115ee846da81499e062326,30,LOW
2026-09-12 11:27:27,bhagy,FILE MODIFIED,.\audit_log.txt,,NO,29e65d8280d2b96261c5d888fa2b7c8631d85e0c5f29bf22c2d87d7b81c1c6f1,30,LOW
2026-09-12 11:27:27,bhagy,FILE MODIFIED,.\audit_log.txt,,NO,d68fe284ee0bfbe06705fbef01d0089d7d6d4df8f63df7df7d5fda12c01930bc,30,LOW
2026-09-12 11:27:27,bhagy,FILE MODIFIED,.\audit_log.txt,,NO,d89225391ba0bcfd802c0903baa03b7ea8687443e85a2cbd4f992b6631829f6c,30,LOW
2026-09-12 11:27:28,bhagy,FILE MODIFIED,.\audit_log.txt,,NO,f7a722d7becb840d59622eb3835af767afb2051c9cd3c1314b3f17ccde8a5f76,30,LOW
2026-09-12 11:27:28,bhagy,FILE MODIFIED,.\audit_log.txt,,NO,9ce2bea93add8fe13f2f647d7e3d50d7a82b79bae4ba1a7595cd819406e5c9cb,30,LOW
2026-09-12 11:27:28,bhagy,FILE MODIFIED,.\audit_log.txt,,NO,9888699b7038befda4fdf7d4bd7511f76af43b15c932bc3c18501e485ab764db,30,LOW
2026-09-12 11:27:28,bhagy,FILE MODIFIED,.\audit_log.txt,,NO,cd4fc4ae3839970d2f09dac1cc876d95dc1fcb5b4c2e4822336c9f2769b93e73,30,LOW
2026-09-12 11:27:28,bhagy,FILE MODIFIED,.\audit_log.txt,,NO,00f3f69ecac630141d104f112f06636f1b8c7b88e91fbba58500a41ee225aae7,30,LOW
2026-09-12 11:27:28,bhagy,FILE MODIFIED,.\audit_log.txt,,NO,23c6297d5fcbf20034d838f9b638301745cf84373dbd23b761ec6ee87e4faaf5,30,LOW
2026-09-12 11:27:28,bhagy,FILE MODIFIED,.\audit_log.txt,,NO,56b11f5c71cb6c3c3ffeb512489f8166edc68e477e43ae9322e5725701352ce7,30,LOW
2026-09-12 11:27:28,bhagy,FILE MODIFIED,.\audit_log.txt,,NO,5350a4ab783ab1e059034dd83a86f945e2e1978729125bdb42d5681cf4ed37e4,30,LOW
2026-09-12 11:27:28,bhagy,FILE MODIFIED,.\audit_log.txt,,NO,59617b04892c32442a552388e3553c978563ff25dc9b18701b8659aebc87be73,30,LOW
2026-09-12 11:27:28,bhagy,FILE MODIFIED,.\audit_log.txt,,NO,8fbeae2a8473c3bae7156626f9041708612eb7d74fa04da23213ba0df47a42bf,30,LOW
2026-09-12 11:27:28,bhagy,FILE MODIFIED,.\audit_log.txt,,NO,fbd37e2ba371abcff662dc42abd86c4689b7da80d3ba446c006b5e0fe97693b2,30,LOW
2026-09-12 11:27:29,bhagy,FILE MODIFIED,.\audit_log.txt,,NO,b3e9b7cec54b82da524980340e994c47a9548070e7bec2df1eb482c8452df46c,30,LOW
2026-09-12 11:27:29,bhagy,FILE MODIFIED,.\audit_log.txt,,NO,8dd8d0704add8fc840e2df796c63cced18a40885b26506a7da8f3d1414344864,30,LOW
2026-09-12 11:27:29,bhagy,FILE MODIFIED,.\audit_log.txt,,NO,e1a725188d403083c3e8df661742449a4e6c102ca1d2c7b827f0af0095e23c9c,30,LOW
2026-09-12 11:27:29,bhagy,FILE MODIFIED,.\audit_log.txt,,NO,d877db1dc8aed2597354eb1129b71eb342e3b514a047d9e07b68509f75b4fbdb,30,LOW
2026-09-12 11:27:29,bhagy,FILE MODIFIED,.\audit_log.txt,,NO,9a19fc9f6697f0d9eaa035d0b704f5be22899b20842f128b35f2e8c61e32d6d6,30,LOW
2026-09-12 11:27:29,bhagy,FILE MODIFIED,.\audit_log.txt,,NO,0cbbbd69f4d18a90bc5cfd7d722577a282f66842e9e98b7755710ccb5a333f4e,30,LOW
2026-09-12 11:27:29,bhagy,FILE MODIFIED,.\audit_log.txt,,NO,4de6ba0db0ba4f75bd7bb341dbd287ee8c43cda943e161ccfd1dda83f74c7a5d,30,LOW
2026-09-12 11:27:29,bhagy,FILE MODIFIED,.\audit_log.txt,,NO,4c84f220cf422b6d291956d7e3499b51bb0ae771cb42efdaed710879da8dd586,30,LOW
2026-09-12 11:27:29,bhagy,FILE MODIFIED,.\audit_log.txt,,NO,4df1d02e6b9b3b295a1e464e2e4ed6e06b01b9fbafb54e4bdaf14ec64167e094,30,LOW
2026-09-12 11:27:30,bhagy,FILE MODIFIED,.\audit_log.txt,,NO,3441565ca60fe783bb4072fe53bf4d5c3e72fb3a5692c3df4e914a94e00961b5,30,LOW
2026-09-12 11:27:30,bhagy,FILE MODIFIED,.\audit_log.txt,,NO,0ba59f93c0ff570cf60f3d5fd99ffed0e45154f196e62bfebb2330020726c301,30,LOW
2026-09-12 11:27:30,bhagy,FILE MODIFIED,.\audit_log.txt,,NO,e03cee8047ce2f2d99dcee447ed9989285c7f10fae86f2b86157cca74bdf91a8,30,LOW
2026-09-12 11:27:30,bhagy,FILE MODIFIED,.\audit_log.txt,,NO,ab34859e23e2fc9ca017079918d4ff179024f13a3b23ee987f770984adc759b9,30,LOW
2026-09-12 11:27:30,bhagy,FILE MODIFIED,.\audit_log.txt,,NO,d275bd6bd558c1c29bcdcdea65c3269f56e32bf987f574714a5d85efd8dff289,30,LOW
2026-09-12 11:27:30,bhagy,FILE MODIFIED,.\audit_log.txt,,NO,91654531507f7a391fce8cf4781699b8f639d5ecad9988f3772043f323253fcb,30,LOW
2026-09-12 11:27:30,bhagy,FILE MODIFIED,.\audit_log.txt,,NO,29b31a9514504a2891a80e82127078cc9bf13e6d6fd75fa8ace05c1511f8918b,30,LOW
2026-09-12 11:27:30,bhagy,FILE MODIFIED,.\audit_log.txt,,NO,ff3916b8f3627fb8e1416c84653313f0ee7ea00bd7fbebd8b573b332e998e7d3,30,LOW
2026-09-12 11:27:30,bhagy,FILE MODIFIED,.\audit_log.txt,,NO,b9d01a7eab8dc42209b19dc0b279cd1b3e19f7416fb1ec557a29f79448b0c137,30,LOW
2026-09-12 11:27:31,bhagy,FILE MODIFIED,.\audit_log.txt,,NO,8a7115d9d2578368edb16c2efb8c34b68f47a18e308e169ee76e79c05dcd6e5e,30,LOW
2026-09-12 11:27:31,bhagy,FILE MODIFIED,.\audit_log.txt,,NO,d089520e7cc4d883449fc81eb245c57dc45ad2a87b30315a6b3a32476e3b0abe,30,LOW
2026-09-12 11:27:31,bhagy,FILE MODIFIED,.\audit_log.txt,,NO,e1c05ba6dafae175b7b55e2efbbadda5184b5c525d8d17ea83ab799f8341f78f,30,LOW
2026-09-12 11:27:31,bhagy,FILE MODIFIED,.\audit_log.txt,,NO,38f539bdc2f663b06b3f8b6b3f23533e24ce71fa5c6bc3d904e39a92f66cfcd8,30,LOW
2026-09-12 11:27:31,bhagy,FILE MODIFIED,.\audit_log.txt,,NO,a132bc11966a2ce0f8f4aabd3a79e8af3576561c1d4537045ab2fca541e7b19a,30,LOW
2026-09-12 11:27:31,bhagy,FILE MODIFIED,.\audit_log.txt,,NO,f85bf5e284d5cdabd74294fda76a7df0312ea2c70ed0a96b659464e8331ff517,30,LOW
2026-09-12 11:27:31,bhagy,FILE MODIFIED,.\audit_log.txt,,NO,ebf104a873f8631106c609e5a016da7809d0cffb6324d647535fed6e466c65fe,30,LOW
2026-09-12 11:27:31,bhagy,FILE MODIFIED,.\audit_log.txt,,NO,c69d4b64e802804c914750597705300b65f6598879b658d46154f2f4495089d2,30,LOW
2026-09-12 11:27:31,bhagy,FILE MODIFIED,.\audit_log.txt,,NO,a212c5462426de53f23a1509d1f56fc8b51b26e58fa305aab9071c10b32b9460,30,LOW
2026-09-12 11:27:32,bhagy,FILE MODIFIED,.\audit_log.txt,,NO,b932d8b9f531ea8ad12c26b46d5fe9ed893a8bd1d1b26fc3c64b5f950919c0a8,30,LOW
2026-09-12 11:27:32,bhagy,FILE MODIFIED,.\audit_log.txt,,NO,4fea898274d118d74c330388422172efc9f496233f2582b6deb4739f4f123b82,30,LOW
2026-09-12 11:27:32,bhagy,FILE MODIFIED,.\audit_log.txt,,NO,4ee7687898bb8e31aec346b3b2c5126c1aa2687b82efd0b1b157b1ad4f68c487,30,LOW
2026-09-12 11:27:32,bhagy,FILE MODIFIED,.\audit_log.txt,,NO,361279246b99f6311623693849f2ff60537951bb158b6e6a2b0bbd4feff51413,30,LOW
2026-09-12 11:27:32,bhagy,FILE MODIFIED,.\audit_log.txt,,NO,b62f8d548c6d0e388c89a4219a573d1a1eb8fea3e1395052b2369ef756ac7c28,30,LOW
2026-09-12 11:27:32,bhagy,FILE MODIFIED,.\audit_log.txt,,NO,246aa215fbc809cdb7368907bff862d2d7eb2391d70c7db74a0b8fe2c7fb5798,30,LOW
2026-09-12 11:27:32,bhagy,FILE MODIFIED,.\audit_log.txt,,NO,52efbf062d97724433e2fdac90c583384a8809291cdfe4d7353282f129a68f26,30,LOW
2026-09-12 11:27:33,bhagy,FILE MODIFIED,.\audit_log.txt,,NO,40e9f1ec7db74ed3feb02d38f5871c851889c90afd7d496a7a7daf54174b05ee,30,LOW
2026-09-12 11:27:33,bhagy,FILE MODIFIED,.\audit_log.txt,,NO,48d4f9b75dd19c5e9bb60a5a99ec06428f2e764002b2e6786f76f5a7ec530414,30,LOW
2026-09-12 11:27:33,bhagy,FILE MODIFIED,.\audit_log.txt,,NO,e763256606d95d4917ccd43f5d1ee1a943c515a8c8dee0689791190d052650fe,30,LOW
2026-09-12 11:27:33,bhagy,FILE MODIFIED,.\audit_log.txt,,NO,cff2d1ba6adb4f870503284d5b9277e2c2391e074a560870f40c6114a2aa61b4,30,LOW
2026-09-12 11:27:33,bhagy,FILE MODIFIED,.\audit_log.txt,,NO,af648163acb0b0731863a2a3e808c27abcdbf0bd2980bdead019c25b8e9e9525,30,LOW
2026-09-12 11:27:33,bhagy,FILE MODIFIED,.\audit_log.txt,,NO,dbc32fd795518b26f302de71c2dd50cb6a535be20e4207d89e8d6911d798751f,30,LOW
2026-09-12 11:27:33,bhagy,FILE MODIFIED,.\audit_log.txt,,NO,ef0ad111cd660ce63531e60fbb71f1143f27a89db1b428ecdc26f76db8726127,30,LOW
2026-09-12 11:27:33,bhagy,FILE MODIFIED,.\audit_log.txt,,NO,30a0a08348b76fe1f60a5272d488bae3b364603af1280f82d8cb865b107e6adb,30,LOW
2026-09-12 11:27:34,bhagy,FILE MODIFIED,.\audit_log.txt,,NO,ff381d9ac3af51918818c1b54361258df171095e87106883a1da79aa65c091ca,30,LOW
2026-09-12 11:27:34,bhagy,FILE MODIFIED,.\audit_log.txt,,NO,95e7288baa8be3d55f6546be8406e3cb540e4a67de69115566b2faf472adcf32,30,LOW
2026-09-12 11:27:34,bhagy,FILE MODIFIED,.\audit_log.txt,,NO,4a4eca0485bd657089b70164428f510dfc0e2318661ca4a8274b4586a9949ca9,30,LOW
2026-09-12 11:27:34,bhagy,FILE MODIFIED,.\audit_log.txt,,NO,36a32607e6e800a0f74a1b0d244ef2b6bc6e68712cbc0635f1dae98e16c02e43,30,LOW
2026-09-12 11:27:34,bhagy,FILE MODIFIED,.\audit_log.txt,,NO,01f45a1878d695da054bafd59f279b928cf602d5a9c314948c9d0865c27880dd,30,LOW
2026-09-12 11:27:34,bhagy,FILE MODIFIED,.\audit_log.txt,,NO,8c1f4a9fa18832a68cb7420e1034f095b008d4a149364c3368439caf0128b3d0,30,LOW
2026-09-12 11:27:34,bhagy,FILE MODIFIED,.\audit_log.txt,,NO,a38145e42d00d950c22746f5a87a3e8e34754ee1a8ed5aee989b99f465647a34,30,LOW
2026-09-12 11:27:34,bhagy,FILE MODIFIED,.\audit_log.txt,,NO,b19c246995c144e6d113058faf9f31435e71f951f5de03ca83f5a461cea22665,30,LOW
2026-09-12 11:27:35,bhagy,FILE MODIFIED,.\audit_log.txt,,NO,36e3356bba54f91b1bbcec7f3de3e8455db79be318b985d75b95b9272d5538d2,30,LOW
2026-09-12 11:27:35,bhagy,FILE MODIFIED,.\audit_log.txt,,NO,779edd61aec6973bb5450d52316c508cfe4f21d5b2160ed937c80927ff7314b5,30,LOW
2026-09-12 11:27:35,bhagy,FILE MODIFIED,.\audit_log.txt,,NO,e8d6db1cb475aab2f79de1fa173721a4bbb5bc5ff7b4bad848595d0bc169a151,30,LOW
2026-09-12 11:27:35,bhagy,FILE MODIFIED,.\audit_log.txt,,NO,10a66cc27c59071183c226256bad23f5842dad9721f7001e273384472a80cad6,30,LOW
2026-09-12 11:27:35,bhagy,FILE MODIFIED,.\audit_log.txt,,NO,e8d93d1b994948cc562e2ca08c0e65113f64c64e305537ef0e46ccc5497f7275,30,LOW
2026-09-12 11:27:35,bhagy,FILE MODIFIED,.\audit_log.txt,,NO,ebca22e250d4aa70123e9f875cd833f5232c121b436b228be6907b785cf1f421,30,LOW
2026-09-12 11:27:35,bhagy,FILE MODIFIED,.\audit_log.txt,,NO,8e53508b5325c19b75f215f026530886fb98767202691f1f266263298bfeb3f7,30,LOW
2026-09-12 11:27:35,bhagy,FILE MODIFIED,.\audit_log.txt,,NO,b1424a296a5ec8fb02a94499c24e15a792875fd7e22cfc49b14529d7972c7a70,30,LOW
2026-09-12 11:27:35,bhagy,FILE MODIFIED,.\audit_log.txt,,NO,441cef487ffa528a1a6b3d5a710b033a7fcc355fc86f1ca281c9f45b639f5f6a,30,LOW
2026-09-12 11:27:35,bhagy,FILE MODIFIED,.\audit_log.txt,,NO,488d91f95d96e3488611a59b15e76ff9bc16ce9881e5b415d124eaedf5d84fe8,30,LOW
2026-09-12 11:27:35,bhagy,FILE MODIFIED,.\audit_log.txt,,NO,a0431fe9133730f0e2bd2c08853e2dfe0c43ab2ada014f709175d1d6e1b632c4,30,LOW
2026-09-12 11:27:36,bhagy,FILE MODIFIED,.\audit_log.txt,,NO,7ba83a5f840b1e9e238923c543912624b5bb109eece266843ce8d65b995dd159,30,LOW
2026-09-12 11:27:36,bhagy,FILE MODIFIED,.\audit_log.txt,,NO,de2281accc2b321fcb0f3fab056ec80859ca89a26714629b7ebc3d4a1d3b9bd1,30,LOW
2026-09-12 11:27:36,bhagy,FILE MODIFIED,.\audit_log.txt,,NO,ea71757b47fe4c24e76414338ca2cad147b010d02888f375cc859f8a9f5ae32f,30,LOW
2026-09-12 11:27:36,bhagy,FILE MODIFIED,.\audit_log.txt,,NO,f2bdd16ff93b97a3b51ab68db59250dc2a937ccd7e5a3ee8ccb06c037b655afd,30,LOW
2026-09-12 11:27:36,bhagy,FILE MODIFIED,.\audit_log.txt,,NO,f47f87701baa9bad19faf14c82d5a9952f5fd15bac0ac8134004166ff5ec4e8c,30,LOW
2026-09-12 11:27:36,bhagy,FILE MODIFIED,.\audit_log.txt,,NO,21362be16769c9b4d52e697fd19e5179179d5070fe2df021261f8e40ccd6d46c,30,LOW
2026-09-12 11:27:36,bhagy,FILE MODIFIED,.\audit_log.txt,,NO,e17b5a4d30fdfbca9d34e565b74cef86e66e074aa8e7df23920d8bb81e977ade,30,LOW
2026-09-12 11:27:36,bhagy,FILE MODIFIED,.\audit_log.txt,,NO,85f5aac63e32e64e5c51cd2bbff8caafc0aab6f17b12c6e4396c8ea41018a39a,30,LOW
2026-09-12 11:27:36,bhagy,FILE MODIFIED,.\audit_log.txt,,NO,d8e8fca54d2183acd2cfcba4ce0913ad83bab30acff73e6a4a2409726f2b6192,30,LOW
2026-09-12 11:27:36,bhagy,FILE MODIFIED,.\audit_log.txt,,NO,bf3115e874aa3b4ce5d45f7f4aacc202a8b39961543ac251cdd1057d38145d5f,30,LOW
2026-09-12 11:27:37,bhagy,FILE MODIFIED,.\audit_log.txt,,NO,07c42d48f0dd6778658eefbfce0775bb42b10086b8c21876346a88d009be5e0b,30,LOW
2026-09-12 11:27:37,bhagy,FILE MODIFIED,.\audit_log.txt,,NO,745f804d3fd6920378ad0e2a888bc5d4ca79799979bb27c911f1d0f85432732f,30,LOW
2026-09-12 11:27:37,bhagy,FILE MODIFIED,.\audit_log.txt,,NO,6d85c6316f3e211d7fe046b5fca77d828202c77e8b184629319802de57b2cdd1,30,LOW
2026-09-12 11:27:37,bhagy,FILE MODIFIED,.\audit_log.txt,,NO,cf72ed4d951c64df33b173e8dfb465689110bb7530178024d1ca76924ec897b1,30,LOW
2026-09-12 11:27:37,bhagy,FILE MODIFIED,.\audit_log.txt,,NO,4030395d840ae9d86d9451ad8624b92939e1ef839f13f1b81d39bfaae89113db,30,LOW
2026-09-12 11:27:37,bhagy,FILE MODIFIED,.\audit_log.txt,,NO,a5b5916b1260840010416c183b4d84b7e375e998a29b4b364a7ea3ad06ebf75a,30,LOW
2026-09-12 11:27:37,bhagy,FILE MODIFIED,.\audit_log.txt,,NO,6c9cebca03aca31e1afdb020781e74b95e9bd557a8b018d8dd25e5aae462bcfd,30,LOW
2026-09-12 11:27:37,bhagy,FILE MODIFIED,.\audit_log.txt,,NO,44cb799820465424fb2cca3398bede6ab1330aa6d5166d01a238b6c0009a6542,30,LOW
2026-09-12 11:27:37,bhagy,FILE MODIFIED,.\audit_log.txt,,NO,e29fc6b06140ec85a293f5f1e348ed9cd1f18dace89aacc04b23fed64d516abe,30,LOW
2026-09-12 11:27:37,bhagy,FILE MODIFIED,.\audit_log.txt,,NO,9185757594ae72dfea6a2d5baf37e0db2f128650d87312edbc7db713ca46be7d,30,LOW
2026-09-12 11:27:38,bhagy,FILE MODIFIED,.\audit_log.txt,,NO,e81fbbeb469a03478eb065c66de2fbe7177451dcc8b86f9b80aa87e61783bcd2,30,LOW
2026-09-12 11:27:38,bhagy,FILE MODIFIED,.\audit_log.txt,,NO,4d36e87b9c8fcaffbfb5923319d5a1a6324bf45866494d8e87334b9e094028aa,30,LOW
2026-09-12 11:27:38,bhagy,FILE MODIFIED,.\audit_log.txt,,NO,eca15757e2cf351d7c2d70d80d355fa6cfdccd7900163485357a44fde461a8e5,30,LOW
2026-09-12 11:27:38,bhagy,FILE MODIFIED,.\audit_log.txt,,NO,d7016975c299555d9d46d4b2028972d66aa45f8a4dc09e3d6d5f60f8a4d48fea,30,LOW
2026-09-12 11:27:38,bhagy,FILE MODIFIED,.\audit_log.txt,,NO,9d5bec9f69853e4378f42f09001585bd1c5418c4f1a745837159f46a7036ec1a,30,LOW
2026-09-12 11:27:38,bhagy,FILE MODIFIED,.\audit_log.txt,,NO,4ac5ba57b7f3dd32cb297a7ab9d3870d348296364c82a34dfce4b22cd4c04087,30,LOW
2026-09-12 11:27:38,bhagy,FILE MODIFIED,.\audit_log.txt,,NO,5e90c1f2240440f79d8da98339937a1749e78b7bb16d1d53abf708dd48158360,30,LOW
2026-09-12 11:27:38,bhagy,FILE MODIFIED,.\audit_log.txt,,NO,6c9c6c96c6e3b7e05a79b64068abb7e818cbfde2601ae7f11cf2fe6780cd4a8c,30,LOW
2026-09-12 11:27:38,bhagy,FILE MODIFIED,.\audit_log.txt,,NO,1ada5dc21b174e7ddcd7a1c480cf628ccd550244ff7b32c88f90fb041a4956d2,30,LOW
2026-09-12 11:27:39,bhagy,FILE MODIFIED,.\audit_log.txt,,NO,ec111b5d1f57e48afa561f26b22e39747850dcddf79f9c401154969bd6bb2188,30,LOW
2026-09-12 11:27:39,bhagy,FILE MODIFIED,.\audit_log.txt,,NO,41b20bf4ab65d07fed4ef162c2acbfeb14afe83fc7c5147405aecb411b9586e9,30,LOW
2026-09-12 11:27:39,bhagy,FILE MODIFIED,.\audit_log.txt,,NO,61efa44a879470773aae163a2d694f0c53f03ece958dc32cf582fda29509a773,30,LOW
2026-09-12 11:27:39,bhagy,FILE MODIFIED,.\audit_log.txt,,NO,69bc8f25606ecff7558215415e01cb632c86970830fa5806e00ce3eee50c2f20,30,LOW
2026-09-12 11:27:39,bhagy,FILE MODIFIED,.\audit_log.txt,,NO,5bb1b573bf0fc8ec5c5080ade7e2d18cca3f7cd6a2a24494ff5eb31ee2d82506,30,LOW
2026-09-12 11:27:39,bhagy,FILE MODIFIED,.\audit_log.txt,,NO,ba8f122b82a65322a00dfb7d30b9c2551c4a0a26df371a853aa0a893f09cbfd2,30,LOW
2026-09-12 11:27:39,bhagy,FILE MODIFIED,.\audit_log.txt,,NO,590190b2f3616065fed81521f8716cdd48c615486ead7b5d33f0ac45690f9b38,30,LOW
2026-09-12 11:27:39,bhagy,FILE MODIFIED,.\audit_log.txt,,NO,db075128f8997fab24a3ce2346d766c493cbad3222b85af9a3f4b43ae2e211b1,30,LOW
2026-09-12 11:27:40,bhagy,FILE MODIFIED,.\audit_log.txt,,NO,67a7e2d0687ee5cfb328769793843599b95f6f634a689abcce6fe6277af7b7db,30,LOW
2026-09-12 11:27:40,bhagy,FILE MODIFIED,.\audit_log.txt,,NO,06aa19e62ed777ca9cb80eb839801de904fffa69f9dfcd1937e6c178ed5a6d35,30,LOW
2026-09-12 11:27:40,bhagy,FILE MODIFIED,.\audit_log.txt,,NO,88e26015108420167eb25405d143010dc726978d8688b82fba13e62a3148f153,30,LOW
2026-09-12 11:27:40,bhagy,FILE MODIFIED,.\audit_log.txt,,NO,2ba16fef173234a108cfa7ac41b8cb66f472fdd8a426a6c2d22670d513cbcd80,30,LOW
2026-09-12 11:27:40,bhagy,FILE MODIFIED,.\audit_log.txt,,NO,feb95683ae4002a2421ad19f441aaaf5d3d8f411de63ec5cc1d3d1d8c9d2a042,30,LOW
2026-09-12 11:27:40,bhagy,FILE MODIFIED,.\audit_log.txt,,NO,41cec082d6707a83e86ca57152d9e3c2d2d66a04397c211d7a369fef5ec23573,30,LOW
2026-09-12 11:27:40,bhagy,FILE MODIFIED,.\audit_log.txt,,NO,a8f57f8ab6dc804802f8ffbd0ae908a93ae50c206b7d508c4ada8be203e8232b,30,LOW
2026-09-12 11:27:40,bhagy,FILE MODIFIED,.\audit_log.txt,,NO,d6ee0bcfbeb12c8b358421b0f1a35124d18db368d6386bf84fb7296744856388,30,LOW
2026-09-12 11:27:40,bhagy,FILE MODIFIED,.\audit_log.txt,,NO,82a5ad27f6e3d64adc48e519c8998164bc5954d01a0c7cbc9d2ca1a54f5fc8f7,30,LOW
2026-09-12 11:27:41,bhagy,FILE MODIFIED,.\audit_log.txt,,NO,c1a46b299ec0a790ca050d8c3b1e07aff3e71fd3c2f52571e6e4956f407d41fa,30,LOW
2026-09-12 11:27:41,bhagy,FILE MODIFIED,.\audit_log.txt,,NO,154ce1e8f46d9ef8834f445e7e389b6b892f59b589d5b202e8fbf88a86238784,30,LOW
2026-09-12 11:27:41,bhagy,FILE MODIFIED,.\audit_log.txt,,NO,f8c6cc7d073341fb68d813d976cf9765ee6635231a2d8ae7729a71e662d11c82,30,LOW
2026-09-12 11:27:41,bhagy,FILE MODIFIED,.\audit_log.txt,,NO,80585e3d24c85f2c85358aa4e779fe7572d24e7d4f1e7eebff2c096a2ac420a0,30,LOW
2026-09-12 11:27:41,bhagy,FILE MODIFIED,.\audit_log.txt,,NO,37f36e273e65c23b91f2a07d8a29e5a908bd5c2c324da77df9f7ba14a7622b0a,30,LOW
2026-09-12 11:27:41,bhagy,FILE MODIFIED,.\audit_log.txt,,NO,fb009fc5f8480453905aa74ec5732f29af48b8c956f92c877367079be3682f35,30,LOW
2026-09-12 11:27:41,bhagy,FILE MODIFIED,.\audit_log.txt,,NO,89791e8f2d07b8176d15f2a22a8eae623878e47dbc4339021ed5e63d835ec436,30,LOW
2026-09-12 11:27:41,bhagy,FILE MODIFIED,.\audit_log.txt,,NO,98214b057c277272c43c8a1b251e44cb8dfcaa71d60d7a7f82e351af531dc19d,30,LOW
2026-09-12 11:27:41,bhagy,FILE MODIFIED,.\audit_log.txt,,NO,5fab4b81413c13168e2a715143e9271f748457979df3c520f0cd41d7dd2285f6,30,LOW
2026-09-12 11:27:42,bhagy,FILE MODIFIED,.\audit_log.txt,,NO,824062af1405309e94702d76124a84795a8451193f15c7ffc022cb6a4b859374,30,LOW
2026-09-12 11:27:42,bhagy,FILE MODIFIED,.\audit_log.txt,,NO,ce3e38ecd60e7271076a6acee98e2e0994c9ec52502d64ac9bb1677b16913b0f,30,LOW
2026-09-12 11:27:42,bhagy,FILE MODIFIED,.\audit_log.txt,,NO,45507587843cd847dd1c0d539fbde809714887e7ac693f1aa2d3a3173c26ab1e,30,LOW
2026-09-12 11:27:42,bhagy,FILE MODIFIED,.\audit_log.txt,,NO,a52d4d39ed74966a5fd37860f2ba685c2f9c4d4b0e7744ea7dd59c5f29db9e82,30,LOW
2026-09-12 11:27:42,bhagy,FILE MODIFIED,.\audit_log.txt,,NO,97cf537abb399e5ecdbbbbce2926cbfac2f0abbbd0522ed0d97853e3c5eea5ad,30,LOW
2026-09-12 11:27:42,bhagy,FILE MODIFIED,.\audit_log.txt,,NO,62ad6345da0a9aceec5abd2b6608cb68ccca557efd4628d069ae5fc021d1e38a,30,LOW
2026-09-12 11:27:42,bhagy,FILE MODIFIED,.\audit_log.txt,,NO,300b44165f70cd900b32f896973d8c30207a63ca3b37051b171957229eb7b13a,30,LOW
2026-09-12 11:27:42,bhagy,FILE MODIFIED,.\audit_log.txt,,NO,2cdea6df299d61132ac0e1bd154f660ca25d7016130a81b6c85fcba80ec98c89,30,LOW
2026-09-12 11:27:42,bhagy,FILE MODIFIED,.\audit_log.txt,,NO,4968c259fa36503a51c23f2301029aa4b5d133a5e1247340d6601091a8cf405a,30,LOW
2026-09-12 11:27:42,bhagy,FILE MODIFIED,.\audit_log.txt,,NO,24ad562bfb398e7a1e731e0fd32c449f12e6bbe8bce59f4864af41fbd54f8301,30,LOW
2026-09-12 11:27:43,bhagy,FILE MODIFIED,.\audit_log.txt,,NO,19494dd0327012f6afcf27aa46860b224e681f190cfebca17f115deec15c35d7,30,LOW
2026-09-12 11:27:43,bhagy,FILE MODIFIED,.\audit_log.txt,,NO,1ae6d68317a5a74c66d65038740c8beb315abfe66771056a1d0bb0b1a86d5513,30,LOW
2026-09-12 11:27:43,bhagy,FILE MODIFIED,.\audit_log.txt,,NO,5ef2805983c6d6cd7b6db90d78291ec858fdff9b1cd98582ba2706c60148650e,30,LOW
2026-09-12 11:27:43,bhagy,FILE MODIFIED,.\audit_log.txt,,NO,f458def34151a35f1108cdfe524c6329710c0a2cd23aa0846ab5f0f16de87ee5,30,LOW
2026-09-12 11:27:43,bhagy,FILE MODIFIED,.\audit_log.txt,,NO,b5d6a5291c3955b1be5cff6feb53fe10672bf48a1fa24e377945740876960f6b,30,LOW
2026-09-12 11:27:43,bhagy,FILE MODIFIED,.\audit_log.txt,,NO,6c534aa2585ab1301c53edda3eca81c31cab60edb3b5752ed149f5a7fdc5f286,30,LOW
2026-09-12 11:27:43,bhagy,FILE MODIFIED,.\audit_log.txt,,NO,3c1b41af2079ed66b4bc7d6308610d2340bd0bc113c45b1bfc688da18d4935e6,30,LOW
2026-09-12 11:27:43,bhagy,FILE MODIFIED,.\audit_log.txt,,NO,47aa80ca541dcfb9c9c85041e1a6980ee3201ac51466044b9e9185f219baaca9,30,LOW
2026-09-12 11:27:43,bhagy,FILE MODIFIED,.\audit_log.txt,,NO,9e5aa41cbfc05e5255256ec77b56776d70ef49dfe843ce57ea4cab75934175b6,30,LOW
2026-09-12 11:27:43,bhagy,FILE MODIFIED,.\audit_log.txt,,NO,f627c6ca08b50be1a5c19fa0b7168a4a3e9cb943ae7c5635c2ca2da305c2573c,30,LOW
2026-09-12 11:27:43,bhagy,FILE MODIFIED,.\audit_log.txt,,NO,f37a16d208c6142ce9d7dc0680e045903c698d72b3a6e5c0a97e4268a3617184,30,LOW
2026-09-12 11:27:44,bhagy,FILE MODIFIED,.\audit_log.txt,,NO,2f1ae847ef13f775b5db72d5f6dd77f9c57660cc87edf52ed917237b5e10c4e3,30,LOW
2026-09-12 11:27:44,bhagy,FILE MODIFIED,.\audit_log.txt,,NO,fbf89112510af80693743710474e934d4e29578598ac482a25d530dc0b5591cf,30,LOW
2026-09-12 11:27:44,bhagy,FILE MODIFIED,.\audit_log.txt,,NO,9c3bdb74bfd3dffd79928a4ff750535d7d0246416203e898ec4f2fda095d77d5,30,LOW
2026-09-12 11:27:44,bhagy,FILE MODIFIED,.\audit_log.txt,,NO,96e16eab8af971c53f44552fbbbe44fc8ee62f0c43f8b555a90adda815df5a84,30,LOW
2026-09-12 11:27:44,bhagy,FILE MODIFIED,.\audit_log.txt,,NO,aab868d663c7af49f0f3d80dd442de4fb890cf58a85b09941c872516a8b73343,30,LOW
2026-09-12 11:27:44,bhagy,FILE MODIFIED,.\audit_log.txt,,NO,f6f4166774bd7225c766066eb7243842a44aa2cf384935428a53581dfa6de1d7,30,LOW
2026-09-12 11:27:44,bhagy,FILE MODIFIED,.\audit_log.txt,,NO,b90039c9fb444c036cc2b76a2c49cc2acf1763ebac6a5f9bc672362ad02f7afb,30,LOW
2026-09-12 11:27:44,bhagy,FILE MODIFIED,.\audit_log.txt,,NO,867a4957e01aaf11bb758c7bff3dcc590542e256486087c26fbf4a8bf021c45b,30,LOW
2026-09-12 11:27:44,bhagy,FILE MODIFIED,.\audit_log.txt,,NO,45cb412db6a8728b82f5afa82322b3995c311093282e3106e034bc3589068223,30,LOW
2026-09-12 11:27:45,bhagy,FILE MODIFIED,.\audit_log.txt,,NO,9fb913770a618a0f4c2a9cd155a3d51194e90789968174cd855a717b7043ec05,30,LOW
2026-09-12 11:27:45,bhagy,FILE MODIFIED,.\audit_log.txt,,NO,31f7bd1b2c9347ba34733d18e9e48e8fda750a5007e00dd423d677acbbd6ceda,30,LOW
2026-09-12 11:27:45,bhagy,FILE MODIFIED,.\audit_log.txt,,NO,5e6584e483cc8493f3cd18d7b3adbbf9a63316a2e0636648a2aad14ee30227ed,30,LOW
2026-09-12 11:27:45,bhagy,FILE MODIFIED,.\audit_log.txt,,NO,075120be0cf8be5e08829e8ebbbe74808106f6fb3768dd151150335a9e6334ef,30,LOW
2026-09-12 11:27:45,bhagy,FILE MODIFIED,.\audit_log.txt,,NO,a353863dab6dfb54bf80b2d1408882f9f54cb8bfa8128182de646f55f228d571,30,LOW
2026-09-12 11:27:45,bhagy,FILE MODIFIED,.\audit_log.txt,,NO,93051a2ac72e488f3e6a22f2d528abf91354fc5e5991c0705bec4bcea78ad077,30,LOW
2026-09-12 11:27:45,bhagy,FILE MODIFIED,.\audit_log.txt,,NO,d489682afcd57b476696cd7f3f23fa15d199b7a45e90afb3239a40db1299eab1,30,LOW
2026-09-12 11:27:45,bhagy,FILE MODIFIED,.\audit_log.txt,,NO,df777de715adfb51bc6af4be7460ad9bbed1da27049d1ae23667e3f1ab11bfad,30,LOW
2026-09-12 11:27:45,bhagy,FILE MODIFIED,.\audit_log.txt,,NO,39f076c37451b51b9391dd0bea1c9dac7de2078599cd2fac0ec524b501327f4b,30,LOW
2026-09-12 11:27:45,bhagy,FILE MODIFIED,.\audit_log.txt,,NO,d3c684f1d1af0a6f6587df5ea0c99b35e52d97a8ab4438fc015d123ebb70f95c,30,LOW
2026-09-12 11:27:46,bhagy,FILE MODIFIED,.\audit_log.txt,,NO,a20d881326b5d54e599b3dfe4d3a43c5eb1689568e556de06dfd8f3c8edb7442,30,LOW
2026-09-12 11:27:46,bhagy,FILE MODIFIED,.\audit_log.txt,,NO,ee2cb21ead209facf53d2ba54983e75f84a0a2df2ac1eaa095e9de1b246562c7,30,LOW
2026-09-12 11:27:46,bhagy,FILE MODIFIED,.\audit_log.txt,,NO,5ce7a86868997546b2ae4f46256430687533734a637d6563bddc9effcd893256,30,LOW
2026-09-12 11:27:46,bhagy,FILE MODIFIED,.\audit_log.txt,,NO,4f16d0ccd1826e5e142b5dd73e278e87bafa120ce70876ea9aca1b9d5b71172b,30,LOW
2026-09-12 11:27:46,bhagy,FILE MODIFIED,.\audit_log.txt,,NO,4354d9a8bc74f9b502640155d9cd168cc02e9fb19812edd88cf55417a5cc7adb,30,LOW
2026-09-12 11:27:46,bhagy,FILE MODIFIED,.\audit_log.txt,,NO,978b456658cda5ee9a2fb86a0ad8dd3d957c98e213bf96f7012b60955116ac5c,30,LOW
2026-09-12 11:27:46,bhagy,FILE MODIFIED,.\audit_log.txt,,NO,6f3a7e784057ed425c7784fcec003efa19adfb7c8c6e7e169566925c34aad821,30,LOW
2026-09-12 11:27:46,bhagy,FILE MODIFIED,.\audit_log.txt,,NO,0995f93fa8770b1bd7ea83bc4b38c42b0a39434477fcc9365cd57e210772ad92,30,LOW
2026-09-12 11:27:46,bhagy,FILE MODIFIED,.\audit_log.txt,,NO,f3989ecde9286b159869d9468829ef5e94abd53e2be960cf0df55c2e9d435ba0,30,LOW
2026-09-12 11:27:46,bhagy,FILE MODIFIED,.\audit_log.txt,,NO,1b9837a0c72037e862fba1ff1916864499327a90b7e440c95a7e78e97b01b7de,30,LOW
2026-09-12 11:27:47,bhagy,FILE MODIFIED,.\audit_log.txt,,NO,74b33aeea052b3dfd52d9b73ed64d0da83296878a0aeeb1f243c7a1cdd05d45b,30,LOW
2026-09-12 11:27:47,bhagy,FILE MODIFIED,.\audit_log.txt,,NO,7427add9f03f2da823197c1f029eb9acd94f9ff74ddc3763a2f1f28269ecf026,30,LOW
2026-09-12 11:27:47,bhagy,FILE MODIFIED,.\audit_log.txt,,NO,69ce7a0842efb644569c8e3317e182e97b1cbfbdb5579e0a551df91657cd82bb,30,LOW
2026-09-12 11:27:47,bhagy,FILE MODIFIED,.\audit_log.txt,,NO,445946fe5e88e4b8b674454d2fdbdc403a33a1d9d9a7793fe1dac5363b00a92e,30,LOW
2026-09-12 11:27:47,bhagy,FILE MODIFIED,.\audit_log.txt,,NO,521b09e9ef72523b835de82b716bbabe7c095aa48f6978e508472687401e24d3,30,LOW
2026-09-12 11:27:47,bhagy,FILE MODIFIED,.\audit_log.txt,,NO,6531917329f2a8039a6e0a3216327ca6109ea9cb2a182373d5f817e5faa65e4c,30,LOW
2026-09-12 11:27:47,bhagy,FILE MODIFIED,.\audit_log.txt,,NO,a11dfbe7b1f16d63f752eaabc976f7860e1894c6c9e17c8292d71bae2bb1d5ad,30,LOW
2026-09-12 11:27:47,bhagy,FILE MODIFIED,.\audit_log.txt,,NO,491397f3943c8b5ff4084b8fc740ccf5c4a51ec7c0d4bd350138fef95e2cef83,30,LOW
2026-09-12 11:27:48,bhagy,FILE MODIFIED,.\audit_log.txt,,NO,ac40a1974e31283caa0b036260e0796116a384ebc8c1c6f107b2473fb9c8ae89,30,LOW
2026-09-12 11:27:48,bhagy,FILE MODIFIED,.\audit_log.txt,,NO,42fc84b62c16ddfe01fec7ddb046ed513b611e0f008c58f9ca936c025f28cc78,30,LOW
2026-09-12 11:27:48,bhagy,FILE MODIFIED,.\audit_log.txt,,NO,908dc2002986eadf38dff55793f3d8c899234405135020c81b1e892afcc58cd4,30,LOW
2026-09-12 11:27:48,bhagy,FILE MODIFIED,.\audit_log.txt,,NO,1236643c33fec6a7dd076fb2959b1255082f178fac81209b73025616f4d4f222,30,LOW
2026-09-12 11:27:48,bhagy,FILE MODIFIED,.\audit_log.txt,,NO,79e24d2a2d42611f7d0b169d076bd1961364a2a4fbe61edf6beca75cd5261854,30,LOW
2026-09-12 11:27:48,bhagy,FILE MODIFIED,.\audit_log.txt,,NO,15de9e4296fec006d4e868020e05723fcf7ebe4af27584a742e41fe68b4082ac,30,LOW
2026-09-12 11:27:48,bhagy,FILE MODIFIED,.\audit_log.txt,,NO,45eefed3c6a35ced7ce0b6a85ebbb4df8ba1abe8c1326cef03296fe1e7879777,30,LOW
2026-09-12 11:27:48,bhagy,FILE MODIFIED,.\audit_log.txt,,NO,aceff464c67de09ef440b488a68103e06fc316ad6e8f3ffd0cd11e2e03af9f6a,30,LOW
2026-09-12 11:27:49,bhagy,FILE MODIFIED,.\audit_log.txt,,NO,7878eff2f00093adb8112d64e5331f519e5ce6e13c38ac677b21ceaad584dbb8,30,LOW
2026-09-12 11:27:49,bhagy,FILE MODIFIED,.\audit_log.txt,,NO,ea5223cf85e71e2dddbf049647ca751beb013a9e7fb54bc7b3c4fe1fe9fc6fb9,30,LOW
2026-09-12 11:27:49,bhagy,FILE MODIFIED,.\audit_log.txt,,NO,a67edcff234e0d1b94fd779530046f7577947ae1a7097845df459061022e0939,30,LOW
2026-09-12 11:27:49,bhagy,FILE MODIFIED,.\audit_log.txt,,NO,62aed8528ea0570ed0110cf03905c6aa6916a51f9d5b14f85ff30867d87988de,30,LOW
2026-09-12 11:27:49,bhagy,FILE MODIFIED,.\audit_log.txt,,NO,6744e0ab2e5e1aeed69008de93f540cb56e7c7854de2def6687d08a2c22588d5,30,LOW
2026-09-12 11:27:49,bhagy,FILE MODIFIED,.\audit_log.txt,,NO,0c53818d581fa3698165f451e6b2dc45357fe3aff5aa87515b60a74f7e382919,30,LOW
2026-09-12 11:27:49,bhagy,FILE MODIFIED,.\audit_log.txt,,NO,2a399815b95b90a00164104961bd0562fc4edbfc154243b34865ee924f12e56a,30,LOW
2026-09-12 11:27:49,bhagy,FILE MODIFIED,.\audit_log.txt,,NO,b3b20530364464ab859ca25f56ffc17d1f9ee5799a05f7e0a85f02031785c6c8,30,LOW
2026-09-12 11:27:50,bhagy,FILE MODIFIED,.\audit_log.txt,,NO,229d17dafbca26a5ab74eb990c9ff44ec828928eb65d2709103bf75db4ea80cd,30,LOW
2026-09-12 11:27:50,bhagy,FILE MODIFIED,.\audit_log.txt,,NO,d7cd1b553006b889a1ca2db38c6529dff8285a96c7fc1a83750b090d8d6d122f,30,LOW
2026-09-12 11:27:50,bhagy,FILE MODIFIED,.\audit_log.txt,,NO,c22dd8bd71db7a484650210ed0fd1f8ea0e99da2ee5ceb0cf3ca20cdfbd6ad90,30,LOW
2026-09-12 11:27:50,bhagy,FILE MODIFIED,.\audit_log.txt,,NO,1ade965214f41e00678696be76aaad2c337689c7b93e0b3c45f927286503f527,30,LOW
2026-09-12 11:27:50,bhagy,FILE MODIFIED,.\audit_log.txt,,NO,128bb6f7825f24200f8c2dd715fa071c2bc2a4303b398fb490c06e7bd2b2c9ea,30,LOW
2026-09-12 11:27:50,bhagy,FILE MODIFIED,.\audit_log.txt,,NO,8465ee7f9d412a6c607604110e76c7c68e9ae09a9b13a94149c0086485bf93d0,30,LOW
2026-09-12 11:27:50,bhagy,FILE MODIFIED,.\audit_log.txt,,NO,ba74b7d6230c1655ead81bc1165c79eef85cd41576526f7bef4e8d8e539218ab,30,LOW
2026-09-12 11:27:50,bhagy,FILE MODIFIED,.\audit_log.txt,,NO,d7cf5b76f949cbd1190552e39e9f2e25919689611c16d5d0686c5687bcb5e718,30,LOW
2026-09-12 11:27:51,bhagy,FILE MODIFIED,.\audit_log.txt,,NO,746613ead59a9abef3b23dcfc9d1235fc80c135ba31be0e7922db7ec2f9ca4ab,30,LOW
2026-09-12 11:27:51,bhagy,FILE MODIFIED,.\audit_log.txt,,NO,03ce9a4d4cbdda30e0f825d3834d0e28788566df621eb69463fdee9ab3a7e6db,30,LOW
2026-09-12 11:27:51,bhagy,FILE MODIFIED,.\audit_log.txt,,NO,9a6850ca57614192807cb778c449dbcbf5f35b40ef01ec8470a85c0afa3c3234,30,LOW
2026-09-12 11:27:51,bhagy,FILE MODIFIED,.\audit_log.txt,,NO,ac3116a1920874637dc58ca0fd47a5ab5cb39f8a15e0456c28be0e1ac79a1dc8,30,LOW
2026-09-12 11:27:51,bhagy,FILE MODIFIED,.\audit_log.txt,,NO,c1c5a0fc90b5c1848a52c715509da0af280db826f3de5b574cbefa066b65a532,30,LOW
2026-09-12 11:27:51,bhagy,FILE MODIFIED,.\audit_log.txt,,NO,62e4b2b829fc62a5b8c9632634c39f5e2579dd100da5c2cc1d142bacce6c3e30,30,LOW
2026-09-12 11:27:51,bhagy,FILE MODIFIED,.\audit_log.txt,,NO,bfaeeb1a5896febb49f36cfabbbff057dc47bac59d9d02e4f700d79532f77f46,30,LOW
2026-09-12 11:27:51,bhagy,FILE MODIFIED,.\audit_log.txt,,NO,83859638ebe28f8a3e55d1d1e704f2f2536eb10ccb9766ea9ceb1cb0c5f6101b,30,LOW
2026-09-12 11:27:52,bhagy,FILE MODIFIED,.\audit_log.txt,,NO,c5294f613bef9524f17671075212e23f3ae8c392723cbb2f8f76182d08755abe,30,LOW
2026-09-12 11:27:52,bhagy,FILE MODIFIED,.\audit_log.txt,,NO,e1b18ebe208b6f05d0916fa2faf59d5fd7d53438e9069a28cb05bb74c2139d70,30,LOW
2026-09-12 11:27:52,bhagy,FILE MODIFIED,.\audit_log.txt,,NO,0970e31183810a2ac3e30fa620b17f17c27c4aafdafe6f58734024737c4a1852,30,LOW
2026-09-12 11:27:52,bhagy,FILE MODIFIED,.\audit_log.txt,,NO,1d366684659b8c76104980601d9dcebe23b2330df5e46a2f904752f9619512d6,30,LOW
2026-09-12 11:27:52,bhagy,FILE MODIFIED,.\audit_log.txt,,NO,cc6c12dd341f9d2b9ed327aa83d44478a2bb48c044dc4cff870aa482383642b0,30,LOW
2026-09-12 11:27:52,bhagy,FILE MODIFIED,.\audit_log.txt,,NO,e67fa0f48da6eba1d9d81083721b893330f953ae00994f378bad9d855591c6c3,30,LOW
2026-09-12 11:27:52,bhagy,FILE MODIFIED,.\audit_log.txt,,NO,44fa76a2824e8e0115d390ac177167d830ab95512c71197f8ab10ce3faa7aa02,30,LOW
2026-09-12 11:27:52,bhagy,FILE MODIFIED,.\audit_log.txt,,NO,356d0ef8483e7dccd8b8cf89b0a4120fe95b9a8bc61c4a88685ab81343540402,30,LOW
2026-09-12 11:27:52,bhagy,FILE MODIFIED,.\audit_log.txt,,NO,4cc512aa9f523ad148b47084f3770fa6bd959d10789080bd9269949a95789da2,30,LOW
2026-09-12 11:27:53,bhagy,FILE MODIFIED,.\audit_log.txt,,NO,5a20ad7666692d076da73609ece41558a6a8d614ec8c399f4c2342560dcaaa57,30,LOW
2026-09-12 11:27:53,bhagy,FILE MODIFIED,.\audit_log.txt,,NO,accb4ad67f4d64f0a52e073ce8b024809e1776b85d6816a8d40c0dd407f0961d,30,LOW
2026-09-12 11:27:53,bhagy,FILE MODIFIED,.\audit_log.txt,,NO,c79779a3ce700aab0093de37bf7a0e48fce5e9b093af9573724a41c9086ff0bf,30,LOW
2026-09-12 11:27:53,bhagy,FILE MODIFIED,.\audit_log.txt,,NO,9643d4409f40aca5379ef4c5a425add3af7ef38bcea5b88f605d9de25df11de9,30,LOW
2026-09-12 11:27:53,bhagy,FILE MODIFIED,.\audit_log.txt,,NO,981702cbe100386c8d6213df37495901e369e0f2b14d9e2345358c363f51439e,30,LOW
2026-09-12 11:27:53,bhagy,FILE MODIFIED,.\audit_log.txt,,NO,44c789d587f4484d919a8e63daa1cebd7e49f3910b9a69e82b078762f66c2e00,30,LOW
2026-09-12 11:27:53,bhagy,FILE MODIFIED,.\audit_log.txt,,NO,01a83697427add5b6b8fddb7f8e7c1cc462b657bd02663deea82c51d5854326e,30,LOW
2026-09-12 11:27:53,bhagy,FILE MODIFIED,.\audit_log.txt,,NO,f2efeb28cdff7126689a7e41897de2b829516cb93dc5f1e32864ba8562b36ca6,30,LOW
2026-09-12 11:27:53,bhagy,FILE MODIFIED,.\audit_log.txt,,NO,6c2e2f58ee889fd7faea579e9c9bc0a9792d675dacab990693e1b4feafe63831,30,LOW
2026-09-12 11:27:54,bhagy,FILE MODIFIED,.\audit_log.txt,,NO,5391b4e2173956f796598c1df6d66c05fbafdc4c77566d53563c477df19dcf4e,30,LOW
2026-09-12 11:27:54,bhagy,FILE MODIFIED,.\audit_log.txt,,NO,db6f47a0e5105c5c356c6deb87477272f883311d816eb9505ee0412f804f858a,30,LOW
2026-09-12 11:27:54,bhagy,FILE MODIFIED,.\audit_log.txt,,NO,24d009d0a81e066f1ecb9d2958004017a3562d066d772521ffcb3c353de41ab2,30,LOW
2026-09-12 11:27:54,bhagy,FILE MODIFIED,.\audit_log.txt,,NO,008fd37c1e93b4064926f5db234816416e1fac2a444cea76f245d5bda7b3c929,30,LOW
2026-09-12 11:27:54,bhagy,FILE MODIFIED,.\audit_log.txt,,NO,6c36e8ef601d380741d6bf7edbfa35573e8008886252f0e569d5e2850a2df0ae,30,LOW
2026-09-12 11:27:54,bhagy,FILE MODIFIED,.\audit_log.txt,,NO,d9bd2106e43245e2e7717cecca048b8d225daf3d78436ff5f91c87a3f8a0ea4e,30,LOW
2026-09-12 11:27:54,bhagy,FILE MODIFIED,.\audit_log.txt,,NO,b93a8524e883e55c494cb3a4fb06484ffb55aa96a7b4b15d00ed35e776ca826f,30,LOW
2026-09-12 11:27:55,bhagy,FILE MODIFIED,.\audit_log.txt,,NO,f936da8671dcd6aa540324052f2650b888e378a35c2dcea371624de91630f49b,30,LOW
2026-09-12 11:27:55,bhagy,FILE MODIFIED,.\audit_log.txt,,NO,6e31eee005142c53035cccab768bd482a8d0243771c9d48bf954e439074cc7b6,30,LOW
2026-09-12 11:27:55,bhagy,FILE MODIFIED,.\audit_log.txt,,NO,7a20ec5da2164f309b483cf08a23b0cd5d63df962a773b54489e5355fd4243f5,30,LOW
2026-09-12 11:27:55,bhagy,FILE MODIFIED,.\audit_log.txt,,NO,c74dec70711754f47137a6fda70d9a4a8cbfb5ad7afbef348c8dd67a4b944dbc,30,LOW
2026-09-12 11:27:55,bhagy,FILE MODIFIED,.\audit_log.txt,,NO,7086cb96e77e202f6c2b6ba3b3a04541d58c536e07b0122952d2d4595e471b95,30,LOW
2026-09-12 11:27:55,bhagy,FILE MODIFIED,.\audit_log.txt,,NO,18f7534254685985cf601f27ff853d778318c3cd917e34d53e5b1a54d4b319fb,30,LOW
2026-09-12 11:27:55,bhagy,FILE MODIFIED,.\audit_log.txt,,NO,66f49ec63308d9aee5d1da4f3e135fe69843f81d5e501deeea2c4dcee912c557,30,LOW
2026-09-12 11:27:56,bhagy,FILE MODIFIED,.\audit_log.txt,,NO,eba9f4948cda0eb6888b1c87a93b5cdcb7b1fa469dda40883fa69b5d87c7ed97,30,LOW
2026-09-12 11:27:56,bhagy,FILE MODIFIED,.\audit_log.txt,,NO,6a3692db8c59cceca1b9416a88ae76d165965f0e8c07582e9b9aa1e90c45d964,30,LOW
2026-09-12 11:27:56,bhagy,FILE MODIFIED,.\audit_log.txt,,NO,8afd38b144d1e72712e0cdb95743b11835b8dc893341f8a8821d6d8ee0097755,30,LOW
2026-09-12 11:27:56,bhagy,FILE MODIFIED,.\audit_log.txt,,NO,340bb87d43a2eca191f89fda0f5c5724975b4eb3f09a85999df332c8ac66cc2d,30,LOW
2026-09-12 11:27:56,bhagy,FILE MODIFIED,.\audit_log.txt,,NO,00796bf7ca47db593752af6b4e7a0cd3bc577aaffe76c25815f0b702a2093006,30,LOW
2026-09-12 11:27:56,bhagy,FILE MODIFIED,.\audit_log.txt,,NO,ed5fd2fe7d780248d83ebcf23c06dc12f25e73eb9f490a5b233eb4c4225c9508,30,LOW
2026-09-12 11:27:56,bhagy,FILE MODIFIED,.\audit_log.txt,,NO,86ed920d4fb7f02037826d16f4207f2e979a26235fbf7e0744d8df074b7971e5,30,LOW
2026-09-12 11:27:56,bhagy,FILE MODIFIED,.\audit_log.txt,,NO,bca8f439fa56c9b49c12ad12c9b67975633c8226303aaecce68b6e69676dc9d0,30,LOW
2026-09-12 11:27:56,bhagy,FILE MODIFIED,.\audit_log.txt,,NO,820f0a8f8fbfbbf30eea2e075e60f10f0a9564f0c47aebbecee06514efea2243,30,LOW
2026-09-12 11:27:57,bhagy,FILE MODIFIED,.\audit_log.txt,,NO,8050c1c7f9a056a5fb51147a055a4b13775bcc2861f6b639862439428e82e721,30,LOW
2026-09-12 11:27:57,bhagy,FILE MODIFIED,.\audit_log.txt,,NO,1d5ad585f2fda0d77a73e96b9c7af751474873a66373e143d2c144acebfce3cd,30,LOW
2026-09-12 11:27:57,bhagy,FILE MODIFIED,.\audit_log.txt,,NO,101e7d339df99d8895eb9d81aa978562f54a714d85dc9b2c6076909852988542,30,LOW
2026-09-12 11:27:57,bhagy,FILE MODIFIED,.\audit_log.txt,,NO,06f6da8385a6f433dbd5fe19656000e01a898e18419e76e6b9cbac7285ec59e1,30,LOW
2026-09-12 11:27:57,bhagy,FILE MODIFIED,.\audit_log.txt,,NO,a41618483f24fad08543140a920807464b43517e13cb6bffea9d0fa71a0e0522,30,LOW
2026-09-12 11:27:57,bhagy,FILE MODIFIED,.\audit_log.txt,,NO,9839059d38914b80829639cd349d1c51935cd6322c011b7b5de7f3f32528fafe,30,LOW
2026-09-12 11:27:57,bhagy,FILE MODIFIED,.\audit_log.txt,,NO,d1b6c95cd84377a211d837b3ec5b94f64f7717614baeeb8d02b93a7e2dbdf56a,30,LOW
2026-09-12 11:27:57,bhagy,FILE MODIFIED,.\audit_log.txt,,NO,d1c1efa061ee7a947c5a7107d118c6f9cc96740614758925a2e75d01bc03592a,30,LOW
2026-09-12 11:27:57,bhagy,FILE MODIFIED,.\audit_log.txt,,NO,5d74f27f1bdeb932281616374e839d28c1052eea403cd3d8ba2e55a3cd456d9b,30,LOW
2026-09-12 11:27:57,bhagy,FILE MODIFIED,.\audit_log.txt,,NO,45762430227c00399727f0c62123797b21a2efbb6761344a34817757aa5bb827,30,LOW
2026-09-12 11:27:58,bhagy,FILE MODIFIED,.\audit_log.txt,,NO,8274fc1f7012e34623b26338c025a91d916d2627996a016620bb1650ad3b826e,30,LOW
2026-09-12 11:27:58,bhagy,FILE MODIFIED,.\audit_log.txt,,NO,adcab8bd56d6860a7e8c5f7fc7b06145d0960e8ec61bad65690e6bbc7aff2134,30,LOW
2026-09-12 11:27:58,bhagy,FILE MODIFIED,.\audit_log.txt,,NO,d98125653de6d07737d6bcfd9b4c92229b51cb78742e7319291fe1011b8b9e73,30,LOW
2026-09-12 11:27:58,bhagy,FILE MODIFIED,.\audit_log.txt,,NO,25bc40b2523382c1f9cf6a10b4cc6649de4d3071e6ff932d81ef6aabf6000ef8,30,LOW
2026-09-12 11:27:58,bhagy,FILE MODIFIED,.\audit_log.txt,,NO,b3c99ca5e9c644a7623c2da743fc80c2c75b9ad2a15426fdebd2aae7904f33c3,30,LOW
2026-09-12 11:27:58,bhagy,FILE MODIFIED,.\audit_log.txt,,NO,260806115a6627c2d24b03b2da0ab7d2e6d1c73b9b6d9d0ed5fdb0d365314fc8,30,LOW
2026-09-12 11:27:58,bhagy,FILE MODIFIED,.\audit_log.txt,,NO,0872c71002d78f53e4cdfe6c6551d5d12e85a20b2b8abba390607166c83749cd,30,LOW
2026-09-12 11:27:58,bhagy,FILE MODIFIED,.\audit_log.txt,,NO,a5f4538189ecd98cdf1a0b690e317516be8bb5bf5236fdad581b9406f9385bd4,30,LOW
2026-09-12 11:27:58,bhagy,FILE MODIFIED,.\audit_log.txt,,NO,15e516b0ade6d3f3eaad1a3ca1560cfcaff87d92b36ac4444006790e69e75139,30,LOW
2026-09-12 11:27:59,bhagy,FILE MODIFIED,.\audit_log.txt,,NO,94e83c8de76b4a4306f17f4f5c8f57a0d10207468ec150e0f9efffe3c1f5b808,30,LOW
2026-09-12 11:27:59,bhagy,FILE MODIFIED,.\audit_log.txt,,NO,a28dd4bf5c75c405d10ffa8a9456a4e7e1fee2e7f5fe7e9eb997023552c0b21c,30,LOW
2026-09-12 11:27:59,bhagy,FILE MODIFIED,.\audit_log.txt,,NO,811c72b9ef28d26f85eacea6dc886ae0a49da053c3050cc0aa00d2222e066425,30,LOW
2026-09-12 11:27:59,bhagy,FILE MODIFIED,.\audit_log.txt,,NO,f927dbc3591a77a389ff2c70b8397244f72fad53dd6f0f6def0ce6b92a591a9d,30,LOW
2026-09-12 11:27:59,bhagy,FILE MODIFIED,.\audit_log.txt,,NO,4a6cad614b997c016573e6be9326b56fab6e1a6c39bcf9ee668d7f3536061957,30,LOW
2026-09-12 11:27:59,bhagy,FILE MODIFIED,.\audit_log.txt,,NO,5dc8fb9953bed10f67deb53e4a3c0752ad2ac4f71335190884c4099f3d2502ef,30,LOW
2026-09-12 11:27:59,bhagy,FILE MODIFIED,.\audit_log.txt,,NO,dc51d9b029f3cb7a7c5ba7db6da9063de9a19e48fd4b4377e0457bb0c9484440,30,LOW
2026-09-12 11:28:00,bhagy,FILE MODIFIED,.\audit_log.txt,,NO,19120dad74a533b8a287b2e61330e38715b5a481b7cbb4ac03a42c751b119f63,30,LOW
2026-09-12 11:28:00,bhagy,FILE MODIFIED,.\audit_log.txt,,NO,f6785370c016a602cc6e6e2aba69a62f8c32979e2a6a18719833e2fa5af8ae55,30,LOW
2026-09-12 11:28:00,bhagy,FILE MODIFIED,.\audit_log.txt,,NO,63f6e1ddade95193e30227cb3ea13695485d2f267b8ddbae8f6b26ede75ce952,30,LOW
2026-09-12 11:28:00,bhagy,FILE MODIFIED,.\audit_log.txt,,NO,f9e4b42a6b7fd491c8c9a0cf6468ae3e30addb1b6b1ab925d993878712e53590,30,LOW
2026-09-12 11:28:00,bhagy,FILE MODIFIED,.\audit_log.txt,,NO,86bbeab457f38b255f583ccbf3228087fb1444270421275865e4d85cfe0eb00d,30,LOW
2026-09-12 11:28:00,bhagy,FILE MODIFIED,.\audit_log.txt,,NO,6aea93ce5fddb93f4423fe090f4fed5d4f032cdc8d2af0884dbd7b7d10ee3dea,30,LOW
2026-09-12 11:28:00,bhagy,FILE MODIFIED,.\audit_log.txt,,NO,4996ae67cda8374a0a0f3356b08066f16bafd661fa3428fcace653369723cbff,30,LOW
2026-09-12 11:28:00,bhagy,FILE MODIFIED,.\audit_log.txt,,NO,33bdb641fb7f816b0ee3a6f6ffa3fb4dc2f617ac7ad72530488d8ac846c342a2,30,LOW
2026-09-12 11:28:00,bhagy,FILE MODIFIED,.\audit_log.txt,,NO,454438745e51713f0941e33d8ba0a494969df59076e0c41885c98facb8088a47,30,LOW
2026-09-12 11:28:00,bhagy,FILE MODIFIED,.\audit_log.txt,,NO,b972b5f454e1b695932e15281d207a5db6e6eb4e5bbb596686903ec79b845d9f,30,LOW
2026-09-12 11:28:01,bhagy,FILE MODIFIED,.\audit_log.txt,,NO,812cf91987079b771400b629465fc3734921dd41856c7edd09fd5d82677642af,30,LOW
2026-09-12 11:28:01,bhagy,FILE MODIFIED,.\audit_log.txt,,NO,04b18b50fe18a94c74a78fe3bb6977a2a6388571241107e7843567e3b4c2fd04,30,LOW
2026-09-12 11:28:01,bhagy,FILE MODIFIED,.\audit_log.txt,,NO,45b5951fece243432dbfee385202bdfa0ae8df90317811c82ba2c348d7eae36f,30,LOW
2026-09-12 11:28:01,bhagy,FILE MODIFIED,.\audit_log.txt,,NO,eb6e0d03c9f90a6003f39c975b5a3dd88a9a0c57a45112a701b613cf1be781fa,30,LOW
2026-09-12 11:28:01,bhagy,FILE MODIFIED,.\audit_log.txt,,NO,7e5fc30c9dafbb0e52f34b6ae1d9d3c4b38c9db74dc7391a474ebfa2d15ca3b7,30,LOW
2026-09-12 11:28:01,bhagy,FILE MODIFIED,.\audit_log.txt,,NO,7b08a66861124564218d7442b58ea9e424fa4388bec9f4efb1bb9180fdca9bef,30,LOW
2026-09-12 11:28:01,bhagy,FILE MODIFIED,.\audit_log.txt,,NO,05c45a19fbd2b8df659b1d9934e54a460bacebef9576ca4bcd80c0a391da35bc,30,LOW
2026-09-12 11:28:01,bhagy,FILE MODIFIED,.\audit_log.txt,,NO,ece369cd92f195c158d1963a929bc9e28501bc37331a6057e9edaed27aa05ed2,30,LOW
2026-09-12 11:28:01,bhagy,FILE MODIFIED,.\audit_log.txt,,NO,8eb1f92fe548ebb30c717ced38e70250a7418a07f2d751e52172ef3b126a1b34,30,LOW
2026-09-12 11:28:01,bhagy,FILE MODIFIED,.\audit_log.txt,,NO,77a878a32900209e7da339dc558c35aceb432aea7d14db8797ebbfa976b95c97,30,LOW
2026-09-12 11:28:02,bhagy,FILE MODIFIED,.\audit_log.txt,,NO,b6859883783ea154b7ec0dba8fe200ec1438caa205dd38030794602fef937298,30,LOW
2026-09-12 11:28:02,bhagy,FILE MODIFIED,.\audit_log.txt,,NO,e158c426319a579ca80474a52ac3d4b8f8649d7d7610e3bd6aa0580dc0855870,30,LOW
2026-09-12 11:28:02,bhagy,FILE MODIFIED,.\audit_log.txt,,NO,b52ed68a5f48d6aa5e71779266e653d458ed24fa6d954d7d6dcaf1b0b628a47a,30,LOW
2026-09-12 11:28:02,bhagy,FILE MODIFIED,.\audit_log.txt,,NO,07f44a2775918505f4e53ffca885776ebe9aec6781b19fbd79c61a1134a87103,30,LOW
2026-09-12 11:28:02,bhagy,FILE MODIFIED,.\audit_log.txt,,NO,3b02932ff998623a81c9a1d322934cb7c788b727e0391e3ab75dfd7497f8086c,30,LOW
2026-09-12 11:28:02,bhagy,FILE MODIFIED,.\audit_log.txt,,NO,ef4ade1545c8cca9c6c6dfa9b9187bea2b354924b2d1d5a87fb86e14ed212aa1,30,LOW
2026-09-12 11:28:02,bhagy,FILE MODIFIED,.\audit_log.txt,,NO,ca8e85a3b0b20143235ccc8034dbadf4e4bdd812a1936b1f83d0a599a42f4fbb,30,LOW
2026-09-12 11:28:02,bhagy,FILE MODIFIED,.\audit_log.txt,,NO,a2f855a0f82f2419ab8563949d2001f3b2fc46c00306bf315ca8eb1b217546e2,30,LOW
2026-09-12 11:28:02,bhagy,FILE MODIFIED,.\audit_log.txt,,NO,7540f332d7f7864eb9d52a4696e0e660c61ad7d5c5c811a34826e593058458e3,30,LOW
2026-09-12 11:28:03,bhagy,FILE MODIFIED,.\audit_log.txt,,NO,1da648a91626e34b24bcd12f046d4f9f3df2d545ca715c8f78a1517dcad160f5,30,LOW
2026-09-12 11:28:03,bhagy,FILE MODIFIED,.\audit_log.txt,,NO,d1de8a0493ce77e629e42dc9d0dcd6d0e7096d09fe816e38a492008486189ff4,30,LOW
2026-09-12 11:28:03,bhagy,FILE MODIFIED,.\audit_log.txt,,NO,89056bb55c9a053e7a473c9ee97466e484b0170d394b6c1fa125f7a57e8ace88,30,LOW
2026-09-12 11:28:03,bhagy,FILE MODIFIED,.\audit_log.txt,,NO,32571ae6ae813e0d32858b5a0bd642ae16e8628abd089fcb6fc47005cbc02ade,30,LOW
2026-09-12 11:28:03,bhagy,FILE MODIFIED,.\audit_log.txt,,NO,7755fba814dbfbd189a6903e9ebdabc67ce50dc71ff55d897573d8f794a43e32,30,LOW
2026-09-12 11:28:03,bhagy,FILE MODIFIED,.\audit_log.txt,,NO,1e5b5f583b6c237376025c5be933e078ba6b63b9c64db41457f0df57d4bb2dc5,30,LOW
2026-09-12 11:28:03,bhagy,FILE MODIFIED,.\audit_log.txt,,NO,1db1ed5fe1ca6c22b4af49151ccfd4a7812696ef43a4da86dd2d463284b7a980,30,LOW
2026-09-12 11:28:03,bhagy,FILE MODIFIED,.\audit_log.txt,,NO,1c0c24c947bd1542f25ee730353b3e72894ce2599f3361fa2cd9c418c38f817d,30,LOW
2026-09-12 11:28:03,bhagy,FILE MODIFIED,.\audit_log.txt,,NO,b905bb715cdf97fdd5ab47b34a8c2c0b89b57b837e4fa811d35b9c6189783a4f,30,LOW
2026-09-12 11:28:03,bhagy,FILE MODIFIED,.\audit_log.txt,,NO,596885ad7213667288f528217884b1b0a14927d46713d908640ab9d35bd4ed39,30,LOW
2026-09-12 11:28:04,bhagy,FILE MODIFIED,.\audit_log.txt,,NO,330c8039b5975f440307759ba14c9f2416db1c93fa118fb21e0d8f0d43300e13,30,LOW
2026-09-12 11:28:04,bhagy,FILE MODIFIED,.\audit_log.txt,,NO,1fd094c2899489bea91683096b655d2e0cf815b687d9d7926830324f8e232805,30,LOW
2026-09-12 11:28:04,bhagy,FILE MODIFIED,.\audit_log.txt,,NO,a5f50e898072fa4b71e6de2b1e0b0539499aed9d6912df7618d74dd82940c9f3,30,LOW
2026-09-12 11:28:04,bhagy,FILE MODIFIED,.\audit_log.txt,,NO,ad0523c180e22decd24f5db40246e8466243901e3cc130eb15c561059defc776,30,LOW
2026-09-12 11:28:04,bhagy,FILE MODIFIED,.\audit_log.txt,,NO,710f294f4d178feac52fa24a2930c0c7006f682741041fa7fa9011f269027b06,30,LOW
2026-09-12 11:28:04,bhagy,FILE MODIFIED,.\audit_log.txt,,NO,dbb734f72b19e210883380be431254712a6887e00a5f58a24b3f25b4210cad47,30,LOW
2026-09-12 11:28:04,bhagy,FILE MODIFIED,.\audit_log.txt,,NO,5fcbf7baeef8a5a43c8827d2848a4b28c6a18474762ed6e0ad9f0d526f59b5a4,30,LOW
2026-09-12 11:28:04,bhagy,FILE MODIFIED,.\audit_log.txt,,NO,a55a68077fbd300c6b46a1429e170af8f00ef3dfa58951f0bc849e4b648f9dbd,30,LOW
2026-09-12 11:28:04,bhagy,FILE MODIFIED,.\audit_log.txt,,NO,2a8a739ece566268b64b1d6a08252f57b1a3350ac9b0b2adc56a7cdbe5efd138,30,LOW
2026-09-12 11:28:04,bhagy,FILE MODIFIED,.\audit_log.txt,,NO,7f2e25190d057acb9801461aa12b98d900537ffebc746565e18afc2f2618713a,30,LOW
2026-09-12 11:28:05,bhagy,FILE MODIFIED,.\audit_log.txt,,NO,61d7ea3e3c0ea5446c56ac0d8969f9f0c36fefc4133fdad7381acd15122fb044,30,LOW
2026-09-12 11:28:05,bhagy,FILE MODIFIED,.\audit_log.txt,,NO,ae700a1c4e2884f56c4da528d53859c3169e254d21db8ca2bafc6a26cd435ee6,30,LOW
2026-09-12 11:28:05,bhagy,FILE MODIFIED,.\audit_log.txt,,NO,d58f021443457e206642d672aac48f8063afedc163733cdc83f6e5be53db31fa,30,LOW
2026-09-12 11:28:05,bhagy,FILE MODIFIED,.\audit_log.txt,,NO,cde51dd2920912f74a0a110330b07fabb9c05cf68a537c6f2f7bda101b1cff3e,30,LOW
2026-09-12 11:28:05,bhagy,FILE MODIFIED,.\audit_log.txt,,NO,2720f62f08ffa29b185ea8ca406fc8699182efdf4f4eaeec63a4b0a666e62b7b,30,LOW
2026-09-12 11:28:05,bhagy,FILE MODIFIED,.\audit_log.txt,,NO,d415b6b5082b29f37a98c3bfc9ebdfa9d87f4d9c6e681626eea979dc2b616b07,30,LOW
2026-09-12 11:28:05,bhagy,FILE MODIFIED,.\audit_log.txt,,NO,9d646ed46ee664c1f5d2bcff19ccbec19bad633b68d9f2cefd16f26b169748b9,30,LOW
2026-09-12 11:28:06,bhagy,FILE MODIFIED,.\audit_log.txt,,NO,88e47e0f9efd54e1167b228284a6c7385e98a8f98b7fae37c82c49ffc62797b6,30,LOW
2026-09-12 11:28:06,bhagy,FILE MODIFIED,.\audit_log.txt,,NO,9bd4fd32daa3621012cbee3b079c0ae05cfb7180b9d4399cd96532335d4f5c8a,30,LOW
2026-09-12 11:28:06,bhagy,FILE MODIFIED,.\audit_log.txt,,NO,c83b4e73be0c566fb050ac52607a24eba059b31743c7859c67ac00140f762bcb,30,LOW
2026-09-12 11:28:06,bhagy,FILE MODIFIED,.\audit_log.txt,,NO,60b6f26ee37e92a66fc04c6d4d19ebb82596468f2a59b9368497264b8702fc4a,30,LOW
2026-09-12 11:28:06,bhagy,FILE MODIFIED,.\audit_log.txt,,NO,080de0108eeb89137cfc3d2c765d3e90d4eb1257d70a7ce70ef7902593fa5603,30,LOW
2026-09-12 11:28:06,bhagy,FILE MODIFIED,.\audit_log.txt,,NO,525cdee11d32dfc5ceb6c359c38940c9fd928c08dc89c0dcdd7d211ed8fcf02e,30,LOW
2026-09-12 11:28:06,bhagy,FILE MODIFIED,.\audit_log.txt,,NO,2720a2129000a794935e0bf0634611c0e4219db6ce73dcc794f8ae0958526e07,30,LOW
2026-09-12 11:28:06,bhagy,FILE MODIFIED,.\audit_log.txt,,NO,096107e0c4947616694a1e91ed33bee9d82c56d029b79081d6cc2510312efa5a,30,LOW
2026-09-12 11:28:07,bhagy,FILE MODIFIED,.\audit_log.txt,,NO,31f98af0f604de1c6d688672b1e1f62ddd423ca5ccbd3a4260a063bb3623a550,30,LOW
2026-09-12 11:28:07,bhagy,FILE MODIFIED,.\audit_log.txt,,NO,2532ee4b0aaf51448b9a4c3d853c3535a27f7c9670483f71c2800b3505ba6a6d,30,LOW
2026-09-12 11:28:07,bhagy,FILE MODIFIED,.\audit_log.txt,,NO,f3c9fdfbf542dbce0457ab9d36596af8367ad27bb8730b7e3895aef705a898ba,30,LOW
2026-09-12 11:28:07,bhagy,FILE MODIFIED,.\audit_log.txt,,NO,33f3e59aeb6e42093ace204033ef29adaaa664e7b1c705538f0fc1da084de5f0,30,LOW
2026-09-12 11:28:07,bhagy,FILE MODIFIED,.\audit_log.txt,,NO,5dd6b30ecb47f8c57a777514eae894827abc6951dbde81f27579c543f323657d,30,LOW
2026-09-12 11:28:07,bhagy,FILE MODIFIED,.\audit_log.txt,,NO,e9e166c9e97a25f08f48eb55d2a4e3898b28e219f66305b207d41ec172e080c1,30,LOW
2026-09-12 11:28:07,bhagy,FILE MODIFIED,.\audit_log.txt,,NO,8e3c86069df7c597b70a6be3e2196f82324d230cf46d0cf25d64bcbd9523332b,30,LOW
2026-09-12 11:28:07,bhagy,FILE MODIFIED,.\audit_log.txt,,NO,cabb6e55144fe53cc9c6936e23a8e60f0ae14a73b3ac94f6b970afdcd96b2dde,30,LOW
2026-09-12 11:28:07,bhagy,FILE MODIFIED,.\audit_log.txt,,NO,0040b8ffaa92c4c22b8571a44a0a5965851bfc671b2eb1605cce2289ee60d51a,30,LOW
2026-09-12 11:28:07,bhagy,FILE MODIFIED,.\audit_log.txt,,NO,a31e940d2d387bd111d80669ba8b2f782c2a0975d47c54849087c7c28f238826,30,LOW
2026-09-12 11:28:08,bhagy,FILE MODIFIED,.\audit_log.txt,,NO,504b717823bcb9888b8ab35550217ef1047a092d4d509de1814e7776c4eae4d2,30,LOW
2026-09-12 11:28:08,bhagy,FILE MODIFIED,.\audit_log.txt,,NO,e907677da983a1181a370c98ce6d695d9137ab1d18cac0f790e8119a295189c8,30,LOW
2026-09-12 11:28:08,bhagy,FILE MODIFIED,.\audit_log.txt,,NO,050310fb35befa17a2f10ca87039029e874181b718870e7f8306798f61b2203c,30,LOW
2026-09-12 11:28:08,bhagy,FILE MODIFIED,.\audit_log.txt,,NO,8d9da33caa071e395b86e3099bd8479d0e0a728feef17519f2a8cbcbebb06c80,30,LOW
2026-09-12 11:28:08,bhagy,FILE MODIFIED,.\audit_log.txt,,NO,83b2d74e646585f12965437d4eab82fa6e74031953a3ec926c456e164fba01c9,30,LOW
2026-09-12 11:28:08,bhagy,FILE MODIFIED,.\audit_log.txt,,NO,ea0d0e1103ab6ce4aef8d3120e20b694f01d2a625546f8b1a3fa225b20ab3e02,30,LOW
2026-09-12 11:28:08,bhagy,FILE MODIFIED,.\audit_log.txt,,NO,bbf83c41ddc82cd3cc263fa95545f30c6b82e2bc1216b9791a240f60504aa242,30,LOW
2026-09-12 11:28:08,bhagy,FILE MODIFIED,.\audit_log.txt,,NO,0238168cd06898029f85efec779a932f0081247d2dc928e6a2ab3a02ed3feb3c,30,LOW
2026-09-12 11:28:08,bhagy,FILE MODIFIED,.\audit_log.txt,,NO,180f3964f30d77e306172614f7820bc38c5423894f0ff3bcc81db210f0e90ed6,30,LOW
2026-09-12 11:28:08,bhagy,FILE MODIFIED,.\audit_log.txt,,NO,f24dd913f27547c31a0bc5d23ed1fd31a01220fbe65d83df9d70d79a83f23129,30,LOW
2026-09-12 11:28:09,bhagy,FILE MODIFIED,.\audit_log.txt,,NO,6e104678890ff2c13ade556d65d9fc1e281aa52716d9ff0ca4890fded32a950a,30,LOW
2026-09-12 11:28:09,bhagy,FILE MODIFIED,.\audit_log.txt,,NO,d0d21d0fa15fafeb52373072da103c2a140c750110cf220871f275acc79ba3f2,30,LOW
2026-09-12 11:28:09,bhagy,FILE MODIFIED,.\audit_log.txt,,NO,376900d63862fb29625b18c5a59bebab41da54c38b96795b59c73fb71339013c,30,LOW
2026-09-12 11:28:09,bhagy,FILE MODIFIED,.\audit_log.txt,,NO,1dc739ae76ecc315a1d601028fa36313e475f91b6e14aa95c6d535d13b37551b,30,LOW
2026-09-12 11:28:09,bhagy,FILE MODIFIED,.\audit_log.txt,,NO,71459915263043e8d2d46d38dc410a3e983fd1b835d14e655c98f94fc644527d,30,LOW
2026-09-12 11:28:09,bhagy,FILE MODIFIED,.\audit_log.txt,,NO,5b75f93bae8b8a3af5961fefdd23f7de784a0b780d321e04a10d3a43bfc265a5,30,LOW
2026-09-12 11:28:09,bhagy,FILE MODIFIED,.\audit_log.txt,,NO,7d9c12aedbec164925d7946942e62fccc42fd4497e066258448d09fb40732594,30,LOW
2026-09-12 11:28:09,bhagy,FILE MODIFIED,.\audit_log.txt,,NO,dae20267c240b2a847985f220e70337c116f17b5f4fc5cf0003154de18b08f47,30,LOW
2026-09-12 11:28:09,bhagy,FILE MODIFIED,.\audit_log.txt,,NO,4461c3a870496f7cb6a7a280d1ecb7ae2b0b3b61d8c788328f262657f7428810,30,LOW
2026-09-12 11:28:09,bhagy,FILE MODIFIED,.\audit_log.txt,,NO,e956c07f60705a5773753244be59d75445ac3786bf6fb58edc29b22d7c235d69,30,LOW
2026-09-12 11:28:09,bhagy,FILE MODIFIED,.\audit_log.txt,,NO,ad4c307eb0de046c30aa037a6da0f4b761dfb539cf0673deeb14624957353795,30,LOW
2026-09-12 11:28:10,bhagy,FILE MODIFIED,.\audit_log.txt,,NO,5fde52a3ba04aa957ae5d7923fb8ab7546170cc44dd21393c845f08433ac2ec2,30,LOW
2026-09-12 11:28:10,bhagy,FILE MODIFIED,.\audit_log.txt,,NO,ea3b4412f0ee5eb5a03ca37d7c39b3b8d1d3910b227ab620c5dbbbc481a9132b,30,LOW
2026-09-12 11:28:10,bhagy,FILE MODIFIED,.\audit_log.txt,,NO,ec1497ffce91245a30302125eef38331339166ffcac693c37d62fb389c8d2fa8,30,LOW
2026-09-12 11:28:10,bhagy,FILE MODIFIED,.\audit_log.txt,,NO,8e30d0eb572465c348004af0c7740f98cd446d0d8126462c76b145b002c495dc,30,LOW
2026-09-12 11:28:10,bhagy,FILE MODIFIED,.\audit_log.txt,,NO,02856f08a67f435c63b5a7bf1dcf29c58147a21ad887b7a0804291b2a3eef169,30,LOW
2026-09-12 11:28:10,bhagy,FILE MODIFIED,.\audit_log.txt,,NO,5490acad052e181ebc8b101fbf91da94d7bbcb0129cc7604801309fc86ec5a28,30,LOW
2026-09-12 11:28:10,bhagy,FILE MODIFIED,.\audit_log.txt,,NO,70caa77b35743353a8bf606ffdb59a35777e8cd638a259729f5022df9ce6d7f4,30,LOW
2026-09-12 11:28:10,bhagy,FILE MODIFIED,.\audit_log.txt,,NO,b56a4aabb71825333c5565732d1d16514d26e7b64491f0968c613301d7018367,30,LOW
2026-09-12 11:28:11,bhagy,FILE MODIFIED,.\audit_log.txt,,NO,77942e41a401d6765b69c512e6f467bb0fce87f1d0cad5b553a9d3fb9f690051,30,LOW
2026-09-12 11:28:11,bhagy,FILE MODIFIED,.\audit_log.txt,,NO,63e68321585f5c8f645ca122e102bc841c4b60922879a5dfdc26f546aa329387,30,LOW
2026-09-12 11:28:11,bhagy,FILE MODIFIED,.\audit_log.txt,,NO,7fc33a2189079299ae2dcf576239f7dff2caa216eb0073924eac7c3cc8a8a985,30,LOW
2026-09-12 11:28:11,bhagy,FILE MODIFIED,.\audit_log.txt,,NO,375ab6183964f9207d73b019e1051108c832813fc5f69af7981f727847737d87,30,LOW
2026-09-12 11:28:11,bhagy,FILE MODIFIED,.\audit_log.txt,,NO,ee303a710c582a8152f7b21b605fbe6c3ce388747d0f53ab56579d4128dad6ea,30,LOW
2026-09-12 11:28:11,bhagy,FILE MODIFIED,.\audit_log.txt,,NO,1e8ad1c5df3a1efdd28c108b1bd9051a313045863ab1f0a5e1353279c381341f,30,LOW
2026-09-12 11:28:11,bhagy,FILE MODIFIED,.\audit_log.txt,,NO,b1f17e8d7b11cb94039ac3eb48b828699c1ef31dc1530848b8f4a7a045e6df99,30,LOW
2026-09-12 11:28:12,bhagy,FILE MODIFIED,.\audit_log.txt,,NO,e0f83c36c99665a2ee58a49b0ac0d16d45c9cbe9e9dd99621dce2b9f1d5b73f8,30,LOW
2026-09-12 11:28:12,bhagy,FILE MODIFIED,.\audit_log.txt,,NO,2bad13f1ee7ec7671351fe0c7aae6bcff23585ae6e32b2f6c4d5fbf5fb7afbf3,30,LOW
2026-09-12 11:28:12,bhagy,FILE MODIFIED,.\audit_log.txt,,NO,ad58eb59697df797a86165b78ecfa593145477ef7c13d7b4513cf5bef01671d8,30,LOW
2026-09-12 11:28:12,bhagy,FILE MODIFIED,.\audit_log.txt,,NO,a1197fb653891cb74f118e1a945fa6f1a127d579640ec16abf2f4f4de8c1142b,30,LOW
2026-09-12 11:28:12,bhagy,FILE MODIFIED,.\audit_log.txt,,NO,5d556f3b1a4df5378cc2d67b2d8ec8aeb932ec52aac8d3e125fae03f3f9523fc,30,LOW
2026-09-12 11:28:12,bhagy,FILE MODIFIED,.\audit_log.txt,,NO,3ef9a6675421658454cb448dae25c392aa8ee3c92dc8cc194824e6ddc19055a8,30,LOW
2026-09-12 11:28:12,bhagy,FILE MODIFIED,.\audit_log.txt,,NO,160e43aea456f49441c25eaaa2ecb3c00bfe84b325edbca8a3074e8560565d56,30,LOW
2026-09-12 11:28:12,bhagy,FILE MODIFIED,.\audit_log.txt,,NO,436208e859d644d45d1cf65a854df047d2b6961ae87e56fdbf05490c0bdac4b5,30,LOW
2026-09-12 11:28:13,bhagy,FILE MODIFIED,.\audit_log.txt,,NO,5707a02077d78cdddfb83f2a1ae4f95b32b7ae2ad191d647fc827ef9a412dcaa,30,LOW
2026-09-12 11:28:13,bhagy,FILE MODIFIED,.\audit_log.txt,,NO,80be4a2c8fce9cebb1ac5cad6ee244dec55942480018f4d8debbaa43ed04920d,30,LOW
2026-09-12 11:28:13,bhagy,FILE MODIFIED,.\audit_log.txt,,NO,988b5a1494e4c43f604386cdb8feb5c498f951c717514fb94d32d2c90809bb87,30,LOW
2026-09-12 11:28:13,bhagy,FILE MODIFIED,.\audit_log.txt,,NO,6a2e111fef754509e1bb297ae26013d62aefc607c14b0b89699bf41f9e305327,30,LOW
2026-09-12 11:28:13,bhagy,FILE MODIFIED,.\audit_log.txt,,NO,a8cf8567c703a1a0cfe294a0948f22f9bf52f457f9cfa9d8559d9bf7a96382a0,30,LOW
2026-09-12 11:28:13,bhagy,FILE MODIFIED,.\audit_log.txt,,NO,533bfca69b3be3696c9d338c3f85785e61cea9621e234ceb2c7b716a19c34ef2,30,LOW
2026-09-12 11:28:13,bhagy,FILE MODIFIED,.\audit_log.txt,,NO,7b9663e36879dcec2bf64801a02ca6e436d2086548bd598fcba5e5cff68dacc0,30,LOW
2026-09-12 11:28:13,bhagy,FILE MODIFIED,.\audit_log.txt,,NO,15086de80ce8eeaeec77a30b9278337c4ab8da1dfd9ab923af6df9c432998dac,30,LOW
2026-09-12 11:28:13,bhagy,FILE MODIFIED,.\audit_log.txt,,NO,f94b8da3656208de06725930056dff9209fb6b27856216a2b15d6c09c97131b3,30,LOW
2026-09-12 11:28:14,bhagy,FILE MODIFIED,.\audit_log.txt,,NO,27fcce08d5755d7745d3b9076e7858c7e9a87649b8620156077aacb4c7028e86,30,LOW
2026-09-12 11:28:14,bhagy,FILE MODIFIED,.\audit_log.txt,,NO,4e82363cafb2a776006128659ddda62abdc687ddc0d6eb4c75c900a43bc43834,30,LOW
2026-09-12 11:28:14,bhagy,FILE MODIFIED,.\audit_log.txt,,NO,2451e0a99d891948ccb7cc199bc3d2881ef4d6c9866fc8546724ee057f0338fa,30,LOW
2026-09-12 11:28:14,bhagy,FILE MODIFIED,.\audit_log.txt,,NO,39bc8bb742d75e9545c18d58fdc9078ca89cbfe31a3f4976d0b43ca4d5818478,30,LOW
2026-09-12 11:28:14,bhagy,FILE MODIFIED,.\audit_log.txt,,NO,78de680937aa7461ce2ee42ada80d24664352fba1863e48f74fe87070274592b,30,LOW
2026-09-12 11:28:14,bhagy,FILE MODIFIED,.\audit_log.txt,,NO,96d393341d43efb523d528e3b84c80ede2b196d473ad2fbc736e7b61f383b90d,30,LOW
2026-09-12 11:28:14,bhagy,FILE MODIFIED,.\audit_log.txt,,NO,5babe055ed638c6378c0b4af2e94c6ed652e44aefa7f3eaf15d4f1838199962e,30,LOW
2026-09-12 11:28:14,bhagy,FILE MODIFIED,.\audit_log.txt,,NO,aafdc7b27914ee3ed876c490cdf65f92f3e2d11c8d6e771e563f7c9146c22293,30,LOW
2026-09-12 11:28:15,bhagy,FILE MODIFIED,.\audit_log.txt,,NO,a8b7e5b66d841b8b5cf892ebf8b7a8dcc82801003b876a44f9617e1f0317b141,30,LOW
2026-09-12 11:28:15,bhagy,FILE MODIFIED,.\audit_log.txt,,NO,ee5123cbaa33967d0dfb044354f484815d10f2400ecacc7e8352e464b7349d1f,30,LOW
2026-09-12 11:28:15,bhagy,FILE MODIFIED,.\audit_log.txt,,NO,189e4d8e31e026d581272a6ef371ce0cec425566489ca6333d9084178d9dd14c,30,LOW
2026-09-12 11:28:15,bhagy,FILE MODIFIED,.\audit_log.txt,,NO,4ccf98c340fb2e940239f144602a81709e43cf967a4ddaa62896f3bc07ef6a57,30,LOW
2026-09-12 11:28:15,bhagy,FILE MODIFIED,.\audit_log.txt,,NO,02e11eac55d91976864c089b2b678149cd1f1d78f23cfbecea7ed9efbbbe0627,30,LOW
2026-09-12 11:28:15,bhagy,FILE MODIFIED,.\audit_log.txt,,NO,bc150a3e6cdc85f5362c6749ba850dc9d84ed6835844bd48acd8ba3e40f36234,30,LOW
2026-09-12 11:28:15,bhagy,FILE MODIFIED,.\audit_log.txt,,NO,03b2f98c2c9e78e7af2d3c6e85ea0471243236975b35cbc6e747dd066b848bf7,30,LOW
2026-09-12 11:28:15,bhagy,FILE MODIFIED,.\audit_log.txt,,NO,db9b7f0781751f58815d4a44ffdc440a4ea81405f264741374989922fc67bc7f,30,LOW
2026-09-12 11:28:15,bhagy,FILE MODIFIED,.\audit_log.txt,,NO,4197f3c033a1b8342c1f0577f5f3e67aca4315a095560057ee553b1ca59d2cb9,30,LOW
2026-09-12 11:28:15,bhagy,FILE MODIFIED,.\audit_log.txt,,NO,9b0e49b148b320afc467e2ca3430cc620f071f4cd005534b4c8a4fb8e9261580,30,LOW
2026-09-12 11:28:16,bhagy,FILE MODIFIED,.\audit_log.txt,,NO,a1976bc4031274f815b983b9c32c18c3c063dd761db795ef8633bea90585ad11,30,LOW
2026-09-12 11:28:16,bhagy,FILE MODIFIED,.\audit_log.txt,,NO,9e0e32a4e748d7fa9ea21422fd086bf759794f8585cf884ac8cf6242dc269aea,30,LOW
2026-09-12 11:28:16,bhagy,FILE MODIFIED,.\audit_log.txt,,NO,65d99cc163f26771905db95b72cf3d99471e6718ce3c787a8c431b67d019fb81,30,LOW
2026-09-12 11:28:16,bhagy,FILE MODIFIED,.\audit_log.txt,,NO,f7e256c330887f0b534c8c6444a4d684a33515ef98201bcba7610117ad97a594,30,LOW
2026-09-12 11:28:16,bhagy,FILE MODIFIED,.\audit_log.txt,,NO,4789fdbd260c603d5b939d5eb4332dbdd6cbc6a028242669971fff03ebde4eb0,30,LOW
2026-09-12 11:28:16,bhagy,FILE MODIFIED,.\audit_log.txt,,NO,8288fa7a71837f0046ed68b7c78275900724d3805ddeb0636f0d1e20895888f8,30,LOW
2026-09-12 11:28:16,bhagy,FILE MODIFIED,.\audit_log.txt,,NO,f4faa40dec8939af087542369d6f437ec160d1c88fe4655eb589156d9d4afb37,30,LOW
2026-09-12 11:28:16,bhagy,FILE MODIFIED,.\audit_log.txt,,NO,e92bea841cd28854b773ec8f8aa87033700f2f675869eea352b265c97cfe78c3,30,LOW
2026-09-12 11:28:17,bhagy,FILE MODIFIED,.\audit_log.txt,,NO,93d9ef0991a4f2f56cf5af6481c0325a28314515826eae395472858e5fbcc197,30,LOW
2026-09-12 11:28:17,bhagy,FILE MODIFIED,.\audit_log.txt,,NO,69d53a8e6fc4f0be51130120fba4f7298799aba6048c2768eca5885758fe08fe,30,LOW
2026-09-12 11:28:17,bhagy,FILE MODIFIED,.\audit_log.txt,,NO,ea817965af36f5e2a69cc675a666d0a9d85b368810fbac90c61eff3bfc9354ad,30,LOW
2026-09-12 11:28:17,bhagy,FILE MODIFIED,.\audit_log.txt,,NO,b8bd42e686bbbec451a396c6c94c4c43272d6193310d6fd2e10ac75b37ceff47,30,LOW
2026-09-12 11:28:17,bhagy,FILE MODIFIED,.\audit_log.txt,,NO,964c505d632eea8881036dc8105423f64377abcd769154dbc4684a7e9ca428a4,30,LOW
2026-09-12 11:28:17,bhagy,FILE MODIFIED,.\audit_log.txt,,NO,1f0584e9432e23e9d64adccaca00b0241c327f4a47da1990489f834e3e8257b3,30,LOW
2026-09-12 11:28:17,bhagy,FILE MODIFIED,.\audit_log.txt,,NO,8ba077eb99699dac9ca2a860a3b58c510a12426935950c7ef694de1a535f2865,30,LOW
2026-09-12 11:28:17,bhagy,FILE MODIFIED,.\audit_log.txt,,NO,438a1b7ff16f63dc6c7b0b9a996a509d69c8927c7314701d1f6b5e88ad3941ef,30,LOW
2026-09-12 11:28:17,bhagy,FILE MODIFIED,.\audit_log.txt,,NO,dc145fbb467a163d3eede0d1bc68cc04c3d3ca4edcd6bed92ba6003be2d958fc,30,LOW
2026-09-12 11:28:18,bhagy,FILE MODIFIED,.\audit_log.txt,,NO,b081194c995b12908896802bbbb005bb610a7b4d1a81e428e6b563e0f1a0b006,30,LOW
2026-09-12 11:28:18,bhagy,FILE MODIFIED,.\audit_log.txt,,NO,47b59d352b472cff3b2b6783cd542eca0eb6596e47304fa2bdfaef562987de55,30,LOW
2026-09-12 11:28:18,bhagy,FILE MODIFIED,.\audit_log.txt,,NO,654ae95028ed4f61689c6af3aa4f5673723ad871dde60204fe611836bc241576,30,LOW
2026-09-12 11:28:18,bhagy,FILE MODIFIED,.\audit_log.txt,,NO,249402a26f5ec06806dd3855c76bb6542de94ee962b7cd2d166d9efad4f1e45e,30,LOW
2026-09-12 11:28:18,bhagy,FILE MODIFIED,.\audit_log.txt,,NO,9dd57759f07e5282255878b1672cdb8f2232c873ccf7641c5dd618a7ff7da57b,30,LOW
2026-09-12 11:28:18,bhagy,FILE MODIFIED,.\audit_log.txt,,NO,8e5cd7b31b409644fbd91a73162ac36c7c94b7a61cde11ca34c5f35daff3a8b4,30,LOW
2026-09-12 11:28:18,bhagy,FILE MODIFIED,.\audit_log.txt,,NO,110424f0ce7cad85b438a7d31641199c0801968452f3bf26f367bbb2215cb865,30,LOW
2026-09-12 11:28:18,bhagy,FILE MODIFIED,.\audit_log.txt,,NO,240cd77ca95f1445b7c363c2c3c3ae16ec62ba50b8d8fdb347b65caf2359468b,30,LOW
2026-09-12 11:28:18,bhagy,FILE MODIFIED,.\audit_log.txt,,NO,b00ffcea6fd1fcf1e26b0728cef3679e1b265590184bf83759cfd774b7b237d2,30,LOW
2026-09-12 11:28:19,bhagy,FILE MODIFIED,.\audit_log.txt,,NO,2d148f169ccf307a111e7c7127f8cd8380d828572cb712fa6da93df06eabc8b5,30,LOW
2026-09-12 11:28:19,bhagy,FILE MODIFIED,.\audit_log.txt,,NO,b910f27d7638740851450419bf59e11d2eb9f232899dd30aaab7bc34c93294a7,30,LOW
2026-09-12 11:28:19,bhagy,FILE MODIFIED,.\audit_log.txt,,NO,6941691a08a231f323f860fdd7c128821702523927c1b9d60f2f4bf7703cfe48,30,LOW
2026-09-12 11:28:19,bhagy,FILE MODIFIED,.\audit_log.txt,,NO,7bda22e1aac7ac686bbc3dcfd8bd61c0ac13e380f1e990982e0f6619fcd0f5df,30,LOW
2026-09-12 11:28:19,bhagy,FILE MODIFIED,.\audit_log.txt,,NO,f9d332ed5e631d9390a52ee0c0c5c595e117ac5bf69d214ba39353e920dd71ee,30,LOW
2026-09-12 11:28:19,bhagy,FILE MODIFIED,.\audit_log.txt,,NO,e11326fed7322d11116c84ec09d1193c7cadf7899b95b330ac4e0872b9c86f0b,30,LOW
2026-09-12 11:28:19,bhagy,FILE MODIFIED,.\audit_log.txt,,NO,92e5495ffb3b3f3bdcab14f193d0f8b670eef2b61dc805f817153f7d43f81f80,30,LOW
2026-09-12 11:28:19,bhagy,FILE MODIFIED,.\audit_log.txt,,NO,59166df04a4f1dc0115d4f0ec2d2c4c1f2131b245b9f95fb9fef3410b2f0bc36,30,LOW
2026-09-12 11:28:19,bhagy,FILE MODIFIED,.\audit_log.txt,,NO,6a5096219ee4d5d6cb5e763ca63f16d01604d12bf505ca9ff23dcc57a7d2e531,30,LOW
2026-09-12 11:28:19,bhagy,FILE MODIFIED,.\audit_log.txt,,NO,f750464045aeb702f19159193d5cfce64003829f53cdbe0acd7e11179ef97fdc,30,LOW
2026-09-12 11:28:20,bhagy,FILE MODIFIED,.\audit_log.txt,,NO,c739147791255368cfc807a20cc14e3fc9ac573f68f542687ba2faf1e7eef38f,30,LOW
2026-09-12 11:28:20,bhagy,FILE MODIFIED,.\audit_log.txt,,NO,822facad6411c700de7f5374a3d526dd1485566b62682873a46633e865849f9e,30,LOW
2026-09-12 11:28:20,bhagy,FILE MODIFIED,.\audit_log.txt,,NO,62c20bef6c66167cb5cc8d3406c60fce5f0410e2cf3051fd2105adee1f91981b,30,LOW
2026-09-12 11:28:20,bhagy,FILE MODIFIED,.\audit_log.txt,,NO,95284b21194f25dd89b0c764db09c6379a28b8585089af6f2f97a850895fc856,30,LOW
2026-09-12 11:28:20,bhagy,FILE MODIFIED,.\audit_log.txt,,NO,a407f2697a91a6a64febfe22a48bb67006016723189f2e402226833e3ac046e4,30,LOW
2026-09-12 11:28:20,bhagy,FILE MODIFIED,.\audit_log.txt,,NO,1e02492de2afdf07357ebd91bbe839cdd13cf3a3884744c1336886a23d303abc,30,LOW
2026-09-12 11:28:20,bhagy,FILE MODIFIED,.\audit_log.txt,,NO,dc140404740eb3306c4e7a9bdeddef821080d89fba60e600e2e0d696c9c97ca7,30,LOW
2026-09-12 11:28:20,bhagy,FILE MODIFIED,.\audit_log.txt,,NO,d14b0528c6c1628b1fa103307d4978e2724d94fcdca2a5cf3175d98527c9dbe4,30,LOW
2026-09-12 11:28:21,bhagy,FILE MODIFIED,.\audit_log.txt,,NO,b242d2bf27d8effccb732bbb10ac3f14dc1711864557ebbd75587f56f7dd19d1,30,LOW
2026-09-12 11:28:21,bhagy,FILE MODIFIED,.\audit_log.txt,,NO,1f5373cffed0dfc015823b640d243125e40b50165633661010808ee04588ca0b,30,LOW
2026-09-12 11:28:21,bhagy,FILE MODIFIED,.\audit_log.txt,,NO,c8c43a25e34594a1088423f8ca0cf187e2e238855c9aa70acee8c93732a5b0d4,30,LOW
2026-09-12 11:28:21,bhagy,FILE MODIFIED,.\audit_log.txt,,NO,c6bad6bd35fdbf6737d87d73b76d7599be25f1d7d89a8dd99aec9dbee927cd55,30,LOW
2026-09-12 11:28:21,bhagy,FILE MODIFIED,.\audit_log.txt,,NO,da13ebecdcb8b71adabc94fc7d761bc3d8f563ae4d426a878b3afaf324ae97f9,30,LOW
2026-09-12 11:28:21,bhagy,FILE MODIFIED,.\audit_log.txt,,NO,694ae65397b3b1699cb109f88f1c2beed791c5e20a6868a87b90c3043505e3aa,30,LOW
2026-09-12 11:28:21,bhagy,FILE MODIFIED,.\audit_log.txt,,NO,a9a514c9192319f08b6756c9b351838eb0a44871cdbcfb76f57399670077ec46,30,LOW
2026-09-12 11:28:21,bhagy,FILE MODIFIED,.\audit_log.txt,,NO,80ac22505896dac01b736388bd64b61910821d4ed902eda4733322d9126bfe6a,30,LOW
2026-09-12 11:28:21,bhagy,FILE MODIFIED,.\audit_log.txt,,NO,644a24b8e2e008931e92b0d5679b647c00d76ddf52573762f2dfc7db01d8f3ed,30,LOW
2026-09-12 11:28:22,bhagy,FILE MODIFIED,.\audit_log.txt,,NO,133cf7ca69654ad74422d28aed5811eb98a373b9420e461d47036329d571278c,30,LOW
2026-09-12 11:28:22,bhagy,FILE MODIFIED,.\audit_log.txt,,NO,88f8e2880d2e83738f7dbf16a694db438cc9c135aec28dce3f7224658d1bfd29,30,LOW
2026-09-12 11:28:22,bhagy,FILE MODIFIED,.\audit_log.txt,,NO,77ffb85bef8dfc98d10a2d5415858611ea94efd82c61273093c25a963000fe20,30,LOW
2026-09-12 11:28:22,bhagy,FILE MODIFIED,.\audit_log.txt,,NO,3979458ad33ee2d008dec94ede6400991128f0768dd0c7eeae3fe9885bfc8230,30,LOW
2026-09-12 11:28:22,bhagy,FILE MODIFIED,.\audit_log.txt,,NO,28e4b5d50425783785ce6bd46ef74ea4bb96826f068c568c2021e14b995bb317,30,LOW
2026-09-12 11:28:22,bhagy,FILE MODIFIED,.\audit_log.txt,,NO,573a8096f401a1b0d48457d9cef9de7fb93b0f2acc5ea4cff456cd8801b76a5f,30,LOW
2026-09-12 11:28:22,bhagy,FILE MODIFIED,.\audit_log.txt,,NO,7f28a7e8715b298727496feaabe3a28eff64cd1c1687c69091586390d93a232f,30,LOW
2026-09-12 11:28:22,bhagy,FILE MODIFIED,.\audit_log.txt,,NO,a7ab00f6a78c47033af8601d312c3db420997e26f6e645e82b1ac39382b48d91,30,LOW
2026-09-12 11:28:22,bhagy,FILE MODIFIED,.\audit_log.txt,,NO,14187d2871d84cbe7d8819799347f4140e6312b5b340bef7396be54c1a9f7ac4,30,LOW
2026-09-12 11:28:22,bhagy,FILE MODIFIED,.\audit_log.txt,,NO,e4b0c9d50b9c0c55b3a26868094bc70c46df1e1730f7563194a604fdae7f0d4d,30,LOW
2026-09-12 11:28:23,bhagy,FILE MODIFIED,.\audit_log.txt,,NO,0aafe058fe5bf1a288d1a8765a5758f068552b4b0974b74c24b97f2b61236869,30,LOW
2026-09-12 11:28:23,bhagy,FILE MODIFIED,.\audit_log.txt,,NO,6c0ed8dc38a4226b0e2adce7a2867891c2b29a9a536516c693434f583c7cafba,30,LOW
2026-09-12 11:28:23,bhagy,FILE MODIFIED,.\audit_log.txt,,NO,6f5113276e51824aa58914188575b386ce080d0820c67281cdebfbc47f44f645,30,LOW
2026-09-12 11:28:23,bhagy,FILE MODIFIED,.\audit_log.txt,,NO,a689038d3df4708c9ffb8a065feb4e08ddfebb60b7b8c684c3c2b3ae7d7a7174,30,LOW
2026-09-12 11:28:23,bhagy,FILE MODIFIED,.\audit_log.txt,,NO,52557785abc2dab3274f975e111bf49f76ba76db81eed5c35f0873c7c168b8b5,30,LOW
2026-09-12 11:28:23,bhagy,FILE MODIFIED,.\audit_log.txt,,NO,580f9d6c838dabf67cfe035394f753a805c750f5d4058ed643bc73bb085d25d8,30,LOW
2026-09-12 11:28:23,bhagy,FILE MODIFIED,.\audit_log.txt,,NO,794f46763ce8621fd4c87c83511a01f3f0e55361742974e80df44cfa2364223e,30,LOW
2026-09-12 11:28:23,bhagy,FILE MODIFIED,.\audit_log.txt,,NO,68d8c0d656697e9e05fb91298b2086831e1d3708c0f1fadbfc4720d8a1df048d,30,LOW
2026-09-12 11:28:23,bhagy,FILE MODIFIED,.\audit_log.txt,,NO,7f1a9050ad024ff2a2d08f50c1410402364e6e801f9e1e512ed737312ad8845e,30,LOW
2026-09-12 11:28:24,bhagy,FILE MODIFIED,.\audit_log.txt,,NO,27aa5fcc106d562f64b28c860106a3230189b600c10cc5c814f9e4cf2c344598,30,LOW
2026-09-12 11:28:24,bhagy,FILE MODIFIED,.\audit_log.txt,,NO,03315e0d565226f385c8ea72bb22713c4259a91b36dae01a07da03a845bd8baa,30,LOW
2026-09-12 11:28:24,bhagy,FILE MODIFIED,.\audit_log.txt,,NO,bbf68043c0f78f755ab0456c4606fcf91a67bcfb1021d3cbf1a7814aaa65a424,30,LOW
2026-09-12 11:28:24,bhagy,FILE MODIFIED,.\audit_log.txt,,NO,ef6844284e3c7d0cf6607912689d0061b156a15109172b61801c9969a452148b,30,LOW
2026-09-12 11:28:24,bhagy,FILE MODIFIED,.\audit_log.txt,,NO,5195a12715f6650f78aed00202b35207a7c9cd47f229dc0803e9bfb4de9085be,30,LOW
2026-09-12 11:28:24,bhagy,FILE MODIFIED,.\audit_log.txt,,NO,213aea3613752854e8a8bc4b23f71218b422f7e6976582c3be27bfcdced75ac9,30,LOW
2026-09-12 11:28:24,bhagy,FILE MODIFIED,.\audit_log.txt,,NO,36e5f8430ed344d87f2355b6371da8d64a4c2b10cd893f194c43731ca173456e,30,LOW
2026-09-12 11:28:24,bhagy,FILE MODIFIED,.\audit_log.txt,,NO,6a805a95ae1e7fe1aff48bf0e49813828a6d3bd7246a4766f017aab8c393f3af,30,LOW
2026-09-12 11:28:24,bhagy,FILE MODIFIED,.\audit_log.txt,,NO,5e99afab21b612e2a1d76149cb9c8cc10bb12445b83a2395fe2392234d26e489,30,LOW
2026-09-12 11:28:25,bhagy,FILE MODIFIED,.\audit_log.txt,,NO,366d33914b24d17509ff5475bf5aa6bf84b6236eb85653b2498239f9df2d3467,30,LOW
2026-09-12 11:28:25,bhagy,FILE MODIFIED,.\audit_log.txt,,NO,f36cc6f6649f832fef63ca32774c28982d55ddc5b7bd9f84bd5749e6f155a7cb,30,LOW
2026-09-12 11:28:25,bhagy,FILE MODIFIED,.\audit_log.txt,,NO,97af141806f84a0624f07aca4089fb60774d0b5b95e526f40b53a166f201f0a5,30,LOW
2026-09-12 11:28:25,bhagy,FILE MODIFIED,.\audit_log.txt,,NO,1b141d3f31089d1d40815f4f6bb6b8eaf4b10aba54a85bb1df18a909c61e1f65,30,LOW
2026-09-12 11:28:25,bhagy,FILE MODIFIED,.\audit_log.txt,,NO,6c16c08143108e16f1f3c43db1c928a3e08a3aef185df24712e4b425ef5c6c83,30,LOW
2026-09-12 11:28:25,bhagy,FILE MODIFIED,.\audit_log.txt,,NO,d68dbf82ec2529fcc1666d642a627aadf079a460735cb36318217b9011766ff5,30,LOW
2026-09-12 11:28:25,bhagy,FILE MODIFIED,.\audit_log.txt,,NO,0c49b0031fb25ba35c751afaca2d88b1a0021c98848c3916ab7e5a8b40067326,30,LOW
2026-09-12 11:28:25,bhagy,FILE MODIFIED,.\audit_log.txt,,NO,a78c7cc005d19782005ea9638d13a7854eeabca2bfb5025c6df2858ef37cd448,30,LOW
2026-09-12 11:28:25,bhagy,FILE MODIFIED,.\audit_log.txt,,NO,71bfede2a44b9fd0af282ddc5aca2cdc6e813e1e3c8b4b01987d23d0b92fdaa8,30,LOW
2026-09-12 11:28:26,bhagy,FILE MODIFIED,.\audit_log.txt,,NO,378a0d0e1978ff50910c1e7948395843ddee6e27d31828e120e4aa62d6607d4b,30,LOW
2026-09-12 11:28:26,bhagy,FILE MODIFIED,.\audit_log.txt,,NO,76e084c6526b12f4c34a325d54ae5487d93c89492b3c5f5f94e30448982215d8,30,LOW
2026-09-12 11:28:26,bhagy,FILE MODIFIED,.\audit_log.txt,,NO,79142eed462d033c947e97d9a1bab4e7d2375c1d2d0610452fd4406cdb200997,30,LOW
2026-09-12 11:28:26,bhagy,FILE MODIFIED,.\audit_log.txt,,NO,9164d62076b65d0572e749ebac0819954c50a2641ae8f08eefb887a4bcba4db8,30,LOW
2026-09-12 11:28:26,bhagy,FILE MODIFIED,.\audit_log.txt,,NO,6a76fdac69b753094093e17a0b62849d6af4b58139bc7238522c46f8e50d4401,30,LOW
2026-09-12 11:28:26,bhagy,FILE MODIFIED,.\audit_log.txt,,NO,7b76ac7f796437415a96b074f956729494ef4511cdcb20ddc6112f6af10c501d,30,LOW
2026-09-12 11:28:26,bhagy,FILE MODIFIED,.\audit_log.txt,,NO,29aac56e90369668d24cf6ac19103c5cae4bae3c5494468364d846d105ac6c49,30,LOW
2026-09-12 11:28:26,bhagy,FILE MODIFIED,.\audit_log.txt,,NO,042d0591d91d651b257c7e94ad6dc192909aa8467485c0463a6809a84cf65779,30,LOW
2026-09-12 11:28:26,bhagy,FILE MODIFIED,.\audit_log.txt,,NO,4be000acb6cbd68902dabec822f9c48bce545a07ea7d5c4e886223ca31b88a25,30,LOW
2026-09-12 11:28:26,bhagy,FILE MODIFIED,.\audit_log.txt,,NO,c0d7b17ac5dac49bc844bb11be180bb3185d2b9ed6fd3800a402a980ebe695f7,30,LOW
2026-09-12 11:28:27,bhagy,FILE MODIFIED,.\audit_log.txt,,NO,5af1b7ca5741429c838dfa3c87b13cbade318c5c73d96b62d1369cc8ed3b0db8,30,LOW
2026-09-12 11:28:27,bhagy,FILE MODIFIED,.\audit_log.txt,,NO,d65bca1e82738c5f856afe7f0d3b86fc69ac19eee203bc5a0b8dde5f6f9bf21e,30,LOW
2026-09-12 11:28:27,bhagy,FILE MODIFIED,.\audit_log.txt,,NO,e2728cac8063632ed71fa60b0222338b062d3593a38663c19c10746863d02f1a,30,LOW
2026-09-12 11:28:27,bhagy,FILE MODIFIED,.\audit_log.txt,,NO,f8e9a2db0e9e62f1c38e9dc9b81fa1dbe15bc375405dd6a54ae80048d3229318,30,LOW
2026-09-12 11:28:27,bhagy,FILE MODIFIED,.\audit_log.txt,,NO,b4c8db55d5566d55ad02f81381ed30acf8c51b2d55eecc73e69449564ba4a9e7,30,LOW
2026-09-12 11:28:27,bhagy,FILE MODIFIED,.\audit_log.txt,,NO,0c1ed29176adf591ef923a94df5271cd2b2014c1c798eb18d352ea47228e9033,30,LOW
2026-09-12 11:28:27,bhagy,FILE MODIFIED,.\audit_log.txt,,NO,6d842639a56dd24f7e9097de13b8f0f220daac7431c6db41ecdc592e6e6232be,30,LOW
2026-09-12 11:28:27,bhagy,FILE MODIFIED,.\audit_log.txt,,NO,b832da6590f71403edaa238bf9f3d75b0bf3b64eedf6e2e435bcae60fbb0e479,30,LOW
2026-09-12 11:28:27,bhagy,FILE MODIFIED,.\audit_log.txt,,NO,c2b212c35817ad18a003e2e945a0bdc8cba8a18146202a516dc8803d738f51bd,30,LOW
2026-09-12 11:28:28,bhagy,FILE MODIFIED,.\audit_log.txt,,NO,fb37ec2873538b1351cca9c94b7b645f56e42b157291b0dba1df6a569fb4fda3,30,LOW
2026-09-12 11:28:28,bhagy,FILE MODIFIED,.\audit_log.txt,,NO,bf02e41064073807e2febe5e5110789d6d0179d53d7fbb7a36665b7066a4df3d,30,LOW
2026-09-12 11:28:28,bhagy,FILE MODIFIED,.\audit_log.txt,,NO,8539eab4059449885c8ac9d349fced167a3f9d9db6aeff645c0ebbd8e5e4443a,30,LOW
2026-09-12 11:28:28,bhagy,FILE MODIFIED,.\audit_log.txt,,NO,0fb9b6c73e3d2cb0fdcde55185bdf6a575dd06556087db162013a093df78f747,30,LOW
2026-09-12 11:28:28,bhagy,FILE MODIFIED,.\audit_log.txt,,NO,2eb9d4f09c044575e05d0e481603f4199d587db6d2eed5e2ed5822dff4bc7868,30,LOW
2026-09-12 11:28:28,bhagy,FILE MODIFIED,.\audit_log.txt,,NO,93e76327e7d83a427744d9b1a5aec8152beae78ceb90f6eff0b47df1f0851072,30,LOW
2026-09-12 11:28:28,bhagy,FILE MODIFIED,.\audit_log.txt,,NO,4fac23f9c249563a4cf8b3d9e3b8c1470b0093243631a0c07645d87abd96c946,30,LOW
2026-09-12 11:28:28,bhagy,FILE MODIFIED,.\audit_log.txt,,NO,9c3ec38f3ad1e0d6a0ab8929b36305c3bf6e86606e864eb2871cf30e43641406,30,LOW
2026-09-12 11:28:28,bhagy,FILE MODIFIED,.\audit_log.txt,,NO,d58682253d2c4d5cbdcf5425a6cd30a9d92672bbe8a84227019ed14b221807eb,30,LOW
2026-09-12 11:28:29,bhagy,FILE MODIFIED,.\audit_log.txt,,NO,edfa635b36f3ad0d724019692906a29e98ff52f3312ddb2015e8b2dbac1dd69a,30,LOW
2026-09-12 11:28:29,bhagy,FILE MODIFIED,.\audit_log.txt,,NO,a69577d7f46c803d6836b78bbad7eb45054b750da1f1ca892e378265487aac7a,30,LOW
2026-09-12 11:28:29,bhagy,FILE MODIFIED,.\audit_log.txt,,NO,bdbe9de2677036c0e0086d6dcdace8cd5e5eeae90352f496113a3790e82a8cae,30,LOW
2026-09-12 11:28:29,bhagy,FILE MODIFIED,.\audit_log.txt,,NO,65c0da74678dea1bf6d5c368e65ca31a08f54384934c2cfbcf62cbdc620808d1,30,LOW
2026-09-12 11:28:29,bhagy,FILE MODIFIED,.\audit_log.txt,,NO,bb0e42f1ee014e10ad080d876228815fecaf8500146fa218c2116c06829cf6ae,30,LOW
2026-09-12 11:28:29,bhagy,FILE MODIFIED,.\audit_log.txt,,NO,be3d86c6f49a28d177672dc7ce0dfaade73d57ba8f0a16515eb1a5b734c1473b,30,LOW
2026-09-12 11:28:29,bhagy,FILE MODIFIED,.\audit_log.txt,,NO,54bc6795a07690527bb1f60da2606f25c65fdcd0294ee5ebdc9012025d47a829,30,LOW
2026-09-12 11:28:29,bhagy,FILE MODIFIED,.\audit_log.txt,,NO,f6a82c7c7c715b8c7c96225d9e22fca8d6788f32c7e463e043f05a20e000fb4c,30,LOW
2026-09-12 11:28:29,bhagy,FILE MODIFIED,.\audit_log.txt,,NO,800563e8529a84f05d376f3d6c1c486fcf6a25e26087200b5869312666cfb5b2,30,LOW
2026-09-12 11:28:29,bhagy,FILE MODIFIED,.\audit_log.txt,,NO,96d0fd343981d1063de9a800f561ff3e8964096f8af8cc1039050db8712de69c,30,LOW
2026-09-12 11:28:30,bhagy,FILE MODIFIED,.\audit_log.txt,,NO,fd792ac34d648e1a83700a1ecad1d951b7fc26f681785ec805ddd176b647c87c,30,LOW
2026-09-12 11:28:30,bhagy,FILE MODIFIED,.\audit_log.txt,,NO,985d58b68adcbb5e047cfe5242ecb27f4fcee0e2898ea0966db3d82188a5fb0c,30,LOW
2026-09-12 11:28:30,bhagy,FILE MODIFIED,.\audit_log.txt,,NO,58a04fdf02a1de7d4d039bfbf9e40a31b2386afc09e5393235523353778e62b2,30,LOW
2026-09-12 11:28:30,bhagy,FILE MODIFIED,.\audit_log.txt,,NO,09efbf7b75a07492fefa63ef46246152225f7027f56c6b96207e6163f092935f,30,LOW
2026-09-12 11:28:30,bhagy,FILE MODIFIED,.\audit_log.txt,,NO,794a40f94d6e5acc027fe75af2f015d529fba2c6fb1530fbe493ee77a469a0f6,30,LOW
2026-09-12 11:28:30,bhagy,FILE MODIFIED,.\audit_log.txt,,NO,d354f56352f83566c1b15360dfc2be0cfdbe1753f98d90f3cd4b6cab63fc0e5d,30,LOW
2026-09-12 11:28:30,bhagy,FILE MODIFIED,.\audit_log.txt,,NO,ed9576c0ed6d8664daa2546f043c74e07f0a7b0e4cc570675df8655b6fb625a3,30,LOW
2026-09-12 11:28:30,bhagy,FILE MODIFIED,.\audit_log.txt,,NO,5426041e6e2ba780838bf979c1c8f0264d25a1ed38f88bf10ac1df094bae6db2,30,LOW
2026-09-12 11:28:30,bhagy,FILE MODIFIED,.\audit_log.txt,,NO,833d640446c7c97a7a554ceacd0e1d5a5d3647a0db37cccfca3716fa0808a05b,30,LOW
2026-09-12 11:28:31,bhagy,FILE MODIFIED,.\audit_log.txt,,NO,4e0ef4386fdd6845a289f2d96a83b20992665690bb3b9fb85468c2e55f45ac95,30,LOW
2026-09-12 11:28:31,bhagy,FILE MODIFIED,.\audit_log.txt,,NO,d5ce1801293385dddc7ada32cf444fb8487bd4750e58898a69149b4a13155b8f,30,LOW
2026-09-12 11:28:31,bhagy,FILE MODIFIED,.\audit_log.txt,,NO,ceb66a3d3241d5d52fe31777b3dee606e5b1ad936a3c4c16a15ce48a2f4b4ea7,30,LOW
2026-09-12 11:28:31,bhagy,FILE MODIFIED,.\audit_log.txt,,NO,e4fac8e0294a66f03119a887b12991d2f21f79a77b6271b604e17f5986f38e30,30,LOW
2026-09-12 11:28:31,bhagy,FILE MODIFIED,.\audit_log.txt,,NO,4e644cb2c73ba1d092b0ac0f62931c234d3570aabc1424c74a85d0d8c047ec8d,30,LOW
2026-09-12 11:28:31,bhagy,FILE MODIFIED,.\audit_log.txt,,NO,6598082a48125399e3291a5ef839119172b060258a5b99a5aff123da4b74bd30,30,LOW
2026-09-12 11:28:31,bhagy,FILE MODIFIED,.\audit_log.txt,,NO,dc6486329079040d7df36b1fccfcbaef584dba03544e90f0ad96cfc4d21816ce,30,LOW
2026-09-12 11:28:31,bhagy,FILE MODIFIED,.\audit_log.txt,,NO,7054501b592bd210ae80fc50b3440213ebaadae3b9444b461c39daae245d107f,30,LOW
2026-09-12 11:28:31,bhagy,FILE MODIFIED,.\audit_log.txt,,NO,18fe93aca9e92a644095752b49cd3935c253b9196e1a989eababeff906a83b48,30,LOW
2026-09-12 11:28:32,bhagy,FILE MODIFIED,.\audit_log.txt,,NO,5745084c2afbdb0ae46424e34dcec41f4f400ff3ef5d7f75aff626aa4ae6cda3,30,LOW
2026-09-12 11:28:32,bhagy,FILE MODIFIED,.\audit_log.txt,,NO,8abddff293d0835e0551bf3a373f9e507bb56bef05d13fe32f4639d779cda31d,30,LOW
2026-09-12 11:28:32,bhagy,FILE MODIFIED,.\audit_log.txt,,NO,0203d299f22fae2b5b199ae3288edc04b1f5a05c703fbec365bdcbb6d3d52308,30,LOW
2026-09-12 11:28:32,bhagy,FILE MODIFIED,.\audit_log.txt,,NO,533a3a3e405739a9932053d41788a6e6160fe7ed28ec6e82db8bd44b31be309b,30,LOW
2026-09-12 11:28:32,bhagy,FILE MODIFIED,.\audit_log.txt,,NO,eef435f506ff1fdb70762f08d9108dd6d9be7fa2ac76442f81b31c5672367654,30,LOW
2026-09-12 11:28:32,bhagy,FILE MODIFIED,.\audit_log.txt,,NO,67b89158524a47ff81e5cc7c1007db20383969666f845e41d3092f67bbcd6824,30,LOW
2026-09-12 11:28:32,bhagy,FILE MODIFIED,.\audit_log.txt,,NO,69cd7e1e0455cecb01d35e3d777cc3a31c2cc2244e0bb50faf1460f73486f0e0,30,LOW
2026-09-12 11:28:32,bhagy,FILE MODIFIED,.\audit_log.txt,,NO,48017f7c0ce69fc944ea32c53f104a958715bfcbf24497264496339c4e0a97c3,30,LOW
2026-09-12 11:28:32,bhagy,FILE MODIFIED,.\audit_log.txt,,NO,059882b672765663ea967bb4e052aed6b6aa9b03830fd5c3f7f3cf814d36e3dd,30,LOW
2026-09-12 11:28:33,bhagy,FILE MODIFIED,.\audit_log.txt,,NO,797882399354d54a7f7fd9c850e62c32f76085909925f12f5d13595525dfaf05,30,LOW
2026-09-12 11:28:33,bhagy,FILE MODIFIED,.\audit_log.txt,,NO,0b012ff5f69ea328bb1c92f3d715096be430f6be42fc7a66fbce2f449464fa70,30,LOW
2026-09-12 11:28:33,bhagy,FILE MODIFIED,.\audit_log.txt,,NO,710dd69a46981063bda8820f457709ea88f91632792b15a503406905f8e6337b,30,LOW
2026-09-12 11:28:33,bhagy,FILE MODIFIED,.\audit_log.txt,,NO,07ec7bfa0b1296b24e0cc903ed063866a031afc546d87595bb8159b9e4406cff,30,LOW
2026-09-12 11:28:33,bhagy,FILE MODIFIED,.\audit_log.txt,,NO,f9a3c7f38758ef59b26b2d433143207ba28f4a50911bc12fe1603b45a3d1ac9d,30,LOW
2026-09-12 11:28:33,bhagy,FILE MODIFIED,.\audit_log.txt,,NO,fa2a8933d381128a1bc3391beb3010d57af7c9efd74bd4179634f9848f1dc67a,30,LOW
2026-09-12 11:28:33,bhagy,FILE MODIFIED,.\audit_log.txt,,NO,b9c5958feabcd0ff8ee465f7d6d9d2c2e84400929f5bd87196201d77684e7c65,30,LOW
2026-09-12 11:28:33,bhagy,FILE MODIFIED,.\audit_log.txt,,NO,f5bd17ee80af1bbf5f9ff5a83290154bcce1ba92ba470de0b2bd6bcca1be11d4,30,LOW
2026-09-12 11:28:33,bhagy,FILE MODIFIED,.\audit_log.txt,,NO,61c7c3887eb8ffbb75de7aa5fcd35214590c0324ff6a673619a8ba3953abc358,30,LOW
2026-09-12 11:28:34,bhagy,FILE MODIFIED,.\audit_log.txt,,NO,f4faec9e5da5f15b778055091821ca25eb3298b72116e1c13a2e880104fc9b4c,30,LOW
2026-09-12 11:28:34,bhagy,FILE MODIFIED,.\audit_log.txt,,NO,cfb6a31476896d6284157a31a31c2215d383b0abf864bae7fe74ea0fe88472b6,30,LOW
2026-09-12 11:28:34,bhagy,FILE MODIFIED,.\audit_log.txt,,NO,3ecfbf7775df7ae763090110d1c0dc6b4800419aeb8bbc8e77b55db57c535719,30,LOW
2026-09-12 11:28:34,bhagy,FILE MODIFIED,.\audit_log.txt,,NO,d97cc8a2d29cffbeb18a13d27550be100a2bb6b1f0e5eac4703f9237b5118d2e,30,LOW
2026-09-12 11:28:34,bhagy,FILE MODIFIED,.\audit_log.txt,,NO,85c7489201e0385ff191cf02045c9cc116caf26ecd6b27eb9eadff8da9b3f39a,30,LOW
2026-09-12 11:28:34,bhagy,FILE MODIFIED,.\audit_log.txt,,NO,98a15e2f174592c52517b1763c941464052f7bd68759caec1853bdd556103972,30,LOW
2026-09-12 11:28:34,bhagy,FILE MODIFIED,.\audit_log.txt,,NO,58344c2b79277a1a8cdee4f74f03289fc9726d70d0d83887e755842ac1bcb31b,30,LOW
2026-09-12 11:28:34,bhagy,FILE MODIFIED,.\audit_log.txt,,NO,576e5d143a6a9234e83063f15a84284f2ba2afb1a977d070ed7ac39a15b2682f,30,LOW
2026-09-12 11:28:34,bhagy,FILE MODIFIED,.\audit_log.txt,,NO,1a14d9ea87de6a6a9a49128e6fc2270949f6744c728369962a570af6fbf4646d,30,LOW
2026-09-12 11:28:34,bhagy,FILE MODIFIED,.\audit_log.txt,,NO,48fdb2c534fb8c432d5c9c3c46d4c74aef2d61f8350269004531255032789522,30,LOW
2026-09-12 11:28:34,bhagy,FILE MODIFIED,.\audit_log.txt,,NO,db878f94c24b0746e7863ccacd4f6dab93650175c9abf7312890389867d57b9a,30,LOW
2026-09-12 11:28:35,bhagy,FILE MODIFIED,.\audit_log.txt,,NO,f007dc6628282a2ae9648154849a0b41c74110cfc338daf77277a2c4897ec8a4,30,LOW
2026-09-12 11:28:35,bhagy,FILE MODIFIED,.\audit_log.txt,,NO,4522fed6c6dfd7260687e6ca4838e1f9705e58d1a4acd6f694ffd7ac328efcb8,30,LOW
2026-09-12 11:28:35,bhagy,FILE MODIFIED,.\audit_log.txt,,NO,51dcc9c4bb846760d8ae0f9d6b60ade1752956a45529f27cba91e29b0ca1f4c4,30,LOW
2026-09-12 11:28:35,bhagy,FILE MODIFIED,.\audit_log.txt,,NO,ee8ae535d84ad3baf14f93e881041c4e25f4831b1e8102de2e22bb10e2d362a9,30,LOW
2026-09-12 11:28:35,bhagy,FILE MODIFIED,.\audit_log.txt,,NO,0db7e866d5c465396bcfa2d5bbdc692c21e32b01c0e5747cdb84210363cec7dd,30,LOW
2026-09-12 11:28:35,bhagy,FILE MODIFIED,.\audit_log.txt,,NO,c98977ddf8cb0d8bd8e548fdd075760c71100a7ab4e9338704454baa02e0934d,30,LOW
2026-09-12 11:28:35,bhagy,FILE MODIFIED,.\audit_log.txt,,NO,0e9818af570a1475eb8182a1b342b6ec3218a381aed2f35dab1bf8d0c546f7be,30,LOW
2026-09-12 11:28:35,bhagy,FILE MODIFIED,.\audit_log.txt,,NO,f7edd3bd42830b3adc4c5fc52a1aa43ee9560c74fa1fd0dc7cd73a7fded1695f,30,LOW
2026-09-12 11:28:35,bhagy,FILE MODIFIED,.\audit_log.txt,,NO,a195ef9a14e95f11a53fe6a2fb50cfbde6eca2e4678f8bc13c9a29f80775a003,30,LOW
2026-09-12 11:28:36,bhagy,FILE MODIFIED,.\audit_log.txt,,NO,2bcf4ba09d2ea096d489e45c29290bf651edc87ad0afd93bf8743a1c6e2dd3af,30,LOW
2026-09-12 11:28:36,bhagy,FILE MODIFIED,.\audit_log.txt,,NO,e6751c216f49c8001c43c1a17579235fcc4c5da533303cbf463f151b05230b7c,30,LOW
2026-09-12 11:28:36,bhagy,FILE MODIFIED,.\audit_log.txt,,NO,14f46b0aec9749ec234c4f661a03abd0d4b1cdf0960322c2df52eea44ea61806,30,LOW
2026-09-12 11:28:36,bhagy,FILE MODIFIED,.\audit_log.txt,,NO,81fb5df64919a57e66c758afa8d6ad47ad891b9476962027517979921873dc25,30,LOW
2026-09-12 11:28:36,bhagy,FILE MODIFIED,.\audit_log.txt,,NO,c99f7d83947ff7a676c483ae184b63da937a86b02dc6974cc402424d2fd71257,30,LOW
2026-09-12 11:28:36,bhagy,FILE MODIFIED,.\audit_log.txt,,NO,61120c7faba56a29054cfc17926ab55780991388b40734e210e61ab52e5fd125,30,LOW
2026-09-12 11:28:36,bhagy,FILE MODIFIED,.\audit_log.txt,,NO,6f409c55fb26d8f440bfab03085eb4dcb5e29920c1b29c0b6c062f950e39412c,30,LOW
2026-09-12 11:28:36,bhagy,FILE MODIFIED,.\audit_log.txt,,NO,c0206444b2e04c21a66c31e9491fb54b94f45a0b91d940e8f2c1997a344b0dfc,30,LOW
2026-09-12 11:28:36,bhagy,FILE MODIFIED,.\audit_log.txt,,NO,a3ea373d77a17b7aef2e13f2d990757fa3c047be4f459de9f8cdd6185d3e95ef,30,LOW
2026-09-12 11:28:36,bhagy,FILE MODIFIED,.\audit_log.txt,,NO,a7fca686f00bf379efcad09ed74eaf66598d078dcc0798ecbc78d5852f37c726,30,LOW
2026-09-12 11:28:37,bhagy,FILE MODIFIED,.\audit_log.txt,,NO,9c28ea25e590d2996001f709fc6e957fa9225d8933c5963d02f11474697cbb9d,30,LOW
2026-09-12 11:28:37,bhagy,FILE MODIFIED,.\audit_log.txt,,NO,2fbf82ffb23012f04a84ddf13ee8bcbb38065d987dcebc7d128759e5bcd83736,30,LOW
2026-09-12 11:28:37,bhagy,FILE MODIFIED,.\audit_log.txt,,NO,8254d3c4c0ec0c69a44bd2f8837e922b2a316f1faebad92b7a1603ea763faf25,30,LOW
2026-09-12 11:28:37,bhagy,FILE MODIFIED,.\audit_log.txt,,NO,7ccae47edbc6385f87fbda0f47a112ed37c4c6f309081cd654612bce64e5629a,30,LOW
2026-09-12 11:28:37,bhagy,FILE MODIFIED,.\audit_log.txt,,NO,9da1ddd80d36033d07fd48b020a889781894ab651a961b3dde48a8f7de46a21e,30,LOW
2026-09-12 11:28:37,bhagy,FILE MODIFIED,.\audit_log.txt,,NO,bc8e138f169c6a833a1a3f36ffac607fed80b6faf6dcde344d89d789aa2dbc6d,30,LOW
2026-09-12 11:28:37,bhagy,FILE MODIFIED,.\audit_log.txt,,NO,827ef542f47f359ac8f94e1ab5228e401bade5976bf2d6b846387d07c0af95fd,30,LOW
2026-09-12 11:28:37,bhagy,FILE MODIFIED,.\audit_log.txt,,NO,a49977ea9b2ea07bf9c51ea6d23e846b4c88688337820c577798eb2709a7bf59,30,LOW
2026-09-12 11:28:37,bhagy,FILE MODIFIED,.\audit_log.txt,,NO,b8ec5b36d07972b9e3831d889bcddfbd873e29d2cf00058246409bc16d19dde8,30,LOW
2026-09-12 11:28:37,bhagy,FILE MODIFIED,.\audit_log.txt,,NO,88e80b34cf2c6de897af22703ba24651c433f348c412a18caaeb8533077f59d7,30,LOW
2026-09-12 11:28:38,bhagy,FILE MODIFIED,.\audit_log.txt,,NO,fbdf9281621c783f7a6844dcc47ae2e3b82f9b1a13bd508dc1e8b00d42dbcdee,30,LOW
2026-09-12 11:28:38,bhagy,FILE MODIFIED,.\audit_log.txt,,NO,f50abab124e6ed7ad9fe21175c3b424b1399fe0a7b421e56f4911ba04470be69,30,LOW
2026-09-12 11:28:38,bhagy,FILE MODIFIED,.\audit_log.txt,,NO,34c95f270e260e580d118ee011610a1a7b7bb92af56fe0f7a8a49cc9c8c0d1b4,30,LOW
2026-09-12 11:28:38,bhagy,FILE MODIFIED,.\audit_log.txt,,NO,272565f330fb5b2c4e1313b3a9f4d609537da2a25e6a3a57aa3f30038e715a11,30,LOW
2026-09-12 11:28:38,bhagy,FILE MODIFIED,.\audit_log.txt,,NO,6b361ee7e8d5035d50e5beba998506d6b6d3719630c24098ff56d8b7f1c47b45,30,LOW
2026-09-12 11:28:38,bhagy,FILE MODIFIED,.\audit_log.txt,,NO,6481f26bb388ee881658886d5c669892683e7eabae41a3804058d5f364b2157f,30,LOW
2026-09-12 11:28:38,bhagy,FILE MODIFIED,.\audit_log.txt,,NO,f7c87981addebc66051fcf68e7fad9848b006d1c1cc5970d7f6f8c9fef51fdab,30,LOW
2026-09-12 11:28:38,bhagy,FILE MODIFIED,.\audit_log.txt,,NO,1be309615a6387e6c34b710b07c293de2503f86213a747bf3c5b5df718a1d33e,30,LOW
2026-09-12 11:28:39,bhagy,FILE MODIFIED,.\audit_log.txt,,NO,ed73fb975d445ea619c91ce8f0ae8aaf52e0d82d58e7eba289feaefa9ff688d2,30,LOW
2026-09-12 11:28:39,bhagy,FILE MODIFIED,.\audit_log.txt,,NO,018353e033fb4aedbc2842809a250934b8119a2dff7651caa07b4becaccb9741,30,LOW
2026-09-12 11:28:39,bhagy,FILE MODIFIED,.\audit_log.txt,,NO,b9f29dc75b2386155c0a3ef9963cba15ba5dbe73ab940b000b219ee625d2b0e6,30,LOW
2026-09-12 11:28:39,bhagy,FILE MODIFIED,.\audit_log.txt,,NO,0299f715e35180926951b730315f311ab7d7aa65909a4805f04763c309bd2684,30,LOW
2026-09-12 11:28:39,bhagy,FILE MODIFIED,.\audit_log.txt,,NO,c60b16bec8fea2026d883a2ddf71978b3db2d248bfab2d38898ce2ded7810d2e,30,LOW
2026-09-12 11:28:39,bhagy,FILE MODIFIED,.\audit_log.txt,,NO,d95ed6762222f8c5f479954e882d3a7affaa017113408afce2d81703291b6155,30,LOW
2026-09-12 11:28:39,bhagy,FILE MODIFIED,.\audit_log.txt,,NO,51d1003f1da2a290fc85b82db5f917cca002ef0b39ff1ff9209f96cca842b336,30,LOW
2026-09-12 11:28:39,bhagy,FILE MODIFIED,.\audit_log.txt,,NO,294b96db291252c5a5d48bed48f17a89871087f78a1768459c80fe333ef18da2,30,LOW
2026-09-12 11:28:39,bhagy,FILE MODIFIED,.\audit_log.txt,,NO,e6b95ab41a481d69caf71abe01f77d590a30d98a32bf9329d682ebff2da4f30a,30,LOW
2026-09-12 11:28:40,bhagy,FILE MODIFIED,.\audit_log.txt,,NO,5d9a327d8dbd0edab7f80d14f7c461111ec961a5bb7633593a7c92148000b638,30,LOW
2026-09-12 11:28:40,bhagy,FILE MODIFIED,.\audit_log.txt,,NO,26bf386e938935610ef3270f8761f16f6414a9c66faff4d0a4de5f53512fad15,30,LOW
2026-09-12 11:28:40,bhagy,FILE MODIFIED,.\audit_log.txt,,NO,17090bc73d27cd663f8bed93d99ae34dccef9d7c0de7ac888ea2df2c108ca7c0,30,LOW
2026-09-12 11:28:40,bhagy,FILE MODIFIED,.\audit_log.txt,,NO,2446bd9fa43513e3a080f248961212f27ba68374db4b3bc710827be0874ab64b,30,LOW
2026-09-12 11:28:40,bhagy,FILE MODIFIED,.\audit_log.txt,,NO,8b23bd2a0a15dbdcafd3bd1a77fbdfc36245a50702bb20cedc90c6f9237b594b,30,LOW
2026-09-12 11:28:40,bhagy,FILE MODIFIED,.\audit_log.txt,,NO,474a6e14d97fc1b728b65d29cd32c754f6ac607396ec42f21d92e204a6b26f80,30,LOW
2026-09-12 11:28:40,bhagy,FILE MODIFIED,.\audit_log.txt,,NO,bffa14964cec474e9f2b9e07f740388c1b1c9d6e9835bf8e2c9562586d8bcba6,30,LOW
2026-09-12 11:28:40,bhagy,FILE MODIFIED,.\audit_log.txt,,NO,ae8371b1e5fee4cdb0ba703412c64ce0a4c683f79df1e873b48ac176c0ee691b,30,LOW
2026-09-12 11:28:40,bhagy,FILE MODIFIED,.\audit_log.txt,,NO,bdce0c2a7cc45ab277536f3d96f544833391e3f62ef485882e67c6a5d85123e0,30,LOW
2026-09-12 11:28:40,bhagy,FILE MODIFIED,.\audit_log.txt,,NO,544742e32eb1ce4a29cfe5d3a8f63f489a0f229bed00fbdceb9ac5fcc2621b3d,30,LOW
2026-09-12 11:28:41,bhagy,FILE MODIFIED,.\audit_log.txt,,NO,c78b0ef3c8cd1e18aeadd7928318c1f1db486bc08cbfbf69c470de9c6edbec86,30,LOW
2026-09-12 11:28:41,bhagy,FILE MODIFIED,.\audit_log.txt,,NO,22959a2b34548e4cf04cf9f04bda1aa596486a4c03db7bfbc723465dcccd701a,30,LOW
2026-09-12 11:28:41,bhagy,FILE MODIFIED,.\audit_log.txt,,NO,95288e9fa1c5e81d2cb077b41480fef359d160be3c0ba2a34f3d64ce04a48121,30,LOW
2026-09-12 11:28:41,bhagy,FILE MODIFIED,.\audit_log.txt,,NO,a1a2cc77bfb9a1ad541305e8842eaca39a1a25f672cb372a727f9c3eeeffea58,30,LOW
2026-09-12 11:28:41,bhagy,FILE MODIFIED,.\audit_log.txt,,NO,08d32c3cbbbc9e505fa836988d66c94b2fa5258d821e4793201cbcd482c8d933,30,LOW
2026-09-12 11:28:41,bhagy,FILE MODIFIED,.\audit_log.txt,,NO,fe346cd1aa1b7270058dec0c78402365a0162a62393afb2a85014a08cc1c90ab,30,LOW
2026-09-12 11:28:41,bhagy,FILE MODIFIED,.\audit_log.txt,,NO,3fdcd75939c7c11d67733689514767a3ebce882805e740c775dbb18f8f2f30cc,30,LOW
2026-09-12 11:28:41,bhagy,FILE MODIFIED,.\audit_log.txt,,NO,29bed04b3b5a34a18633c940856eec9d4a08cd9ef8f84343b51e258cda938a87,30,LOW
2026-09-12 11:28:41,bhagy,FILE MODIFIED,.\audit_log.txt,,NO,d9ab8818d66384f174c98ea372290f9689b16be3ad7bb23ea43291e54122b487,30,LOW
2026-09-12 11:28:41,bhagy,FILE MODIFIED,.\audit_log.txt,,NO,eedea6f1f74481f6bd32c34243c911f291f0ed5d08f3ebd1e47c098308518ca3,30,LOW
2026-09-12 11:28:42,bhagy,FILE MODIFIED,.\audit_log.txt,,NO,bce8524d6586065b4ea502b2d2d49242fa35b70a7bd2cd58240f49895998fd84,30,LOW
2026-09-12 11:28:42,bhagy,FILE MODIFIED,.\audit_log.txt,,NO,c9facfa0c9e6b3e58835db6b077c2f5de83be406aadf519e7278355622cffa27,30,LOW
2026-09-12 11:28:42,bhagy,FILE MODIFIED,.\audit_log.txt,,NO,ca4bf80331a30e63a8438f8769ba42da4ba82225c6b39cde4c350310043226f1,30,LOW
2026-09-12 11:28:42,bhagy,FILE MODIFIED,.\audit_log.txt,,NO,c38a757c384ad8b7dbeb20e0baf880b7fd8593f66c1c23ee5fde20848d87ce88,30,LOW
2026-09-12 11:28:42,bhagy,FILE MODIFIED,.\audit_log.txt,,NO,6cda41d316d4a113ef4867ef2e0df556a33537fca29006d3bc092bd17b2de699,30,LOW
2026-09-12 11:28:42,bhagy,FILE MODIFIED,.\audit_log.txt,,NO,5f64480998467c72bcbf12501e64aa6acc03aac6ed0f2e748ef507c41d2bc41e,30,LOW
2026-09-12 11:28:42,bhagy,FILE MODIFIED,.\audit_log.txt,,NO,7c1c7f14b9c97f7b4eda8a56dfb8749e7b7d1900d254baad604c7b076df8c981,30,LOW
2026-09-12 11:28:42,bhagy,FILE MODIFIED,.\audit_log.txt,,NO,fdacfa20c50bedefb3b77d9b773bc8eb89f6d5d17d9c5c69ed437940c0831fd0,30,LOW
2026-09-12 11:28:42,bhagy,FILE MODIFIED,.\audit_log.txt,,NO,cea158321b3c1f8f9900327560cf183052cf8d1ef02a1ec45d4de720f4dec5f9,30,LOW
2026-09-12 11:28:43,bhagy,FILE MODIFIED,.\audit_log.txt,,NO,d5d96a9ba32f7749258a86f1243ba6c288b13263e7763382cd80f274c3c54165,30,LOW
2026-09-12 11:28:43,bhagy,FILE MODIFIED,.\audit_log.txt,,NO,a250df2cbd265d71c89c308168d30f277935cd93f51a109906b985da0f9d9eee,30,LOW
2026-09-12 11:28:43,bhagy,FILE MODIFIED,.\audit_log.txt,,NO,921c68942e2f995f7081c11245b7d3121b00e8e149cd55a746e7be7138e85b0c,30,LOW
2026-09-12 11:28:43,bhagy,FILE MODIFIED,.\audit_log.txt,,NO,c7fd2e6cd3e5fdd1d522741603e8dea8ec62e99a69138d932838045879c9d301,30,LOW
2026-09-12 11:28:43,bhagy,FILE MODIFIED,.\audit_log.txt,,NO,313d1f3c49d0f2e3f6d17326b9817cc60281641f374ae4867a5961dd64d02478,30,LOW
2026-09-12 11:28:43,bhagy,FILE MODIFIED,.\audit_log.txt,,NO,e00eee6eb946b4ee20df04f441ddd7b3152beadaac3577ba63964e7bbfd4b689,30,LOW
2026-09-12 11:28:43,bhagy,FILE MODIFIED,.\audit_log.txt,,NO,f1ec5bd965dd93ae41632bc9df8e1108ac759e0d803f7b0b06ec8db272e7f321,30,LOW
2026-09-12 11:28:43,bhagy,FILE MODIFIED,.\audit_log.txt,,NO,331777f3e76200583e2730948c74b4dbfec35a7295b5406e93c809a742d6653c,30,LOW
2026-09-12 11:28:44,bhagy,FILE MODIFIED,.\audit_log.txt,,NO,c7b3846c98706ad424ad255a8bd04494c00b1a48ac63008723bfee7072068f0f,30,LOW
2026-09-12 11:28:44,bhagy,FILE MODIFIED,.\audit_log.txt,,NO,6653172cdb2832e9c94adca9c2c69f8ecbe501a828a4627be9297d4b794524a4,30,LOW
2026-09-12 11:28:44,bhagy,FILE MODIFIED,.\audit_log.txt,,NO,b93b6d7c6a5a513168a8d422e64c460b36be5f070a3c4764e7ab62cc5354c587,30,LOW
2026-09-12 11:28:44,bhagy,FILE MODIFIED,.\audit_log.txt,,NO,a59bf6aeaeec6bd645ba5040d23204c8b5ea6cddd9711c2ee90c9fc4650282ba,30,LOW
2026-09-12 11:28:44,bhagy,FILE MODIFIED,.\audit_log.txt,,NO,27d577bb1eba14f929a4da495d7e6a3edbc94d16398f2cc8556065ad3d82e08c,30,LOW
2026-09-12 11:28:44,bhagy,FILE MODIFIED,.\audit_log.txt,,NO,f5cd3446b0f353778f18f2e50f16345929a2b87b4cfa77ed0839e6e377874a28,30,LOW
2026-09-12 11:28:44,bhagy,FILE MODIFIED,.\audit_log.txt,,NO,165347ad6ab483583317308de9836f659a30f17ba905a0669e66011ea247bea9,30,LOW
2026-09-12 11:28:44,bhagy,FILE MODIFIED,.\audit_log.txt,,NO,023c81b7e8326410e6d753062133b42eb879d504adc34abb524e82ed8c2f3b8f,30,LOW
2026-09-12 11:28:45,bhagy,FILE MODIFIED,.\audit_log.txt,,NO,6a7728f51969050bdd4a0e0967ab0d1222275880f811c91e34dcdcf126b3f1ac,30,LOW
2026-09-12 11:28:45,bhagy,FILE MODIFIED,.\audit_log.txt,,NO,807cd56b8f81cec277cbf2d2a49f85c3ea299bc688eaa03686d5d2875c52484c,30,LOW
2026-09-12 11:28:45,bhagy,FILE MODIFIED,.\audit_log.txt,,NO,f6678fa31a7a20bc604c7bcf96b17facbffac4e4bbbc359c887280a8989e9a12,30,LOW
2026-09-12 11:28:45,bhagy,FILE MODIFIED,.\audit_log.txt,,NO,fd3d397fa1dbd3b530b9b2b046a19c02d671fd86b1b8312ba410ebe6fd2ade0f,30,LOW
2026-09-12 11:28:45,bhagy,FILE MODIFIED,.\audit_log.txt,,NO,b51547dea7cff1a78e1b924c37b8c2671b12de0f21587554503fb664f722fb15,30,LOW
2026-09-12 11:28:45,bhagy,FILE MODIFIED,.\audit_log.txt,,NO,cad05b3f70f73547a6c093906f22c2f46a619de0f0c27d25def84e3a96a2f0a0,30,LOW
2026-09-12 11:28:45,bhagy,FILE MODIFIED,.\audit_log.txt,,NO,38837b37b1a54a8b65a81a73e3c34422f801d3126039b5e82e46f74dca527569,30,LOW
2026-09-12 11:28:45,bhagy,FILE MODIFIED,.\audit_log.txt,,NO,012b46b0b572e1c8ff72cd470683bbd6bcf2b4656ce96fd14e062ea0b0798287,30,LOW
2026-09-12 11:28:45,bhagy,FILE MODIFIED,.\audit_log.txt,,NO,2de2910e715d59277bf85b0650a764cb6587ce7e93fd7f9c45777910f6fa4a3a,30,LOW
2026-09-12 11:28:46,bhagy,FILE MODIFIED,.\audit_log.txt,,NO,ddc27b1a63b1b0ccace14c017498c21bb22e3b5b2014dc48bac6ecbc726ec3d4,30,LOW
2026-09-12 11:28:46,bhagy,FILE MODIFIED,.\audit_log.txt,,NO,5eec8482f4ddecd60a389c0e0e9ee1d7b7970d0ef2bdd8addb1b8e73ad4ffec4,30,LOW
2026-09-12 11:28:46,bhagy,FILE MODIFIED,.\audit_log.txt,,NO,6ca142372d55b1ecac1cf608e08b52c11f035362f719dc8c10c78e26cc356a52,30,LOW
2026-09-12 11:28:46,bhagy,FILE MODIFIED,.\audit_log.txt,,NO,226257aa5079810ddf6fdeb1db1e1b3dfc5e928d3c16110e444f230d65da87d8,30,LOW
2026-09-12 11:28:46,bhagy,FILE MODIFIED,.\audit_log.txt,,NO,8920fd3afada1221c231c558f157ce61d83fd00900ea75b94e219517884e0ff8,30,LOW
2026-09-12 11:28:46,bhagy,FILE MODIFIED,.\audit_log.txt,,NO,4bd90399111db71dbe59f155e548ec9a91592cf4ea5d232659da5ccb10a30916,30,LOW
2026-09-12 11:28:46,bhagy,FILE MODIFIED,.\audit_log.txt,,NO,7a708508ba0f15731972a81404d8193bf9f5cf21fc10630ccd0b620b0510e65f,30,LOW
2026-09-12 11:28:46,bhagy,FILE MODIFIED,.\audit_log.txt,,NO,9e64fc3cd25011fad4ba55033a6002d2319d389910890907e5139caf638de4e9,30,LOW
2026-09-12 11:28:47,bhagy,FILE MODIFIED,.\audit_log.txt,,NO,80aa0e78de1a989bba8c40fbc2b03d5f5a3e8234171386ee34bfaff0ce29f443,30,LOW
2026-09-12 11:28:47,bhagy,FILE MODIFIED,.\audit_log.txt,,NO,a1635a74f8e69a7f0b80625bc255cad5ae9100b5a12ff2212161a0adc5075d8a,30,LOW
2026-09-12 11:28:47,bhagy,FILE MODIFIED,.\audit_log.txt,,NO,1bd4cbb7dc21d36ed8e32722e42a863f069f6d459e26749dd313f1d7f735160b,30,LOW
2026-09-12 11:28:47,bhagy,FILE MODIFIED,.\audit_log.txt,,NO,1ee2ba26bce7f583fa7c1f9f03ed625a65cb390b9e3cdfe96477ddf3686bdccb,30,LOW
2026-09-12 11:28:47,bhagy,FILE MODIFIED,.\audit_log.txt,,NO,dbdd096fe913145030298f287c959c40e5e41012f900df48bfeb18a9e6269cc3,30,LOW
2026-09-12 11:28:47,bhagy,FILE MODIFIED,.\audit_log.txt,,NO,2c98f2bfee000e621fce3ecdc599a02baca54421fd4d60d41fdf062ea8ad0a52,30,LOW
2026-09-12 11:28:47,bhagy,FILE MODIFIED,.\audit_log.txt,,NO,921794fbe6124cd8014caa57e067d199ee6ae6a4d46da4c8328c442cbabc46a9,30,LOW
2026-09-12 11:28:47,bhagy,FILE MODIFIED,.\audit_log.txt,,NO,240ac870c2e1ac2eb3a17a7f6f7fbcda5a4fb43c8ba4795aa7857aadb2231df8,30,LOW
2026-09-12 11:28:47,bhagy,FILE MODIFIED,.\audit_log.txt,,NO,39ca28d87a0208f564d014fbec0a0c631787d21fe62b62614ff417c8fdfed139,30,LOW
2026-09-12 11:28:48,bhagy,FILE MODIFIED,.\audit_log.txt,,NO,ebbf9258c104e37135e29b08d2f1be4c74bbf2cd07b7d67c6f77cb2743c672c9,30,LOW
2026-09-12 11:28:48,bhagy,FILE MODIFIED,.\audit_log.txt,,NO,aba8d177d9c692fecae72f777b6e9f88935a80a99ee6366a749ca865d093fe6f,30,LOW
2026-09-12 11:28:48,bhagy,FILE MODIFIED,.\audit_log.txt,,NO,f0f8518a8d2f7881c162fb1ae4dd59619875255b3eda9db86f672da2cc4b3c34,30,LOW
2026-09-12 11:28:48,bhagy,FILE MODIFIED,.\audit_log.txt,,NO,602dc47bfd7aa43b98004dc8230acfd1e0252cba95b2ae8a7931ddcb0fadfad0,30,LOW
2026-09-12 11:28:48,bhagy,FILE MODIFIED,.\audit_log.txt,,NO,50b09616a134662ec39dc2d42af12cfc63ff092e94eca58ff76b88dae2f275c2,30,LOW
2026-09-12 11:28:48,bhagy,FILE MODIFIED,.\audit_log.txt,,NO,196e75fffa4431b669cdbfb1414b876a857a77866985868f8982828f57bf907a,30,LOW
2026-09-12 11:28:48,bhagy,FILE MODIFIED,.\audit_log.txt,,NO,ea0892cef7c4f2ac5d0493eca21f7dd0551d69deb3bb6c8ee29dad83dca9d293,30,LOW
2026-09-12 11:28:48,bhagy,FILE MODIFIED,.\audit_log.txt,,NO,7e5ea12247f3c0a275650e1defcaa3e3efa5c13f7ae0e9da9e64e2e101cf1fa6,30,LOW
2026-09-12 11:28:48,bhagy,FILE MODIFIED,.\audit_log.txt,,NO,d53bf160c5224aae31b3a4185a603a0c6a906a071da01e29cb8fc5c36094b5da,30,LOW
2026-09-12 11:28:48,bhagy,FILE MODIFIED,.\audit_log.txt,,NO,b8cb64b11eef260703d3c3668f63f3a71b2f9e1e1bf58f4ce7096f4e8cf401c7,30,LOW
2026-09-12 11:28:49,bhagy,FILE MODIFIED,.\audit_log.txt,,NO,5086c933f089b3bdd336ed5c0f7fbf389a68fd27c75166073dd7b08d20380f78,30,LOW
2026-09-12 11:28:49,bhagy,FILE MODIFIED,.\audit_log.txt,,NO,4e9e48fe1d8d18d42a91a602cda82bb65d8709be61fa5b18bb26d8c8ea2c7eb5,30,LOW
2026-09-12 11:28:49,bhagy,FILE MODIFIED,.\audit_log.txt,,NO,10ef220c3a196c74d9caee0e7f443c0540aaa4f871be91849a14866a7fd4ef8d,30,LOW
2026-09-12 11:28:49,bhagy,FILE MODIFIED,.\audit_log.txt,,NO,cad19d2a24473100aa01042b5297a59e5f2c849b47607442a54c6a457dabc0a0,30,LOW
2026-09-12 11:28:49,bhagy,FILE MODIFIED,.\audit_log.txt,,NO,5118b30e72b099cbaf156c1e18b2011d2455dbdbc3d093979bcd45490311fd11,30,LOW
2026-09-12 11:28:49,bhagy,FILE MODIFIED,.\audit_log.txt,,NO,1bd530ca8d3c7dbdab823bac3c539cb185956a6655bdc5ee15a6fd46383687f7,30,LOW
2026-09-12 11:28:49,bhagy,FILE MODIFIED,.\audit_log.txt,,NO,15ce3efb571de22814c2004316ac1089d3a804af2f768bc832528da9bbde06f5,30,LOW
2026-09-12 11:28:49,bhagy,FILE MODIFIED,.\audit_log.txt,,NO,81035ecda9cfb6d77a76f90024039c98b66bf4a7fd282326de936275c39f1d57,30,LOW
2026-09-12 11:28:50,bhagy,FILE MODIFIED,.\audit_log.txt,,NO,2554241f8d640926ed54b6a1c6616ac95521311cfa79166f0374aaf02077e666,30,LOW
2026-09-12 11:28:50,bhagy,FILE MODIFIED,.\audit_log.txt,,NO,378f3273903652b4050b9235314a778b989946248828600617558b8c70077cd6,30,LOW
2026-09-12 11:28:50,bhagy,FILE MODIFIED,.\audit_log.txt,,NO,1a00bbd883c8693bbeb3503283ad96d605bbc10789d4a597a5bfd0e5646bcabc,30,LOW
2026-09-12 11:28:50,bhagy,FILE MODIFIED,.\audit_log.txt,,NO,e3a47a7072ed99a375210fc38f5ecc2d959f0e069561c415a8f624135fd86433,30,LOW
2026-09-12 11:28:50,bhagy,FILE MODIFIED,.\audit_log.txt,,NO,8b71b787c410d6487c98090b2920a63803e7cad23ff22efb069b1d40ee3bbedf,30,LOW
2026-09-12 11:28:50,bhagy,FILE MODIFIED,.\audit_log.txt,,NO,1811bfa4540479ca2d2590564489e49aaddae5c748b85dbcf0107ff26974f309,30,LOW
2026-09-12 11:28:50,bhagy,FILE MODIFIED,.\audit_log.txt,,NO,02c5891fafaf08baf89b8d457bcdd5ab5ad2972621a41851f0b347832cdf9bc0,30,LOW
2026-09-12 11:28:50,bhagy,FILE MODIFIED,.\audit_log.txt,,NO,309c3c76002d003c2594d1b5d7215d1ca4fbcd737de13bde377c6890f88b543b,30,LOW
2026-09-12 11:28:50,bhagy,FILE MODIFIED,.\audit_log.txt,,NO,8fef73e1cf468e499466812de6d3718bf33b2b009e3d43ffd4cdf9cc34a89c02,30,LOW
2026-09-12 11:28:51,bhagy,FILE MODIFIED,.\audit_log.txt,,NO,dc76168042af1c1c9821842e1c41ea21e5492f80dfb375d663850a62e98d1d80,30,LOW
2026-09-12 11:28:51,bhagy,FILE MODIFIED,.\audit_log.txt,,NO,f1afdea13dba3fc7b7bb94cd6db9a512e013597b38834b85f8c0f828f94e4817,30,LOW
2026-09-12 11:28:51,bhagy,FILE MODIFIED,.\audit_log.txt,,NO,7764ace27a747256cf5c65941d1c0ec9427dd8bc8451dc92cc536281de09f099,30,LOW
2026-09-12 11:28:51,bhagy,FILE MODIFIED,.\audit_log.txt,,NO,b738a1de350c139aafe07bb3daaa19e7b058e1219e1244e1390b67aec67fa914,30,LOW
2026-09-12 11:28:51,bhagy,FILE MODIFIED,.\audit_log.txt,,NO,e6fa9b0d494700adb0ca17bd9648e13755c472c807f8c8da9ef8ed8ec20563d5,30,LOW
2026-09-12 11:28:51,bhagy,FILE MODIFIED,.\audit_log.txt,,NO,fec819497c3434006f6a81bf2210f5a2a5d2bfb8376298b5598375ff1099a611,30,LOW
2026-09-12 11:28:51,bhagy,FILE MODIFIED,.\audit_log.txt,,NO,3cca307c904cfdf0d97dc94f54561824628dc06e2d4aaed225f9ab5c579c3e1b,30,LOW
2026-09-12 11:28:52,bhagy,FILE MODIFIED,.\audit_log.txt,,NO,9a97b6b8304250692457d36921c7e697c2aa2946ae998fa17fc0b15148f5c3a1,30,LOW
2026-09-12 11:28:52,bhagy,FILE MODIFIED,.\audit_log.txt,,NO,8cf87a73065b650a6b5b8a18207e3659fb7677084efcbc238e5eba90f999fc65,30,LOW
2026-09-12 11:28:52,bhagy,FILE MODIFIED,.\audit_log.txt,,NO,703f46a13121f6420d0b2355f003ee852d9cde0ddec95b9e7e2478fd310487bf,30,LOW
2026-09-12 11:28:52,bhagy,FILE MODIFIED,.\audit_log.txt,,NO,7a15b3a4a36d49dc483c3c624e5984793085ac585a5ab06b7c01139ade99402b,30,LOW
2026-09-12 11:28:52,bhagy,FILE MODIFIED,.\audit_log.txt,,NO,9db59089db98e8bc60e6daa2ac2e3fc4f9591274502471bb36893203486efacd,30,LOW
2026-09-12 11:28:52,bhagy,FILE MODIFIED,.\audit_log.txt,,NO,4a9eec2d81932726e81d1072231cc65ed847ca4d3564870d173336eaef7b01b5,30,LOW
2026-09-12 11:28:52,bhagy,FILE MODIFIED,.\audit_log.txt,,NO,647fe824fbae73ecef6782f988b319620d37748b60ec1a202238ee3dbcd497e0,30,LOW
2026-09-12 11:28:53,bhagy,FILE MODIFIED,.\audit_log.txt,,NO,7caeb4dbc3e220e0b3c06e0b60fdf5372bd441ec9029d06b546a9691d0f82a9b,30,LOW
2026-09-12 11:28:53,bhagy,FILE MODIFIED,.\audit_log.txt,,NO,08b0910c4f2a71af8e33b23aa8415dbf7a77ea198bbbca1025494acd2041e42a,30,LOW
2026-09-12 11:28:53,bhagy,FILE MODIFIED,.\audit_log.txt,,NO,51626677517bfbb8254995ef7bb047c13bca80a1886d51e57f96f6f9c10d92d1,30,LOW
2026-09-12 11:28:53,bhagy,FILE MODIFIED,.\audit_log.txt,,NO,8e1604aa9604edf2810de52663904b75bbf1c68b871b4b46344a0f271b9cd0d1,30,LOW
2026-09-12 11:28:53,bhagy,FILE MODIFIED,.\audit_log.txt,,NO,cfbc2447d6e90e206997e7d6c72906b12836525bb4ba055b9c2d36673873fc85,30,LOW
2026-09-12 11:28:53,bhagy,FILE MODIFIED,.\audit_log.txt,,NO,478981f3125947d373858163bb7254fb466ba68d2d611f1a6adf2b52436b3a0c,30,LOW
2026-09-12 11:28:53,bhagy,FILE MODIFIED,.\audit_log.txt,,NO,f9d2f92dc0e290c17d9c3400fcf3f5c8bab02a6a005f04fc5482e9165891892d,30,LOW
2026-09-12 11:28:53,bhagy,FILE MODIFIED,.\audit_log.txt,,NO,d740e3b7397dc8939dd90946aa2e62fc991929f575bedf216d94597132248d86,30,LOW
2026-09-12 11:28:54,bhagy,FILE MODIFIED,.\audit_log.txt,,NO,c28c6961883fc67d919a2d0efd92bd372760a28d20152aed7234bcb0ecce7691,30,LOW
2026-09-12 11:28:54,bhagy,FILE MODIFIED,.\audit_log.txt,,NO,0396202da5c5f4947a57ccf49ae1156d6f54a4f534972ff4b13fd969cd009d49,30,LOW
2026-09-12 11:28:54,bhagy,FILE MODIFIED,.\audit_log.txt,,NO,e3515aaf74a09f5102ac0711be01d603987fa381ccef5c620fd77e1ce55c7832,30,LOW
2026-09-12 11:28:54,bhagy,FILE MODIFIED,.\audit_log.txt,,NO,2eb564281d85930e8a75f2b300e493bbd82c6e193637c82442beaf13cd287e3f,30,LOW
2026-09-12 11:28:54,bhagy,FILE MODIFIED,.\audit_log.txt,,NO,8a4a79fab9aae1c7618b79095aec3a8b20db32c61cd6062a0af61e61aa60fea4,30,LOW
2026-09-12 11:28:54,bhagy,FILE MODIFIED,.\audit_log.txt,,NO,6b436a24b20bc1723b11f04e611a61043b238f612f60aaa17863102fa7a074c0,30,LOW
2026-09-12 11:28:54,bhagy,FILE MODIFIED,.\audit_log.txt,,NO,2b3a68a914ee7827160a0ed61279c349d008caf439e0af55b23154a071f7e274,30,LOW
2026-09-12 11:28:55,bhagy,FILE MODIFIED,.\audit_log.txt,,NO,40353678fc1d734045d27bd55791c52766fffabadfbb1279d5b2de1ce6651ca4,30,LOW
2026-09-12 11:28:55,bhagy,FILE MODIFIED,.\audit_log.txt,,NO,792b1bcdc025623e2317b307b5ca5bbf546e821454000936bc74a072f91d3486,30,LOW
2026-09-12 11:28:55,bhagy,FILE MODIFIED,.\audit_log.txt,,NO,23c68fbc2e49167b7fe4fc12de74cec042c4abd0d51a81eab2d85417f819a83e,30,LOW
2026-09-12 11:28:55,bhagy,FILE MODIFIED,.\audit_log.txt,,NO,707bb3fb911b48f090b073b4cb5899e88c66217f30c049f416ef1261db06db97,30,LOW
2026-09-12 11:28:55,bhagy,FILE MODIFIED,.\audit_log.txt,,NO,23b36b5a50bafd313abd312ef5854dea4e63e80a70c6dd7a9718aab5e8d12533,30,LOW
2026-09-12 11:28:55,bhagy,FILE MODIFIED,.\audit_log.txt,,NO,224a3e7bd90b8957bfe8f3b416ffba88ca205d9515745e6f86e49778aa5f103d,30,LOW
2026-09-12 11:28:56,bhagy,FILE MODIFIED,.\audit_log.txt,,NO,cb32b87eeb86c0ba70a55014175ad1b99b1e09206c0b0001f1edb042a1f4430f,30,LOW
2026-09-12 11:28:56,bhagy,FILE MODIFIED,.\audit_log.txt,,NO,0dd82e821120b1e552b4d1d3a15088747a0431811a07ba6992b93e840fb820f9,30,LOW
2026-09-12 11:28:56,bhagy,FILE MODIFIED,.\audit_log.txt,,NO,96284691f89d6236a96499abe41b3e5dcfa23f815e866ef8f72e2a7af73f2dd1,30,LOW
2026-09-12 11:28:56,bhagy,FILE MODIFIED,.\audit_log.txt,,NO,6eeb567ba3b5f1826fc28eeea5e649fd836bc2e0bb594b214bfa788d1c3c5959,30,LOW
2026-09-12 11:28:56,bhagy,FILE MODIFIED,.\audit_log.txt,,NO,dff771a3299b7b72e521e343b99d0a7f732a36e7ba08e0781c18c8b377ff14b0,30,LOW
2026-09-12 11:28:56,bhagy,FILE MODIFIED,.\audit_log.txt,,NO,91213bef0be1012124454ff21a04683ef9af96a2417f07fd0455e4fd445b3561,30,LOW
2026-09-12 11:28:56,bhagy,FILE MODIFIED,.\audit_log.txt,,NO,f85418b64b04093ca8542256a3152b3ba1d59d33a65a6871dc56fb5f00c61b1c,30,LOW
2026-09-12 11:28:57,bhagy,FILE MODIFIED,.\audit_log.txt,,NO,587abc3c209b38491154282048cf6820f65e7a3622f8c5497a1752bc1587482b,30,LOW
2026-09-12 11:28:57,bhagy,FILE MODIFIED,.\audit_log.txt,,NO,c8875d895e8fd0b9fa76065fa2da95bc24a8de7414e1ff46ca2a48a50188ae20,30,LOW
2026-09-12 11:28:57,bhagy,FILE MODIFIED,.\audit_log.txt,,NO,85eaa13128146c8461bb84b060d3b990d41064ba8573db9c95eccf8d8e922115,30,LOW
2026-09-12 11:28:57,bhagy,FILE MODIFIED,.\audit_log.txt,,NO,c9a1acca1bc7626603cda28b310a43acde617d2cb4e1c39d28cada77c1587d11,30,LOW
2026-09-12 11:28:57,bhagy,FILE MODIFIED,.\audit_log.txt,,NO,d6190751f60160f5e8fce23f361b80f6d56ad443c8391d6ecdcbbe907163e2da,30,LOW
2026-09-12 11:28:57,bhagy,FILE MODIFIED,.\audit_log.txt,,NO,3c78d70fd2b0ac5249c26384f5f47000a86195c825f95fbdcb38f618af5d26d2,30,LOW
2026-09-12 11:28:58,bhagy,FILE MODIFIED,.\audit_log.txt,,NO,1622804b8093eb3e6457bd4d0b159a6fc52a0298bfce2e7af1f7780481379951,30,LOW
2026-09-12 11:28:58,bhagy,FILE MODIFIED,.\audit_log.txt,,NO,fc21c66f04cf453ed377b5eeb52e859b6a2b919f69e4920ebe9be0ef917bfaad,30,LOW
2026-09-12 11:28:58,bhagy,FILE MODIFIED,.\audit_log.txt,,NO,f152aa896ad25d80559f4c992015a1bce24235c882014742717f5d74e00f32c7,30,LOW
2026-09-12 11:28:58,bhagy,FILE MODIFIED,.\audit_log.txt,,NO,ca899b9cf72494cc32f7cc55a5da92a2267889ec8c61117db8004f0a2d8a3b4e,30,LOW
2026-09-12 11:28:58,bhagy,FILE MODIFIED,.\audit_log.txt,,NO,c17931cc7cc27f6ece1ae47f61a5a77dfa5fa407bf2e0881af1334a3b1601d04,30,LOW
2026-09-12 11:28:58,bhagy,FILE MODIFIED,.\audit_log.txt,,NO,659495ae5238d7ee93bc058c1e1bf8912c21e4a2f946394cd231956bbf8db8aa,30,LOW
2026-09-12 11:28:58,bhagy,FILE MODIFIED,.\audit_log.txt,,NO,5187320c85b682313c7cbb59c0d45734ff324f9226540c383ce74cffee1b665c,30,LOW
2026-09-12 11:28:59,bhagy,FILE MODIFIED,.\audit_log.txt,,NO,717904e20dbfbd74ec4f35641144b42b02ce786289663d6be1c101b09907bf7e,30,LOW
2026-09-12 11:28:59,bhagy,FILE MODIFIED,.\audit_log.txt,,NO,6d0e06743665c04aefb579e84608b372c1e1a6a5451eecf93a1ef5702ca42d2a,30,LOW
2026-09-12 11:28:59,bhagy,FILE MODIFIED,.\audit_log.txt,,NO,bd1fd925529dc0d0f6e5d7772fcd028020cc1e0f73cd334ad938f94eee9a8a62,30,LOW
2026-09-12 11:28:59,bhagy,FILE MODIFIED,.\audit_log.txt,,NO,676075ef046411d7b7bb607e6c2e7aeabeb683d0c5f317cd97daffc5f1de0f17,30,LOW
2026-09-12 11:28:59,bhagy,FILE MODIFIED,.\audit_log.txt,,NO,83aa19fe67f691191973dc4210a71620e134055f57e7a1926e3bc24a9829df5a,30,LOW
2026-09-12 11:28:59,bhagy,FILE MODIFIED,.\audit_log.txt,,NO,a1dcabe90b127fb10aebc1e7e0f772688f832c9bcd267fff675d179cd5a195f1,30,LOW
2026-09-12 11:29:00,bhagy,FILE MODIFIED,.\audit_log.txt,,NO,b43fb97bc9f7ff053f35e6e79717bea22fbc0cadfe575c998e207c1f3c668f3a,30,LOW
2026-09-12 11:29:00,bhagy,FILE MODIFIED,.\audit_log.txt,,NO,605d97019d3af6b528e3253bb03ebc7f00506c89b0d4a7f5343c67609cd8a58b,30,LOW
2026-09-12 11:29:00,bhagy,FILE MODIFIED,.\audit_log.txt,,NO,65ff6f1b680ed399030be04f3dfb2370e1577df62695e2394c83dfe4fe524f31,30,LOW
2026-09-12 11:29:00,bhagy,FILE MODIFIED,.\audit_log.txt,,NO,cae167f66e2e52ce5460028522d47eefbdb98b3ecb78f910e10200efdd459318,30,LOW
2026-09-12 11:29:00,bhagy,FILE MODIFIED,.\audit_log.txt,,NO,ac09a26525ea29be5fda853501a25d3d48a2ef8447c9a972126c08dbb052b8af,30,LOW
2026-09-12 11:29:00,bhagy,FILE MODIFIED,.\audit_log.txt,,NO,977cd76084fe8164f680ab08bde61985cb8e9d7cd4f990ed4e29974766975714,30,LOW
2026-09-12 11:29:01,bhagy,FILE MODIFIED,.\audit_log.txt,,NO,2531bfb15e8ff2396fca41f43d83f5c8a5f030bc001e96c72582f6e56f1c3137,30,LOW
2026-09-12 11:29:01,bhagy,FILE MODIFIED,.\audit_log.txt,,NO,f523bb6dcfaaf167180192e76e1ae5d7e1fbac1507c28a6942d04ab71eae4600,30,LOW
2026-09-12 11:29:01,bhagy,FILE MODIFIED,.\audit_log.txt,,NO,6804b92687a3478c57c75c2e7b56ccce7b9139bd8dd2f9ade8a743cdebd10b67,30,LOW
2026-09-12 11:29:01,bhagy,FILE MODIFIED,.\audit_log.txt,,NO,0d89d6a5adaf61d940dd95ec3196b119037dde340cac91627e9515c0b9daeba2,30,LOW
2026-09-12 11:29:01,bhagy,FILE MODIFIED,.\audit_log.txt,,NO,2630b488f63cc492e03b8c4fd64222088dec756ea3f3ee65cb50bb27d18d5c52,30,LOW
2026-09-12 11:29:01,bhagy,FILE MODIFIED,.\audit_log.txt,,NO,9ef5db1f8dae53c86a73faec1d060262b64be08c7cf55ea1cc29969fad6f8443,30,LOW
2026-09-12 11:29:01,bhagy,FILE MODIFIED,.\audit_log.txt,,NO,f1aeab3688a78ed53f7171b5c1751dadf42a0319e1c0e79876715a9031f894f0,30,LOW
2026-09-12 11:29:02,bhagy,FILE MODIFIED,.\audit_log.txt,,NO,45380e9fa45d149e13a72cca02abd7fa780a62efd283a029f66d383fb40425a7,30,LOW
2026-09-12 11:29:02,bhagy,FILE MODIFIED,.\audit_log.txt,,NO,0273617be19b160bd56ae95df05ed82a0c2ed90d2ca1ca08bf196e76cd2a3b57,30,LOW
2026-09-12 11:29:02,bhagy,FILE MODIFIED,.\audit_log.txt,,NO,b27672326e838db067be820d68dc71391da89a80dd4c59faae28bdb870bd9c64,30,LOW
2026-09-12 11:29:02,bhagy,FILE MODIFIED,.\audit_log.txt,,NO,07ec99a701cc2774a9b4208cde1969bd084b2f4b4defb3236a08773db723bc18,30,LOW
2026-09-12 11:29:02,bhagy,FILE MODIFIED,.\audit_log.txt,,NO,bc67b97af2a54644324dd7977b8f5f429023c02508f4d242870d92decb44e014,30,LOW
2026-09-12 11:29:02,bhagy,FILE MODIFIED,.\audit_log.txt,,NO,876fc87e8adbf47e614e487f12ef8f8809092e6653389f826c4e21646050c3a6,30,LOW
2026-09-12 11:29:03,bhagy,FILE MODIFIED,.\audit_log.txt,,NO,27717d6d15e57f4237abba7f7bf2dee568867af43b706917885dabd64a7a1408,30,LOW
2026-09-12 11:29:03,bhagy,FILE MODIFIED,.\audit_log.txt,,NO,75b37dcf136ec6a55cd869a32bc19fde3bc8e6c3ddf4e1e05fe2bde512d0d945,30,LOW
2026-09-12 11:29:03,bhagy,FILE MODIFIED,.\audit_log.txt,,NO,47146e76e8ab7b21d40f45e99705f39c8fe890dae85d5870541919032f6ee193,30,LOW
2026-09-12 11:29:03,bhagy,FILE MODIFIED,.\audit_log.txt,,NO,0247802260edb27996467ac4201b6cf3953820bd21e7e777991f838f0b91392e,30,LOW
2026-09-12 11:29:03,bhagy,FILE MODIFIED,.\audit_log.txt,,NO,250af005118c03e4372d93d1d8628d4c3bd9db3a6d42fcd8a3daf5c0185b3802,30,LOW
2026-09-12 11:29:03,bhagy,FILE MODIFIED,.\audit_log.txt,,NO,2f716c80a2a3aa53d5e12121cadf1bbcd86f45772525379f3ce83eed0185f0ae,30,LOW
2026-09-12 11:29:03,bhagy,FILE MODIFIED,.\audit_log.txt,,NO,b3a03abb29e7fbaa1fb027a2cbc9dc2cc64d8def32a63b2ea4d9f5898b3f19ba,30,LOW
2026-09-12 11:29:04,bhagy,FILE MODIFIED,.\audit_log.txt,,NO,bb0bcd953513adc1747bc89368adee764291ae24577249c31b8e7e9db2c3d9ac,30,LOW
2026-09-12 11:29:04,bhagy,FILE MODIFIED,.\audit_log.txt,,NO,2322d44c011872cc7b3f5f4c386c510dacb49cf6c45a0bad7a7e03b0d6775254,30,LOW
2026-09-12 11:29:04,bhagy,FILE MODIFIED,.\audit_log.txt,,NO,1b19297c1d630dbe044f94999cfc51d32597dc2d3827260a8a24bb277f03086b,30,LOW
2026-09-12 11:29:04,bhagy,FILE MODIFIED,.\audit_log.txt,,NO,0161a89a605a6639296222a848a65a0bd65e395585ac74af1d2c6fa56e923cd6,30,LOW
2026-09-12 11:29:04,bhagy,FILE MODIFIED,.\audit_log.txt,,NO,9daab2089b0e08d7ebb5d4293e59ba548848a4edee82f04e479a60a4d9a8e349,30,LOW
2026-09-12 11:29:04,bhagy,FILE MODIFIED,.\audit_log.txt,,NO,517b758574e8c23bf9695baca197d241f5e1856dc5ae33023ce396808d9e969b,30,LOW
2026-09-12 11:29:05,bhagy,FILE MODIFIED,.\audit_log.txt,,NO,aa3b1fde80ce0f05fa43a65196689c5e98f647c4cf98d4c43199713d70a650b8,30,LOW
2026-09-12 11:29:05,bhagy,FILE MODIFIED,.\audit_log.txt,,NO,5d02f702f0a5335657640ca8d60ee508ef35d79edf36b0ced14337e87ab09f76,30,LOW
2026-09-12 11:29:05,bhagy,FILE MODIFIED,.\audit_log.txt,,NO,aa14e5913e78b4df3688fcef12ea9d54c9f4a349f151024b8b54449cb5f926b2,30,LOW
2026-09-12 11:29:05,bhagy,FILE MODIFIED,.\audit_log.txt,,NO,20594fe29505bb8d625c37ff6a65bd4962cb26cc2e93e70e364ecdc3179931c0,30,LOW
2026-09-12 11:29:05,bhagy,FILE MODIFIED,.\audit_log.txt,,NO,bd6f28e5fcff5a5b69bd17e06aa42a4b60a998d1d15effee2784a15ef73f4fad,30,LOW
2026-09-12 11:29:05,bhagy,FILE MODIFIED,.\audit_log.txt,,NO,12d12edac53c89ffcb77bd4a38fd4d89478bee2b62727de4fbb03ab5f87811ab,30,LOW
2026-09-12 11:29:05,bhagy,FILE MODIFIED,.\audit_log.txt,,NO,7ec190407240f860bbae870978606ae5867403189dae951dc67be1ff6402d288,30,LOW
2026-09-12 11:29:06,bhagy,FILE MODIFIED,.\audit_log.txt,,NO,005bfdd6a4d732996e698f7e5843df24c4a963a6df38a9f1d5dece3df2b0cec0,30,LOW
2026-09-12 11:29:06,bhagy,FILE MODIFIED,.\audit_log.txt,,NO,7994f87691b1e9f2d030ad8edee179d24658e3fe556c57677e8e62d1950c30b9,30,LOW
2026-09-12 11:29:06,bhagy,FILE MODIFIED,.\audit_log.txt,,NO,6c208c9a4484ead9786a6ec34b6def2203b0db762bbf1cb8f9be6218372030a6,30,LOW
2026-09-12 11:29:06,bhagy,FILE MODIFIED,.\audit_log.txt,,NO,8bf41e764c74f3d82ed252e669f22735f583056833007aa6bbbc5c43a1cf88fe,30,LOW
2026-09-12 11:29:06,bhagy,FILE MODIFIED,.\audit_log.txt,,NO,8af28c1bc495b719cdddc1cdc4d09935ebc754ecd6b163b364b7f04280172129,30,LOW
2026-09-12 11:29:06,bhagy,FILE MODIFIED,.\audit_log.txt,,NO,d2319afa51a3134683c9a9a23a8e9b3a0081354257378393c72110a015540acc,30,LOW
2026-09-12 11:29:07,bhagy,FILE MODIFIED,.\audit_log.txt,,NO,bba5540d42480c32dbf26973ea6dd51ce7001d97d0e47bfb230329671f487be5,30,LOW
2026-09-12 11:29:07,bhagy,FILE MODIFIED,.\audit_log.txt,,NO,44547db0a975fa59445add42d72d110064532594b96887fbddfffa3cf09efc93,30,LOW
2026-09-12 11:29:07,bhagy,FILE MODIFIED,.\audit_log.txt,,NO,e90a6ec844f8cbe68ae96072f5fd816d2c427f8ed429389e5961d8576cf52659,30,LOW
2026-09-12 11:29:07,bhagy,FILE MODIFIED,.\audit_log.txt,,NO,dfabc8e3adccf1bfa647b314230b8226a84f48fb034d5b2542eb92dece61b29b,30,LOW
2026-09-12 11:29:07,bhagy,FILE MODIFIED,.\audit_log.txt,,NO,2db418d547984bb9e6b968e84d3f2d31d56f2306538b84770c1707caa7cc7d43,30,LOW
2026-09-12 11:29:07,bhagy,FILE MODIFIED,.\audit_log.txt,,NO,0e37cb2d9e0cf2166e11b7ac310dd8ae763e5cb9d82d42f3cc8f0bb9ec41b223,30,LOW
2026-09-12 11:29:07,bhagy,FILE MODIFIED,.\audit_log.txt,,NO,81c594dd84d15bd8e4532f3c629365a4c108d26d15ce5f7f211459c3de3a8fe0,30,LOW
2026-09-12 11:29:08,bhagy,FILE MODIFIED,.\audit_log.txt,,NO,912e88029e27c9eef1ed166abcc7838f92679f474a8ca7e2b7261282e6f48d16,30,LOW
2026-09-12 11:29:08,bhagy,FILE MODIFIED,.\audit_log.txt,,NO,fec0a21db9ccb0f6cbce82e1ad4e1031164ac8e9c9277293a95c42d712e3741d,30,LOW
2026-09-12 11:29:08,bhagy,FILE MODIFIED,.\audit_log.txt,,NO,9ddabe8588d5c66f89798185250521130afa5ebbd61707117ddfe20f25ae5742,30,LOW
2026-09-12 11:29:08,bhagy,FILE MODIFIED,.\audit_log.txt,,NO,6fe4dd600089f19a532f86bc046d9ae2fc9584959c391ee8b19f9134101ba2d3,30,LOW
2026-09-12 11:29:08,bhagy,FILE MODIFIED,.\audit_log.txt,,NO,b89816b8687ad767c9b66fa8815d38c9d6c2d1a7217362fad3f60c42dbbc4876,30,LOW
2026-09-12 11:29:08,bhagy,FILE MODIFIED,.\audit_log.txt,,NO,f7abca48324105a48538552eb3fc1f43cf0c54d010edcbe9be3a9d94df8e596a,30,LOW
2026-09-12 11:29:08,bhagy,FILE MODIFIED,.\audit_log.txt,,NO,ec5177526c6ebf99d96d8470d5544a50f6d5694ad59050c857f2e3137c9966e2,30,LOW
2026-09-12 11:29:09,bhagy,FILE MODIFIED,.\audit_log.txt,,NO,5348a84cfce1acf8a43e7959bc87310646cd8e79455ed2c0269c21d03c333f09,30,LOW
2026-09-12 11:29:09,bhagy,FILE MODIFIED,.\audit_log.txt,,NO,5a2473db2eb34fba67cb0c5f256ba1b142bba703c43513aee7efeea90e12301b,30,LOW
2026-09-12 11:29:09,bhagy,FILE MODIFIED,.\audit_log.txt,,NO,e710d251f180374cd340701123445c17ac805d75a24a0585df80f279e5f8b8af,30,LOW
2026-09-12 11:29:09,bhagy,FILE MODIFIED,.\audit_log.txt,,NO,a9002840b3b71f565f89d4d78b8f64bc5c43d4e14bc4a1cbce1af34d40285278,30,LOW
2026-09-12 11:29:09,bhagy,FILE MODIFIED,.\audit_log.txt,,NO,dd2ac8b5e68bb660ce3ced727552f06732b7f06821aec325f5f37143a176289a,30,LOW
2026-09-12 11:29:09,bhagy,FILE MODIFIED,.\audit_log.txt,,NO,4d2045914660e6952df7837cda5e62764f34cd8502ca22025523150b89a25472,30,LOW
2026-09-12 11:29:10,bhagy,FILE MODIFIED,.\audit_log.txt,,NO,14b3de33ee15a50ddc01d0aca18db9ca9983cba3574399e3b933dfe2e08b6167,30,LOW
2026-09-12 11:29:10,bhagy,FILE MODIFIED,.\audit_log.txt,,NO,f920214ad2965b342f94562240d348515a729c1b3a09b7f685c1ef4171cc9ed3,30,LOW
2026-09-12 11:29:10,bhagy,FILE MODIFIED,.\audit_log.txt,,NO,ebc1bf43e0aedddd15098f40fe3f1ea89c35d1f48c975da5164db2212c6fc625,30,LOW
2026-09-12 11:29:10,bhagy,FILE MODIFIED,.\audit_log.txt,,NO,95112608a0c1e009b86a0c8fd74f4fdf1633069597821e1d5abce1a5cf1aa429,30,LOW
2026-09-12 11:29:10,bhagy,FILE MODIFIED,.\audit_log.txt,,NO,491ec4d7cc6663c43774cb2639258ac8a2b3e807ba158223429d66c947b0b86e,30,LOW
2026-09-12 11:29:10,bhagy,FILE MODIFIED,.\audit_log.txt,,NO,0aefaaad8eee0d9d744e1cb9073483b1a326b869c28a707fbe5881c158e0e1d7,30,LOW
2026-09-12 11:29:10,bhagy,FILE MODIFIED,.\audit_log.txt,,NO,0b2744ca4db75886a4a07126aaab508d986be918d06f01276dd03788baf56801,30,LOW
2026-09-12 11:29:11,bhagy,FILE MODIFIED,.\audit_log.txt,,NO,bb9e4d21ac4fcaafa9275fe9d03d68dc8d7050046989d6f549054255d50727e2,30,LOW
2026-09-12 11:29:11,bhagy,FILE MODIFIED,.\audit_log.txt,,NO,97628ce80dacde3d64dbb31d4208c18bed373f3edbd6cf63bd4adf5a75778f79,30,LOW
2026-09-12 11:29:11,bhagy,FILE MODIFIED,.\audit_log.txt,,NO,05187b04c8c3559d2e62166c718120d3071aaa0f74558475b633fc2a5adf4e0e,30,LOW
2026-09-12 11:29:11,bhagy,FILE MODIFIED,.\audit_log.txt,,NO,c3583d4c4ca6a4e525176810c12cb781f1523b36cc4d01a28f4d32713041cb94,30,LOW
2026-09-12 11:29:11,bhagy,FILE MODIFIED,.\audit_log.txt,,NO,6e9bb3263377d75bd433e2f5ecc0a2cbb4646c1abceeb3e3becd5f16adcda902,30,LOW
2026-09-12 11:29:11,bhagy,FILE MODIFIED,.\audit_log.txt,,NO,06db9232a9502c0a5140b42b5c516e6055757f673a5fe663755883dc8851dd0d,30,LOW
2026-09-12 11:29:11,bhagy,FILE MODIFIED,.\audit_log.txt,,NO,9dca43b6cb323dca05d76dd8592761c924ed976d81d2a52691a4418e3801cf6b,30,LOW
2026-09-12 11:29:12,bhagy,FILE MODIFIED,.\audit_log.txt,,NO,b6bec0396e4ef6617dc9c5a57bb49de545839d103e69a2085c029f7b05345bdb,30,LOW
2026-09-12 11:29:12,bhagy,FILE MODIFIED,.\audit_log.txt,,NO,409d1161b0a34685820b697e264333613b36f00bebf937dcadf01467650f085d,30,LOW
2026-09-12 11:29:12,bhagy,FILE MODIFIED,.\audit_log.txt,,NO,b4d9afbd2c1b820336cdc8e904592183fb99a58add38a19ea06b160e3c68a32c,30,LOW
2026-09-12 11:29:12,bhagy,FILE MODIFIED,.\audit_log.txt,,NO,e855c7cca3bb9d6a13f7b8cbbece902819543281a8184ba2c89efbe47c664dac,30,LOW
2026-09-12 11:29:12,bhagy,FILE MODIFIED,.\audit_log.txt,,NO,38e7530af92a7b3217eaf4f20fd0fa9c1c031970a65273e94a3763ee518f4fba,30,LOW
2026-09-12 11:29:12,bhagy,FILE MODIFIED,.\audit_log.txt,,NO,a5c2579256ba8236f6232d77b9f0ec414740cd243b1fea5d856241bf4c78f178,30,LOW
2026-09-12 11:29:12,bhagy,FILE MODIFIED,.\audit_log.txt,,NO,7f2227568f91c845bf831b5f67fdbdb81b23d6a24e2ee3c325f35dbbe8a45a29,30,LOW
2026-09-12 11:29:13,bhagy,FILE MODIFIED,.\audit_log.txt,,NO,83f11e02409f5d1682b4819c522814d353319bf15166388a2dd7e27ee940b6ed,30,LOW
2026-09-12 11:29:13,bhagy,FILE MODIFIED,.\audit_log.txt,,NO,6564950fb2aff1fe8d916d0c06e71c59e6601c4d344a4083fd21cfd3cc3a28fb,30,LOW
2026-09-12 11:29:13,bhagy,FILE MODIFIED,.\audit_log.txt,,NO,ec831798a9285ae6e2feed805d99bfccb8a42b37942d9f00404e8fb174ef004e,30,LOW
2026-09-12 11:29:13,bhagy,FILE MODIFIED,.\audit_log.txt,,NO,d9451b683df0722d297a8a2157f988e1b8d927b16ab4da7f1cf8ab170d58887a,30,LOW
2026-09-12 11:29:13,bhagy,FILE MODIFIED,.\audit_log.txt,,NO,10b407a7497a90d5d84086db6782e11f31f14617d722f97e35b62aad5778f942,30,LOW
2026-09-12 11:29:13,bhagy,FILE MODIFIED,.\audit_log.txt,,NO,4b2fc2a772d82a6d3102395aa9e4d7112844d45713309d73586c5d21f8c1d905,30,LOW
2026-09-12 11:29:13,bhagy,FILE MODIFIED,.\audit_log.txt,,NO,5b69a23b6bbdbc0ae796c3d4122e602b0fc92bb61ba19da91c29401328607c64,30,LOW
2026-09-12 11:29:13,bhagy,FILE MODIFIED,.\audit_log.txt,,NO,8ec54c34fc4b8c6aeb636f66a00e808b4c1e4ef9363e9b55c57e3ca1cc6439e4,30,LOW
2026-09-12 11:29:14,bhagy,FILE MODIFIED,.\audit_log.txt,,NO,3d5e3231d8901349f32939c567060769386a4d4669af595f47768a1b9b8be9a6,30,LOW
2026-09-12 11:29:14,bhagy,FILE MODIFIED,.\audit_log.txt,,NO,f57e02524db93c5002af3b176246464e9f53b15cb8ae3983a5780c7870a2c8bf,30,LOW
2026-09-12 11:29:14,bhagy,FILE MODIFIED,.\audit_log.txt,,NO,de1683ca0351373d23d331fcc211d31e2b31fccb63a658a1fac7e934a24dad88,30,LOW
2026-09-12 11:29:14,bhagy,FILE MODIFIED,.\audit_log.txt,,NO,0fcebf8813d6990f3b321e88135585979e6025610c4fb14eb561e87546ca6023,30,LOW
2026-09-12 11:29:14,bhagy,FILE MODIFIED,.\audit_log.txt,,NO,bbc90c7bfc1fd91a645d2ddf600419addfac93dcc6f3c6eeea2eabd1c6223167,30,LOW
2026-09-12 11:29:14,bhagy,FILE MODIFIED,.\audit_log.txt,,NO,38cd02ba4a8bb34d1d78ef353113843b7cd292766e91ab38c9821c851d137421,30,LOW
2026-09-12 11:29:14,bhagy,FILE MODIFIED,.\audit_log.txt,,NO,89cd5dd638fbcb56b861e87b8862511074f9618f94cf93556724892e2861c072,30,LOW
2026-09-12 11:29:15,bhagy,FILE MODIFIED,.\audit_log.txt,,NO,15112fc20e2978c3f27937373a27312ce33771e5456dfc8c1234c4b7f4cfe59d,30,LOW
2026-09-12 11:29:15,bhagy,FILE MODIFIED,.\audit_log.txt,,NO,6bc15db0c2df43d5b2fd7762363f256edb600fb4e5ee318f88be53a87581e1e6,30,LOW
2026-09-12 11:29:15,bhagy,FILE MODIFIED,.\audit_log.txt,,NO,2394095b9c2930661a6d89c487ca14b7f21f6914acb1cd3ee8c3ac3332a8dd5f,30,LOW
2026-09-12 11:29:15,bhagy,FILE MODIFIED,.\audit_log.txt,,NO,3ab49c1fa64dbffa3c86bff09d96fa8f85c43b247aeba3809bf492a477a069dc,30,LOW
2026-09-12 11:29:15,bhagy,FILE MODIFIED,.\audit_log.txt,,NO,451c5a824e59a632871da027b60b4946550e99bf676e8d7c210832f34290796b,30,LOW
2026-09-12 11:29:15,bhagy,FILE MODIFIED,.\audit_log.txt,,NO,9b0544fcd1d105991e8a4d09c1f710ea15a7f8ea41b9c58462144ee3e88d92d8,30,LOW
2026-09-12 11:29:15,bhagy,FILE MODIFIED,.\audit_log.txt,,NO,60c2be8bf0233524b558436e3578b01ea63a53414865526e91498c2044a82a9f,30,LOW
2026-09-12 11:29:15,bhagy,FILE MODIFIED,.\audit_log.txt,,NO,792491f03856ae140612d740150e0dfb57f0a60483ee08a32a0ff63d9b68ccad,30,LOW
2026-09-12 11:29:16,bhagy,FILE MODIFIED,.\audit_log.txt,,NO,8618e00b71ab90dce1ba0268b0b3e722b55fc195401503b8353a6605f43a916d,30,LOW
2026-09-12 11:29:16,bhagy,FILE MODIFIED,.\audit_log.txt,,NO,2d1812a3a02634ef17d1dff20062b09fb4c8fad4292aaba0f7b1950cb07eb373,30,LOW
2026-09-12 11:29:16,bhagy,FILE MODIFIED,.\audit_log.txt,,NO,9c7861143d00fcc00698626960f60c36c657f30348126a92c4c6c722e48ebd34,30,LOW
2026-09-12 11:29:16,bhagy,FILE MODIFIED,.\audit_log.txt,,NO,9bffa977c44c98c2ffe0ba080143f4d413f6dbfb9e331b94c11f970b84eaeebc,30,LOW
2026-09-12 11:29:16,bhagy,FILE MODIFIED,.\audit_log.txt,,NO,2ca094153b856861bb67b8a21d44a983b3c5700e1fa99e19d5a0936b177907ba,30,LOW
2026-09-12 11:29:16,bhagy,FILE MODIFIED,.\audit_log.txt,,NO,65eb95a6fde02518801516a4500b292aae6e9916b708b3de0d808fe093418f0a,30,LOW
2026-09-12 11:29:16,bhagy,FILE MODIFIED,.\audit_log.txt,,NO,3968323835d636e6a1f103858da1ec26ebd8902a1ff274820d1a67eeb4cfe970,30,LOW
2026-09-12 11:29:16,bhagy,FILE MODIFIED,.\audit_log.txt,,NO,51e13b1f72100852b022d425e9f314d177cf199f8ad0c89c19c48124b39eeab5,30,LOW
2026-09-12 11:29:16,bhagy,FILE MODIFIED,.\audit_log.txt,,NO,83153440210ae5e013da7478a2ef59d3f47c8cabb8902be994e602404e3548d6,30,LOW
2026-09-12 11:29:16,bhagy,FILE MODIFIED,.\audit_log.txt,,NO,9b77a5c4301473046641a473dc9d69ece8bcb09b78419e4cfde9356c2e002fbd,30,LOW
2026-09-12 11:29:17,bhagy,FILE MODIFIED,.\audit_log.txt,,NO,07655b9369ee02129f39277b2d82f2e8019a19a116716fd8710429685a1cd29d,30,LOW
2026-09-12 11:29:17,bhagy,FILE MODIFIED,.\audit_log.txt,,NO,3ff5f35d8dc07231b038d42e8c5478c05e3efbba785e15af86a60b90e08b6b00,30,LOW
2026-09-12 11:29:17,bhagy,FILE MODIFIED,.\audit_log.txt,,NO,f7361b8552dc23e8c840c780b1681837cc329ec57be552428bca26896335a1f8,30,LOW
2026-09-12 11:29:17,bhagy,FILE MODIFIED,.\audit_log.txt,,NO,21ed9b61c5e22637bbfbcc0febc1e896fa029803b030f6498967fffac02a3107,30,LOW
2026-09-12 11:29:17,bhagy,FILE MODIFIED,.\audit_log.txt,,NO,288232491df0b7c19f4cfc2f6cc17fced2e1c3b6539d46b048e4dea7b9019aa9,30,LOW
2026-09-12 11:29:17,bhagy,FILE MODIFIED,.\audit_log.txt,,NO,6996ca2954bb6f038c9eeaba57dc75d4f6ae0d09c70b958c56860f55d0ef52ba,30,LOW
2026-09-12 11:29:17,bhagy,FILE MODIFIED,.\audit_log.txt,,NO,9058e93627984ac3d43a7587c1d6ca7b415b7651c0a27774e7d4c82e87dcb7f6,30,LOW
2026-09-12 11:29:17,bhagy,FILE MODIFIED,.\audit_log.txt,,NO,983e4c6d1e0dc49442f654d604c9d941388ff0389b862da0ce0b15d18cab6787,30,LOW
2026-09-12 11:29:18,bhagy,FILE MODIFIED,.\audit_log.txt,,NO,a57d4f84aba1faeb6dedd2c4f15e3a2e75237a062b47ae8cf2b3a904d28b01df,30,LOW
2026-09-12 11:29:18,bhagy,FILE MODIFIED,.\audit_log.txt,,NO,1349d8b513fe9a5b09c4cd7991c3534293171c4ebf09ebcb7f2fb73286f52325,30,LOW
2026-09-12 11:29:18,bhagy,FILE MODIFIED,.\audit_log.txt,,NO,2b71f217a166dc020c4d8e0afc583cf2bccfeae3d31c919c9a928cfb71b12269,30,LOW
2026-09-12 11:29:18,bhagy,FILE MODIFIED,.\audit_log.txt,,NO,9d7f02d8e1e0670458b470726189760310c441038a751656221c6fe01df0e70b,30,LOW
2026-09-12 11:29:18,bhagy,FILE MODIFIED,.\audit_log.txt,,NO,a9217f44529cb76fcfa760b03c007f431c9fe90d98f0c30a0826462f302dae5e,30,LOW
2026-09-12 11:29:18,bhagy,FILE MODIFIED,.\audit_log.txt,,NO,068c6a44edee2a2bbb5505a8009850eacb7663a55856b88ecab2fa45c128f973,30,LOW
2026-09-12 11:29:18,bhagy,FILE MODIFIED,.\audit_log.txt,,NO,422007f73e02652f57512899c0bac228dffb1fb82b7189cdb87197dc9c820546,30,LOW
2026-09-12 11:29:18,bhagy,FILE MODIFIED,.\audit_log.txt,,NO,faa3989fb1a7ff9dbfb008e4ce231c8fea64cfd51ab9ba34c8b1b9a3d982a334,30,LOW
2026-09-12 11:29:18,bhagy,FILE MODIFIED,.\audit_log.txt,,NO,9d6f389c09e587fde430b3119a955430a4d3eebca0313bd9a491a506bb5bc7aa,30,LOW
2026-09-12 11:29:19,bhagy,FILE MODIFIED,.\audit_log.txt,,NO,663fd5ce74848220a4458ee7402a45a9997ef7470eae99e09fafbf10fb039454,30,LOW
2026-09-12 11:29:19,bhagy,FILE MODIFIED,.\audit_log.txt,,NO,f405e7b239b12a8d2baa76bafdb15184b7124e39d9269ff63ac3d5138ea7e397,30,LOW
2026-09-12 11:29:19,bhagy,FILE MODIFIED,.\audit_log.txt,,NO,ff46678f292ccb201c27dceb8f7a4b96f4d9f7810ac135869a005436abcd917d,30,LOW
2026-09-12 11:29:19,bhagy,FILE MODIFIED,.\audit_log.txt,,NO,54664afdb31664762aabd9eb71a97340c280c0a88c754299663eaacf03307c93,30,LOW
2026-09-12 11:29:19,bhagy,FILE MODIFIED,.\audit_log.txt,,NO,1c6ea48445fd8899a5dafbe6ecdbb123834187e09afe1a41b018474aebd98f81,30,LOW
2026-09-12 11:29:19,bhagy,FILE MODIFIED,.\audit_log.txt,,NO,de85a65780b9314d5167cae9e8b541f147e6ed6809c4d48534e8a2df181f1658,30,LOW
2026-09-12 11:29:19,bhagy,FILE MODIFIED,.\audit_log.txt,,NO,1b71c337ef40a10571a0b4cd0f33e92dbe10e21c1f49b8d0858293ddd47fa352,30,LOW
2026-09-12 11:29:19,bhagy,FILE MODIFIED,.\audit_log.txt,,NO,d7bd35212f5fffcacc994d2263ed19ebb5345807a24347501dc9de621d20d65b,30,LOW
2026-09-12 11:29:20,bhagy,FILE MODIFIED,.\audit_log.txt,,NO,4605bb09c9089ec60ef41654acb88fff4ad08ad4db69f8e9826207e57b81905f,30,LOW
2026-09-12 11:29:20,bhagy,FILE MODIFIED,.\audit_log.txt,,NO,b532408461d5e7da3fdca1a38e299f24927396823f62fafae87f628ba4516d15,30,LOW
2026-09-12 11:29:20,bhagy,FILE MODIFIED,.\audit_log.txt,,NO,c424ffe9dc29419448f4fb7128be61bddd20d99392750b5f35e9b6f50c6d8459,30,LOW
2026-09-12 11:29:20,bhagy,FILE MODIFIED,.\audit_log.txt,,NO,cc720dc4a11b35fcddf54b4904db2326d748d9e1d8cc92f675c1ec366cb71544,30,LOW
2026-09-12 11:29:20,bhagy,FILE MODIFIED,.\audit_log.txt,,NO,a4dc65fd443a51048ada56f15ba8e5834d5d44fc3fa2d5b579874911bf71d52f,30,LOW
2026-09-12 11:29:20,bhagy,FILE MODIFIED,.\audit_log.txt,,NO,c55a145610bf45a8bdf0ba80b4daabe4698661c18ae10577fe8c771b86f6174b,30,LOW
2026-09-12 11:29:20,bhagy,FILE MODIFIED,.\audit_log.txt,,NO,012fa185f55842b369b7d0758fd7f522be1c22c8ecdff347304424573b0aefaf,30,LOW
2026-09-12 11:29:20,bhagy,FILE MODIFIED,.\audit_log.txt,,NO,eefbef22ac893e32ff537e48b832ab06c6d05298994e564bc486780e5b766523,30,LOW
2026-09-12 11:29:20,bhagy,FILE MODIFIED,.\audit_log.txt,,NO,b639a5b2e55fccc418446a4244e86a30b4101257542a5cb04e63a9d685752852,30,LOW
2026-09-12 11:29:20,bhagy,FILE MODIFIED,.\audit_log.txt,,NO,4c570cac38c5be19b45eb7e7e2fe5b6b89606ec9b74eafb4589e78f72bc0d5e7,30,LOW
2026-09-12 11:29:21,bhagy,FILE MODIFIED,.\audit_log.txt,,NO,174e6e2c35b930e38ae1ea98bfbbb68541fc5827c36595c868c7e0e2c8c3a98e,30,LOW
2026-09-12 11:29:21,bhagy,FILE MODIFIED,.\audit_log.txt,,NO,7b1111e66cfa1db3e3fd971b6a325d9f0f24fd7747e3eb7f58f366e50981f627,30,LOW
2026-09-12 11:29:21,bhagy,FILE MODIFIED,.\audit_log.txt,,NO,400567883109f1077323a973596c170040417e012c87fa5426f9b73dae29039f,30,LOW
2026-09-12 11:29:21,bhagy,FILE MODIFIED,.\audit_log.txt,,NO,a99f883310a8bbea781322a2dfccace3580f357d5f128932f3e6f46617bdfd19,30,LOW
2026-09-12 11:29:21,bhagy,FILE MODIFIED,.\audit_log.txt,,NO,d0d849aa8d217411d858067643c0dcdfd57f56329dfd1b21e6e4885cc3daffbb,30,LOW
2026-09-12 11:29:21,bhagy,FILE MODIFIED,.\audit_log.txt,,NO,09daade1cd704d014548cc118fe3617583866f702a3324d5fe53cb855a5a2e5b,30,LOW
2026-09-12 11:29:21,bhagy,FILE MODIFIED,.\audit_log.txt,,NO,e820140e3a1f3a0aff975ae7a825f29778b8e17a25375df21e61007ba773e44c,30,LOW
2026-09-12 11:29:21,bhagy,FILE MODIFIED,.\audit_log.txt,,NO,b265ce088fa29884c877e4f58cbff06a6a9577e7b06351732a0a7b82eac2e35e,30,LOW
2026-09-12 11:29:21,bhagy,FILE MODIFIED,.\audit_log.txt,,NO,3bfcc9d1ceb4283a750ecc1888ba8fe795d51b3f6fd10ede16618c1d46475e57,30,LOW
2026-09-12 11:29:21,bhagy,FILE MODIFIED,.\audit_log.txt,,NO,5786ed7d07889caece2bf129ffc3bffd1b58572270dbc4ecd4470a01710e7a83,30,LOW
2026-09-12 11:29:22,bhagy,FILE MODIFIED,.\audit_log.txt,,NO,a568cc0f5c0d668b86b4b45a58833d740805be09f0244cd85de2e6c45ac17c63,30,LOW
2026-09-12 11:29:22,bhagy,FILE MODIFIED,.\audit_log.txt,,NO,9ac8294cce3d7237d7ec2e6adde693d0ec6d442dddd54011403b15b0cbd85840,30,LOW
2026-09-12 11:29:22,bhagy,FILE MODIFIED,.\audit_log.txt,,NO,15f5fed8f9acb6b2472ece814a00541f32507ad392f911fb05198c020b7ad79d,30,LOW
2026-09-12 11:29:22,bhagy,FILE MODIFIED,.\audit_log.txt,,NO,0c27431b11be547f467c5f1bd48a25a68d8a6ec968505bb5a8a91758aec87be4,30,LOW
2026-09-12 11:29:22,bhagy,FILE MODIFIED,.\audit_log.txt,,NO,30ed10dbf2c98352f95222a676463dc617dae121db93feba747f5480b045348e,30,LOW
2026-09-12 11:29:22,bhagy,FILE MODIFIED,.\audit_log.txt,,NO,fc1b827f57564b04dcc875d1396a3391b5c7f26019fea54437fbe8dabe0d96c6,30,LOW
2026-09-12 11:29:22,bhagy,FILE MODIFIED,.\audit_log.txt,,NO,dcc3b08a7ddeb004fc5cd4de053e5c95c59bdef52fa37758df50e5996d7746a1,30,LOW
2026-09-12 11:29:22,bhagy,FILE MODIFIED,.\audit_log.txt,,NO,849a54ec91c8fb5f5da161eb1661b4a77bca99886deeedca7d6c868f82b6e903,30,LOW
2026-09-12 11:29:23,bhagy,FILE MODIFIED,.\audit_log.txt,,NO,2f80baef5c25bad6d0f53af49232c3d64803d2521f3cd1939f961d484cdddd54,30,LOW
2026-09-12 11:29:23,bhagy,FILE MODIFIED,.\audit_log.txt,,NO,e7b8f91209ca1d55b0539addbf1747f0683c396aa57f76ea3021e38c4375168a,30,LOW
2026-09-12 11:29:23,bhagy,FILE MODIFIED,.\audit_log.txt,,NO,c7eec56739a17f7522f1e75db780efcefb77877cb34a2ca9eb48470adbb5394f,30,LOW
2026-09-12 11:29:23,bhagy,FILE MODIFIED,.\audit_log.txt,,NO,b50735048a095be1d5986d4ab1c5732a908742cf0cde9bb2e0188949fbe228e9,30,LOW
2026-09-12 11:29:23,bhagy,FILE MODIFIED,.\audit_log.txt,,NO,4735e0a580f4fe324c12a59578bdba180ace91b2e714dbeae0e3caeebcb5c79a,30,LOW
2026-09-12 11:29:23,bhagy,FILE MODIFIED,.\audit_log.txt,,NO,365bf14858f69f2a045101cc914eaf51286d3401abd1876913370c2c9c71c0cf,30,LOW
2026-09-12 11:29:23,bhagy,FILE MODIFIED,.\audit_log.txt,,NO,062ce6efdf475d9628999378907e93f39e1bb1339d3bba97960f65a7ca1f6555,30,LOW
2026-09-12 11:29:23,bhagy,FILE MODIFIED,.\audit_log.txt,,NO,dfaebf23ad2765a9f3c336479e4147a6819379a5a66e0836fb5ab92856a5963c,30,LOW
2026-09-12 11:29:23,bhagy,FILE MODIFIED,.\file_monitor.py,,NO,45c16850f8f4492e96b4f269af5bff70801c515a99b48c66221c7b3c286b4f91,0,LOW
2026-09-12 11:29:23,bhagy,FILE MODIFIED,.\audit_log.txt,,NO,dd4b6a5d7c867d0ab63f9c2c924c61d6c4f69c39f53b2cf609ee4af18ab23aed,30,LOW
2026-09-12 11:29:23,bhagy,FILE MODIFIED,.\file_monitor.py,,NO,45c16850f8f4492e96b4f269af5bff70801c515a99b48c66221c7b3c286b4f91,0,LOW
2026-09-12 11:29:24,bhagy,FILE MODIFIED,.\audit_log.txt,,NO,de58c9dc778e44ac0fb7138cf64d290ac8b149829d36ec56f510fad0d61b0620,30,LOW
2026-09-12 11:29:24,bhagy,FILE MODIFIED,.\audit_log.txt,,NO,6b4643e53d11f7f3d51f669d37fc1b55296c197d4e6e98e5868a7eb8de3a8681,30,LOW
2026-09-12 11:29:24,bhagy,FILE MODIFIED,.\audit_log.txt,,NO,91f22631bf9c550cdb2524811e63cd03015a1f8df87144de26aa9b86934e446e,30,LOW
2026-09-12 11:29:24,bhagy,FILE MODIFIED,.\audit_log.txt,,NO,f65acd2dedf785064d5e7894d37ce65e8d76a6f5317a1821f4046f557fcd74b8,30,LOW
2026-09-12 11:29:24,bhagy,FILE MODIFIED,.\audit_log.txt,,NO,78664a7366d7ec53eed5976ea896aa2a982483df36b40b46e614f7e467fad2a9,30,LOW
2026-09-12 11:29:24,bhagy,FILE MODIFIED,.\audit_log.txt,,NO,77a19fdc4c02f720c7030042d83826d5ddc8c0764ed25ecf1bf7118c79397b54,30,LOW
2026-09-12 11:29:24,bhagy,FILE MODIFIED,.\audit_log.txt,,NO,05e045dcee0ed1c9e6675f1371c02765143c8474f32c60c89baf305c766a5e35,30,LOW
2026-09-12 11:29:24,bhagy,FILE MODIFIED,.\audit_log.txt,,NO,94221148bc69e60cdb29f1a19935a7d52753c2eb525caa0ce6988920b962b628,30,LOW
2026-09-12 11:29:24,bhagy,FILE MODIFIED,.\audit_log.txt,,NO,35d4da2616021b070dbc26be1316a25282883ff802fcee2619e70d00892f5604,30,LOW
2026-09-12 11:29:24,bhagy,FILE MODIFIED,.\audit_log.txt,,NO,2cf549e8375b7bd40e9b6c51bf93e94ca14e08a32ff56b8878459a7e12d58f00,30,LOW
2026-09-12 11:29:24,bhagy,FILE MODIFIED,.\audit_log.txt,,NO,1aba5ba8492fcedc5810d19aee1875df6d4578b19c72499bf620cd0c7971ee37,30,LOW
2026-09-12 11:29:25,bhagy,FILE MODIFIED,.\audit_log.txt,,NO,3c41fdbe71e0476a0c89af1b63cd8c52bfda1616dc62b01268c04c273d53fda2,30,LOW
2026-09-12 11:29:25,bhagy,FILE MODIFIED,.\audit_log.txt,,NO,b56b00bd98da832a72915f116ed1cce671729cc693c6669f954bfc48502a1ffa,30,LOW
2026-09-12 11:29:25,bhagy,FILE MODIFIED,.\audit_log.txt,,NO,2e8983f2e437591ee858788bd12e30a8187a61e5b712eda44aaa5444b60d89dc,30,LOW
2026-09-12 11:29:25,bhagy,FILE MODIFIED,.\audit_log.txt,,NO,89f3b71f654845976f428c46877753c25e0f7b1bb47468d954d976b84f2f4086,30,LOW
2026-09-12 11:29:25,bhagy,FILE MODIFIED,.\audit_log.txt,,NO,318e02741a7292a32947c5de93e9ab5e0af1b490a205c4dc9db447987e4da5b6,30,LOW
2026-09-12 11:29:25,bhagy,FILE MODIFIED,.\audit_log.txt,,NO,5a72f5600fe1fc47516252623a6e430bc49ba9d033ee328bc7220bc958ca6923,30,LOW
2026-09-12 11:29:25,bhagy,FILE MODIFIED,.\audit_log.txt,,NO,c5ff1f063fcf06a24aef1316496139fa43f9109adb8c5352cd32cb4cfe5c2c2f,30,LOW
2026-09-12 11:29:25,bhagy,FILE MODIFIED,.\audit_log.txt,,NO,4e71eda039739f587b7a28cae84894786159d13db56192f9747bbdb9c84da6b7,30,LOW
2026-09-12 11:29:25,bhagy,FILE MODIFIED,.\audit_log.txt,,NO,ed007c4f3d52c9ff565f762ec222523b000eaef5753bdddad89225d32023430b,30,LOW
2026-09-12 11:29:25,bhagy,FILE MODIFIED,.\audit_log.txt,,NO,676455500db0ac828076c49e3189ee9f89a3148f332f378705b62b577781e82a,30,LOW
2026-09-12 11:29:26,bhagy,FILE MODIFIED,.\audit_log.txt,,NO,77d735683f68d9a8233de4e35a4427485683e06a6084673ac75d8289cdbd5cc9,30,LOW
2026-09-12 11:29:26,bhagy,FILE MODIFIED,.\audit_log.txt,,NO,c0b1957f7f0603c1573f696ab498584537e4684019365d2444c2b240ffbe6190,30,LOW
2026-09-12 11:29:26,bhagy,FILE MODIFIED,.\audit_log.txt,,NO,63858d95ad68dc835108d73bc8139c986aea40b94ce7402a296361e8d5f1861a,30,LOW
2026-09-12 11:29:26,bhagy,FILE MODIFIED,.\audit_log.txt,,NO,93f86e43d5a13117e24827d6394cabe4cad9504428255733fff333c375372931,30,LOW
2026-09-12 11:29:26,bhagy,FILE MODIFIED,.\audit_log.txt,,NO,04c970d3e743a1120e9cf888f3027362daa1824e937e01bbc8bec2797da9f7be,30,LOW
2026-09-12 11:29:26,bhagy,FILE MODIFIED,.\audit_log.txt,,NO,5fb2e57920b3607c485fb8898b593fd0eac8b98ea43b8d2dc6976d6c5970f656,30,LOW
2026-09-12 11:29:26,bhagy,FILE MODIFIED,.\audit_log.txt,,NO,2ffe92dfe0d71dc944caf25d0b192463ad829f6fa093c79d38ff5f87644c171c,30,LOW
2026-09-12 11:29:26,bhagy,FILE MODIFIED,.\audit_log.txt,,NO,e5bb5a466dc420be909153eb913b1132356c5bbc3b7cd8a09fab403762899154,30,LOW
2026-09-12 11:29:26,bhagy,FILE MODIFIED,.\audit_log.txt,,NO,aeed32d136db53327631ec88d545ecc0cc6e2d3588beca15fdb6a9a56c9c122c,30,LOW
2026-09-12 11:29:26,bhagy,FILE MODIFIED,.\audit_log.txt,,NO,ce6c4581192886435145f00af2976d8ff0f96a3e0a7770e50318df9b3bc9e8af,30,LOW
2026-09-12 11:29:27,bhagy,FILE MODIFIED,.\audit_log.txt,,NO,edff6fe21e49c2eb21d94e7ee4dce9456b3d5011bda15c6bdea9fbb9483be72d,30,LOW
2026-09-12 11:29:27,bhagy,FILE MODIFIED,.\audit_log.txt,,NO,2a174ff1c84d55b403ecc312520c3c26a71ebbbaf5c8adebd0ed6a527d6de4fa,30,LOW
2026-09-12 11:29:27,bhagy,FILE MODIFIED,.\audit_log.txt,,NO,6b4283fa3d90b4460117d01e3e5dc68fb69fb84a3a413e90b475ea62aae11a6b,30,LOW
2026-09-12 11:29:27,bhagy,FILE MODIFIED,.\audit_log.txt,,NO,374dfd9a50c1804a26c0711552eef7bf1e7d3d46d3557bc4300242a62782b385,30,LOW
2026-09-12 11:29:27,bhagy,FILE MODIFIED,.\audit_log.txt,,NO,fa4ab8f6d76e7247fd885264c32e9c2cae05aa23bcc747e173b46362d7a35fbe,30,LOW
2026-09-12 11:29:27,bhagy,FILE MODIFIED,.\audit_log.txt,,NO,029e44111aa2d6d3a523d76a726270f99351a9afae9ab8d74df936afc72302fb,30,LOW
2026-09-12 11:29:27,bhagy,FILE MODIFIED,.\audit_log.txt,,NO,4c7fc9c3d8d5747d62e17a798ddab4aede90cdd84b4e2efc419cd7d1958ac163,30,LOW
2026-09-12 11:29:27,bhagy,FILE MODIFIED,.\audit_log.txt,,NO,34ba3f916e94605420ffb04e3c28c95b58eb531a99d3f3f710503173cd5fecba,30,LOW
2026-09-12 11:29:27,bhagy,FILE MODIFIED,.\audit_log.txt,,NO,ea395a943f1457fd6b40a27f505ad99b287f3cec2196e30895c42a99e6e52356,30,LOW
2026-09-12 11:29:28,bhagy,FILE MODIFIED,.\audit_log.txt,,NO,00ffdc48919d45f5405b531a5e33fc700219d23450b316d97d242412682e2627,30,LOW
2026-09-12 11:29:28,bhagy,FILE MODIFIED,.\audit_log.txt,,NO,10e69a1b2adc5c2db73227776198e369a08e103e5de0a2f3a8f1f98e7ba8d9d5,30,LOW
2026-09-12 11:29:28,bhagy,FILE MODIFIED,.\audit_log.txt,,NO,1e29e0791334361092456c1c810249f8239fd43ceb841a5ae4b06111eb07da03,30,LOW
2026-09-12 11:29:28,bhagy,FILE MODIFIED,.\audit_log.txt,,NO,e43015586e99ff8fe7f1a803e9944380436046834ae1f94afa0d624d716f99dc,30,LOW
2026-09-12 11:29:28,bhagy,FILE MODIFIED,.\audit_log.txt,,NO,98a55dd98c36dec1c907b798f53a17f44df8697e0ef8137ff98d6445ccfeca5a,30,LOW
2026-09-12 11:29:28,bhagy,FILE MODIFIED,.\audit_log.txt,,NO,20eb1cd8c6385de4f63f05c4d8fa9493c2605e4e84b96dec63b4508c92c3b952,30,LOW
2026-09-12 11:29:28,bhagy,FILE MODIFIED,.\audit_log.txt,,NO,13c20701c61e47465334002a4e0c6a9aa2df67e9f7199371e18ecad4c5eeb34d,30,LOW
2026-09-12 11:29:28,bhagy,FILE MODIFIED,.\audit_log.txt,,NO,c89f41cbd159fef90868c122d7ecb408fdd181b243f818ce0ec92d4ac9ed5016,30,LOW
2026-09-12 11:29:29,bhagy,FILE MODIFIED,.\audit_log.txt,,NO,5ab6966e3345633e7d73e0a134e6d568f8890dbc4284ab6d087aa475ff118197,30,LOW
2026-09-12 11:29:29,bhagy,FILE MODIFIED,.\audit_log.txt,,NO,1950978836fbdc397a1f9b3777d3966b71f4ec8e836cf1f93bcb24f2eecaa8e6,30,LOW
2026-09-12 11:29:29,bhagy,FILE MODIFIED,.\audit_log.txt,,NO,9c7c24649452c3222cfc703665af3ac7acd6ee757d83b4aea94ec78dbcfe6a10,30,LOW
2026-09-12 11:29:29,bhagy,FILE MODIFIED,.\audit_log.txt,,NO,c22988f95e6891343a772dbe6689cacc86b43f371038e70d8dbb3db151835d7e,30,LOW
2026-09-12 11:29:29,bhagy,FILE MODIFIED,.\audit_log.txt,,NO,60026bbb05564b2afd82caaf9757c7d1eaaa60c27c7d61c327ba584d51624694,30,LOW
2026-09-12 11:29:29,bhagy,FILE MODIFIED,.\audit_log.txt,,NO,154d467d05526ccd1202894a6483d704b16cd4bde209428b85dc0caecb377433,30,LOW
2026-09-12 11:29:29,bhagy,FILE MODIFIED,.\audit_log.txt,,NO,73aad84717baf7b4e3924e2922e7b068bd856db73cc050f867521e59d55e33d5,30,LOW
2026-09-12 11:29:29,bhagy,FILE MODIFIED,.\audit_log.txt,,NO,6ade4636e1b5edd5920ab71b6ba2460713b455643e09e645189e636203c043df,30,LOW
2026-09-12 11:29:29,bhagy,FILE MODIFIED,.\audit_log.txt,,NO,cc9699b5bbffd72198d27cad10fd90f2f7c4b014cf19783e8d18d18b1ffbb89d,30,LOW
2026-09-12 11:29:30,bhagy,FILE MODIFIED,.\audit_log.txt,,NO,db7b0e85146631780aff06e5f9e1381c0cf9a73c2454635b9088e7bd98d8aec9,30,LOW
2026-09-12 11:29:30,bhagy,FILE MODIFIED,.\audit_log.txt,,NO,e0128342eb2b3a2aaa33d4383920f3ef5d4b0ae046f173392e14c008a4972ef0,30,LOW
2026-09-12 11:29:30,bhagy,FILE MODIFIED,.\audit_log.txt,,NO,43d63193c810f0c700fbc0235f1392abcc2079b834ec0110bc783a2f447976d7,30,LOW
2026-09-12 11:29:30,bhagy,FILE MODIFIED,.\audit_log.txt,,NO,02e07834665c816b0a6e405bbdc1a6410cae20ba293d3fabd2c83e3b75c2e20c,30,LOW
2026-09-12 11:29:30,bhagy,FILE MODIFIED,.\audit_log.txt,,NO,99752c08238da1163bc67f89d64e43e94faed7afd5e5402335e360664c5bf705,30,LOW
2026-09-12 11:29:30,bhagy,FILE MODIFIED,.\audit_log.txt,,NO,505c1b58bf8d7b875b4942563824b0f8a1dcc07fe62dbde59e6a1bb30f4ff01f,30,LOW
2026-09-12 11:29:30,bhagy,FILE MODIFIED,.\audit_log.txt,,NO,5dcf52a9a7cf02e884bf766063e294efa507a3f10fd39d9bcb47d9e625353e04,30,LOW
2026-09-12 11:29:30,bhagy,FILE MODIFIED,.\audit_log.txt,,NO,141517180618df77d171f308c1d67f3197f76a48aafcb9e4efbd8708394b0b2a,30,LOW
2026-09-12 11:29:31,bhagy,FILE MODIFIED,.\audit_log.txt,,NO,e8176e53768cef7e1adcb1b535f46408cabc8507e75d1c72bc0a7078c7045d52,30,LOW
2026-09-12 11:29:31,bhagy,FILE MODIFIED,.\audit_log.txt,,NO,69de377130041b624ff59a716bdadc8d224dbf57bb6c9945cbe6f72a249a17b9,30,LOW
2026-09-12 11:29:31,bhagy,FILE MODIFIED,.\audit_log.txt,,NO,55a4583fc524825dc73f9c93c1ce9e0924591e97d319228a135e449a37e36160,30,LOW
2026-09-12 11:29:31,bhagy,FILE MODIFIED,.\audit_log.txt,,NO,df8144aa899a1730d9e7b6723c1915f4e90d74b950f555ee08b659b347ceadb0,30,LOW
2026-09-12 11:29:31,bhagy,FILE MODIFIED,.\audit_log.txt,,NO,06070eb56cc4c06a5b450400695128789a0f169d67163064798729a6ce3e5b93,30,LOW
2026-09-12 11:29:31,bhagy,FILE MODIFIED,.\audit_log.txt,,NO,941ca017a6e30e6757db1489c355824368612202338ff31d4f2bde8f99b19168,30,LOW
2026-09-12 11:29:31,bhagy,FILE MODIFIED,.\audit_log.txt,,NO,ae2b4a7f79276b8ee21f091c189ba87b53fa39b0e2e85b4d46f8411d442123e1,30,LOW
2026-09-12 11:29:31,bhagy,FILE MODIFIED,.\audit_log.txt,,NO,0f95b97feed30e4c99f131838305eb6b8610d4b147e6925ffa9f54132d3f41bc,30,LOW
2026-09-12 11:29:31,bhagy,FILE MODIFIED,.\audit_log.txt,,NO,9eba05f980bbf6929cc4a2440b9cfd1cb0f68e96022e292cbe99a361bbc9b8f9,30,LOW
2026-09-12 11:29:31,bhagy,FILE MODIFIED,.\audit_log.txt,,NO,cebdcef2dfb8057a432ee6418fa78cd896f31a0a27b2aef918879df2b22c4715,30,LOW
2026-09-12 11:29:32,bhagy,FILE MODIFIED,.\audit_log.txt,,NO,7a615f4e3daa24d961b3f544bf9b235ac53710747c5d98d6aa6bac54cd2b2a41,30,LOW
2026-09-12 11:29:32,bhagy,FILE MODIFIED,.\audit_log.txt,,NO,cd9c77299eb59b8bf0e279f62885034bcd0bcb97284f13e546d3c3dea611b216,30,LOW
2026-09-12 11:29:32,bhagy,FILE MODIFIED,.\audit_log.txt,,NO,81d5e7b674653390ff48d4a8b36cd097c2613d5d698d3e28d1d9add9e3fb9dbd,30,LOW
2026-09-12 11:29:32,bhagy,FILE MODIFIED,.\audit_log.txt,,NO,0b7e15541e8358c13a1bd975619ef1524edb10f615f3ac0bda594ac0d471bff2,30,LOW
2026-09-12 11:29:32,bhagy,FILE MODIFIED,.\audit_log.txt,,NO,3aa3eb266e06ef0d0ec634e090d10fad438bbb5fd02d0056af96068580e778ed,30,LOW
2026-09-12 11:29:32,bhagy,FILE MODIFIED,.\audit_log.txt,,NO,e49846732c2a972bc1c24e3bb04f9117d7f234a6c2a680a65a32ca5b0c57af2b,30,LOW
2026-09-12 11:29:32,bhagy,FILE MODIFIED,.\audit_log.txt,,NO,25c9317a48527486173d496fa03b3e23c779284b22840eec53ab3a85ba4acaa5,30,LOW
2026-09-12 11:29:32,bhagy,FILE MODIFIED,.\audit_log.txt,,NO,e8099477b7c354c2ca1010e8c96300ce056a038804ad25436f71fb5392a8aa90,30,LOW
2026-09-12 11:29:32,bhagy,FILE MODIFIED,.\audit_log.txt,,NO,13635f6e8af1151e96e5f3073b91a8ed10b008962106a97260f2ba63599f10ba,30,LOW
2026-09-12 11:29:32,bhagy,FILE MODIFIED,.\audit_log.txt,,NO,3bf611a40fa8a158b983d610959dcb9bc2bfad6f01f7347869f38fa6ac99eabb,30,LOW
2026-09-12 11:29:32,bhagy,FILE MODIFIED,.\audit_log.txt,,NO,39b16ad77ea20c73966ebb174e0fa32198e568e7b0821ac9c3ff5271bb9ffa79,30,LOW
2026-09-12 11:29:33,bhagy,FILE MODIFIED,.\audit_log.txt,,NO,02f4c735fe871af0cdd211f9e113f65da51be40ce9328279d539885db4e49fd3,30,LOW
2026-09-12 11:29:33,bhagy,FILE MODIFIED,.\audit_log.txt,,NO,78b2a9f60b68fb2b6cf94d3f25b3c2d36fbddd56df665b4fe94a9e01f1548c7c,30,LOW
2026-09-12 11:29:33,bhagy,FILE MODIFIED,.\audit_log.txt,,NO,8213e9ffd81f4b4ca3732c91339f5e8f6bb5eff8bdd86124a02c2d40de5ba8d8,30,LOW
2026-09-12 11:29:33,bhagy,FILE MODIFIED,.\audit_log.txt,,NO,d208554914bca180a48db5ca4e6bc5d2eba8231a0cdd976c3a2044566cc56599,30,LOW
2026-09-12 11:29:33,bhagy,FILE MODIFIED,.\audit_log.txt,,NO,609660608e0b5dbece9f56fc84ea8fb9cebf20d3a0c75008c793c056292d796f,30,LOW
2026-09-12 11:29:33,bhagy,FILE MODIFIED,.\audit_log.txt,,NO,0b4e220984022ef8c27a7f92cfb41023479d443afed3bc26e183afa75e3840ff,30,LOW
2026-09-12 11:29:33,bhagy,FILE MODIFIED,.\audit_log.txt,,NO,cb44bc5f739e13a7238dae9bed918804db0f7479187e9f86f42e1ff0029e2ed6,30,LOW
2026-09-12 11:29:33,bhagy,FILE MODIFIED,.\audit_log.txt,,NO,4d33caac466ad54546e85d8f4bc184205b7c06aa1aa2ed8238b2606f94d59b90,30,LOW
2026-09-12 11:29:33,bhagy,FILE MODIFIED,.\audit_log.txt,,NO,0f1b0719f1aa30a703edc668985a076f86d0c3d428364418d034a95d4690da19,30,LOW
2026-09-12 11:29:33,bhagy,FILE MODIFIED,.\audit_log.txt,,NO,c19c25b1ed9072c216b94fd8615fa63107bcb8c6d7d74e0dc2fb7242f0b48454,30,LOW
2026-09-12 11:29:33,bhagy,FILE MODIFIED,.\audit_log.txt,,NO,8cc818fd8f57fba7a863ba7ad25deb461e5bb1626f002cb1c8295abbfc08f9bd,30,LOW
2026-09-12 11:29:34,bhagy,FILE MODIFIED,.\audit_log.txt,,NO,4995668065cf016bb2d1520f9f09e851f3e4f800deb8e46ee30989d7ac23cd56,30,LOW
2026-09-12 11:29:34,bhagy,FILE MODIFIED,.\audit_log.txt,,NO,084bb7a0c99c759e8b5285c2d55323cb11adcb13c751ff77c9c5e1fa69596df4,30,LOW
2026-09-12 11:29:34,bhagy,FILE MODIFIED,.\audit_log.txt,,NO,211f9b0911869fc2d201f48bdb1e0bb8d219b8c7457382294a850c2d6d9cd132,30,LOW
2026-09-12 11:29:34,bhagy,FILE MODIFIED,.\audit_log.txt,,NO,d56cc6039aa20309d89f56aaee58f2745a1736470e908667697dc2f50602d451,30,LOW
2026-09-12 11:29:34,bhagy,FILE MODIFIED,.\audit_log.txt,,NO,9cf3d0dc314f8e3d9d62dea167742151f7f7f137f9fc38bdbab7a945cba6ed0d,30,LOW
2026-09-12 11:29:34,bhagy,FILE MODIFIED,.\audit_log.txt,,NO,f04bd9a36baae772b92cd42752465741a77a32ee74ddb0c4bdc7e23d75e277ad,30,LOW
2026-09-12 11:29:34,bhagy,FILE MODIFIED,.\audit_log.txt,,NO,d6437a18510d7aaa7820181196e774a6cd9a09bfc771f9a574effa89b28d83c8,30,LOW
2026-09-12 11:29:34,bhagy,FILE MODIFIED,.\audit_log.txt,,NO,7a9524b85ba5c3a6137b3d292be203891fb02fd24b827ee29a7614a9467b7cab,30,LOW
2026-09-12 11:29:34,bhagy,FILE MODIFIED,.\audit_log.txt,,NO,6b36e990938d1658cb9e3ba24b4b1889f679631eeccfcc35327374cd4b1b7ad2,30,LOW
2026-09-12 11:29:34,bhagy,FILE MODIFIED,.\audit_log.txt,,NO,7aaf331657d8789b24fcf05edb1e0aafab3af79b55daa7be6f3900596866b818,30,LOW
2026-09-12 11:29:34,bhagy,FILE MODIFIED,.\audit_log.txt,,NO,213f4e6d7b42fcfbd5c34d68b4f13727076c3ec82ee27315cf3b3ce37839a01b,30,LOW
2026-09-12 11:29:34,bhagy,FILE MODIFIED,.\audit_log.txt,,NO,90d762a45ec727520f389126b0a73094abc4b836f0bbda68cc69a67189ed3769,30,LOW
2026-09-12 11:29:35,bhagy,FILE MODIFIED,.\audit_log.txt,,NO,04534fefc1f62a8ccbb2617ce4c5ba891977ba3e5b299f1a19f44658b36f0c05,30,LOW
2026-09-12 11:29:35,bhagy,FILE MODIFIED,.\audit_log.txt,,NO,71c6a81994f3dc1af93301290bb832c420cbf3abe52c97038b10d91247a049ca,30,LOW
2026-09-12 11:29:35,bhagy,FILE MODIFIED,.\audit_log.txt,,NO,ecd2a5d699c19203d427e308baa1f26a5ccf605012d12518935b8e76205e9582,30,LOW
2026-09-12 11:29:35,bhagy,FILE MODIFIED,.\audit_log.txt,,NO,d980ea692d26fceff510d7c1a1faba9f54170fdbc6a6cfe3574864f47c757ac4,30,LOW
2026-09-12 11:29:35,bhagy,FILE MODIFIED,.\audit_log.txt,,NO,e10422c40a71725cd26423fc8c2a0d92f05aa42ffd1faf72fbb92805b4effc80,30,LOW
2026-09-12 11:29:35,bhagy,FILE MODIFIED,.\audit_log.txt,,NO,294c12ed55de0a86caf2d61008e0608cdbce34a877e5c8bb642c34f7cf51c918,30,LOW
2026-09-12 11:29:35,bhagy,FILE MODIFIED,.\audit_log.txt,,NO,76467f2e67fc26045707fd234eeefc3dcd68c5cbc9bdde169b474bec4d06fd2d,30,LOW
2026-09-12 11:29:35,bhagy,FILE MODIFIED,.\audit_log.txt,,NO,6a58b71de7d6526dc74dc4f2992e87d57cff81f923972c54016a74a9c78874d7,30,LOW
2026-09-12 11:29:35,bhagy,FILE MODIFIED,.\audit_log.txt,,NO,4434fa46ef0e5ebb6b9765e81e63973a85fa41eae8084c4f74c5f199dc102414,30,LOW
2026-09-12 11:29:35,bhagy,FILE MODIFIED,.\audit_log.txt,,NO,2b66250ecbf1168a4ac28b2e372ee9c2a3862ca5c71a3228ff6560e8cd43b1f3,30,LOW
2026-09-12 11:29:35,bhagy,FILE MODIFIED,.\audit_log.txt,,NO,4c5476ff47eac0d1bee4e8dcfbfcab23dd19d358e39da3fe2aefe69bb34d9fc4,30,LOW
2026-09-12 11:29:35,bhagy,FILE MODIFIED,.\audit_log.txt,,NO,1ea6d65dc1b8b3ed9987d530c121369dc9649e0d7d381a9c9eee7658f482e95d,30,LOW
2026-09-12 11:29:36,bhagy,FILE MODIFIED,.\audit_log.txt,,NO,e4739ab0a24632a45f18325ae84a0e5ed62438f77820fa991e2cbd7921c9afe8,30,LOW
2026-09-12 11:29:36,bhagy,FILE MODIFIED,.\audit_log.txt,,NO,8f8afa1bf3dd039c0f727c39365d524386f69bfa9037262be279fff966057df7,30,LOW
2026-09-12 11:29:36,bhagy,FILE MODIFIED,.\audit_log.txt,,NO,59f7a9d46fa1670ad9e77d84dd21730cd56452dd0239151d0e5533f079ce51ec,30,LOW
2026-09-12 11:29:36,bhagy,FILE MODIFIED,.\audit_log.txt,,NO,c7406e64e9771ac66a739e18a4f637f063f7d69e763ffa1ac4d0c94ac918a292,30,LOW
2026-09-12 11:29:36,bhagy,FILE MODIFIED,.\audit_log.txt,,NO,a64e619f4d78820c193bc483ed52a3708e4b56d19e60a2101d60ba351f7f7f39,30,LOW
2026-09-12 11:29:36,bhagy,FILE MODIFIED,.\audit_log.txt,,NO,6338c98c4c30c83abf5dc70c001701cd5b2f4220dd51a1c9b238cc1dc99d4e96,30,LOW
2026-09-12 11:29:36,bhagy,FILE MODIFIED,.\audit_log.txt,,NO,f7245f7ca8d2dc7b56403ddc0321f4d6a81b039054d7a29712cabcfdcf707ff3,30,LOW
2026-09-12 11:29:36,bhagy,FILE MODIFIED,.\audit_log.txt,,NO,3e7419d3caa41b8a5404077509a2a1f26064d47c70a789afd7cd3c02511bb4ad,30,LOW
2026-09-12 11:29:36,bhagy,FILE MODIFIED,.\audit_log.txt,,NO,1edc0ea7bf405c8f1aa980b8eba558b293d27cb7be2052179d0483967758d21a,30,LOW
2026-09-12 11:29:36,bhagy,FILE MODIFIED,.\audit_log.txt,,NO,1910a644b19a6522f21a700de05b4724febb8e459e5f320fa4ba4fbdf1c874ff,30,LOW
2026-09-12 11:29:37,bhagy,FILE MODIFIED,.\audit_log.txt,,NO,de829b2b7d5ad0532456f753d8d3de172a1947e7ac4fa9e6507637bcb3e2d09b,30,LOW
2026-09-12 11:29:37,bhagy,FILE MODIFIED,.\audit_log.txt,,NO,528c3e30c2848665d0fd7f701c0e6f22e41e0ecf87b73124a924317fdb682d34,30,LOW
2026-09-12 11:29:37,bhagy,FILE MODIFIED,.\audit_log.txt,,NO,cf81a07247d50e6cbfdf2b0b2d2f943f2b911a33ea7ec8a08670530249aea5f4,30,LOW
2026-09-12 11:29:37,bhagy,FILE MODIFIED,.\audit_log.txt,,NO,f968d1520c7f22355146420a7c15037d070921e5a4526bdabe90672f1b759895,30,LOW
2026-09-12 11:29:37,bhagy,FILE MODIFIED,.\audit_log.txt,,NO,8d5d4dea792cd7a1064be05a0ae8610972dac651d30d69359510d617660b3771,30,LOW
2026-09-12 11:29:37,bhagy,FILE MODIFIED,.\audit_log.txt,,NO,3870eed9ca5954ce623fe56b58ecbc2fe2cac11821862405c67bd1fb5a251f4b,30,LOW
2026-09-12 11:29:37,bhagy,FILE MODIFIED,.\audit_log.txt,,NO,3b14d241eb69cf33781cc8f483139704c261910a6ed177d3006152c22afcc1d7,30,LOW
2026-09-12 11:29:37,bhagy,FILE MODIFIED,.\audit_log.txt,,NO,dbb4f4f79317c1bdf684dcca8fca6a89ceb6a6d71e42f54329ea9efc9a2dcc6c,30,LOW
2026-09-12 11:29:37,bhagy,FILE MODIFIED,.\audit_log.txt,,NO,6751d4ad06754db9bdea97381fa57135a6ee7525d416dbc488e5cf78d8e10850,30,LOW
2026-09-12 11:29:37,bhagy,FILE MODIFIED,.\audit_log.txt,,NO,0ff0bc435e52c2eb616635785144b76ad7a025face2b1d32aaf1144daafa7b3e,30,LOW
2026-09-12 11:29:38,bhagy,FILE MODIFIED,.\audit_log.txt,,NO,74d1e7d8773d0073c3289a81bb9e49e6268a0efeec232ee92f99dad44808b5f7,30,LOW
2026-09-12 11:29:38,bhagy,FILE MODIFIED,.\audit_log.txt,,NO,9a7862787a6e7b12a4d4240b5a195a9ea209aeaed647706aa519f540813b8f29,30,LOW
2026-09-12 11:29:38,bhagy,FILE MODIFIED,.\audit_log.txt,,NO,fa6db8a2f856978e761f69c621a25b4d070ca4f3ba2a3e31fba5080623c5a431,30,LOW
2026-09-12 11:29:38,bhagy,FILE MODIFIED,.\audit_log.txt,,NO,8794778e76b7ccb545b2df832d497edb5edfc06bae3c2134c57f67e7dbc0e14f,30,LOW
2026-09-12 11:29:38,bhagy,FILE MODIFIED,.\audit_log.txt,,NO,5b9e4c0f2b54337fe72e3180574abee986fd25fc232dddabc153c08076dc7f9d,30,LOW
2026-09-12 11:29:38,bhagy,FILE MODIFIED,.\audit_log.txt,,NO,4862cf669a63cbdabb9512c9dcf9244463e04e63a01360cdc62ee38f88af4d50,30,LOW
2026-09-12 11:29:38,bhagy,FILE MODIFIED,.\audit_log.txt,,NO,c9f0ae37f94d515a246f031e47facc19a1b2d90aaafac9acb3c95890544a2b2b,30,LOW
2026-09-12 11:29:38,bhagy,FILE MODIFIED,.\audit_log.txt,,NO,70eaeaf16a93ee5097dbffd4924b8933c5a5f5edaf8bd9b22ff53b4a3eeca37d,30,LOW
2026-09-12 11:29:38,bhagy,FILE MODIFIED,.\audit_log.txt,,NO,5bf2fcffba30e6ced484d9d8dd09a5aae0e0aa68fddb76c651aaa00ab0452b72,30,LOW
2026-09-12 11:29:38,bhagy,FILE MODIFIED,.\audit_log.txt,,NO,31cf81816c8ab686cbeb05ce945c8fdce87279dc280f9154f7f6e09bd662e40b,30,LOW
2026-09-12 11:29:38,bhagy,FILE MODIFIED,.\audit_log.txt,,NO,407af42e134b1b608cfc1245f388429e8c4bf167b5c7c20c5a3504a92c922f60,30,LOW
2026-09-12 11:29:39,bhagy,FILE MODIFIED,.\audit_log.txt,,NO,37a7a3578ad91eb018aeda11b90dd7dddf8f742957a319c55635b7809cece616,30,LOW
2026-09-12 11:29:39,bhagy,FILE MODIFIED,.\audit_log.txt,,NO,f8d523b851fbebf5614d4b9dd99d0e6d59580f7e80bc508b7421762114b05a8d,30,LOW
2026-09-12 11:29:39,bhagy,FILE MODIFIED,.\audit_log.txt,,NO,5b92edf7db124174beab2a3da5a079b516e35423f2487c69f450e7423a5103a0,30,LOW
2026-09-12 11:29:39,bhagy,FILE MODIFIED,.\audit_log.txt,,NO,65de92c927b843ce02ff6402e1138935e0dd3105100855af1307c5b21cc3b9b2,30,LOW
2026-09-12 11:29:39,bhagy,FILE MODIFIED,.\audit_log.txt,,NO,9e9bfbfd12e4e6493f65038a3966733c2953cfe268fe75c8693b3b3ea8cd6633,30,LOW
2026-09-12 11:29:39,bhagy,FILE MODIFIED,.\audit_log.txt,,NO,2e4d2f3b795009e246ba6c5bff7218bad217a424dedd26bba043a5cb033aa418,30,LOW
2026-09-12 11:29:39,bhagy,FILE MODIFIED,.\audit_log.txt,,NO,ac1da1a575e4775e28b71aae28687ec672b6e13d4f840929b4c6667f37b841e2,30,LOW
2026-09-12 11:29:39,bhagy,FILE MODIFIED,.\audit_log.txt,,NO,83f31c335e9511f193ab5082a4f04487c10c487aa56a684eddaa419a443b02fd,30,LOW
2026-09-12 11:29:39,bhagy,FILE MODIFIED,.\audit_log.txt,,NO,c93ffee967f4699997cbb90af9750e21364b4e291b0aad7cfb364b60e2a2bb3a,30,LOW
2026-09-12 11:29:39,bhagy,FILE MODIFIED,.\audit_log.txt,,NO,7340e12a506a3472667305e6b0729a05bdf18aead337510fa032b2113c35bba9,30,LOW
2026-09-12 11:29:39,bhagy,FILE MODIFIED,.\audit_log.txt,,NO,51da7d2846c4f2bde222477db33623e3085336b3b962ffff1303bd24f66ef490,30,LOW
2026-09-12 11:29:39,bhagy,FILE MODIFIED,.\audit_log.txt,,NO,51728b1daf97cc5b279bfe8b465bee7a29a3d059458fa557237677ad0d552bd7,30,LOW
2026-09-12 11:29:40,bhagy,FILE MODIFIED,.\audit_log.txt,,NO,7255b11d6282cd45b6e867bf49d28ca75f987e253356afa27c18c60d0562cb66,30,LOW
2026-09-12 11:29:40,bhagy,FILE MODIFIED,.\audit_log.txt,,NO,96fb7a15bd4339763cab47788c20a95976a38ed1415742d39ebf088031579d9d,30,LOW
2026-09-12 11:29:40,bhagy,FILE MODIFIED,.\audit_log.txt,,NO,8d01c0afdade1f504c92908bce3c35d85d167c7cdec891cbe0d2dfa60edcb643,30,LOW
2026-09-12 11:29:40,bhagy,FILE MODIFIED,.\audit_log.txt,,NO,b350042e98c3e2d82d5be0079d994a1b605a691ae83222b3a5272fa2f629e45e,30,LOW
2026-09-12 11:29:40,bhagy,FILE MODIFIED,.\audit_log.txt,,NO,fe8137f8b85f44f1ac8201a620051105a52f2f8de99957d6399f7b6adf837c3c,30,LOW
2026-09-12 11:29:40,bhagy,FILE MODIFIED,.\audit_log.txt,,NO,c7c85b8a13ee54b2f31e16d0aaa4b5873453b780a6f5cd3c027492bd06a5d297,30,LOW
2026-09-12 11:29:40,bhagy,FILE MODIFIED,.\audit_log.txt,,NO,43364d47f21bfc9198ba0cef6613cb96387bfad098b837f1d491e5404ebcfdbb,30,LOW
2026-09-12 11:29:40,bhagy,FILE MODIFIED,.\audit_log.txt,,NO,0fa21e25b3847e8780bac5890ececdb59ce01a2517d42714a5d1baa887e1f1f6,30,LOW
2026-09-12 11:29:40,bhagy,FILE MODIFIED,.\audit_log.txt,,NO,443ed7ec969bf84ef996c46dfd26306876facc495d9f0f817ca8ce9f07fc7cf5,30,LOW
2026-09-12 11:29:40,bhagy,FILE MODIFIED,.\audit_log.txt,,NO,3dce92af2051b6b60d57e9a695c2094544ff208730b373d6161d3651bd6c5c0b,30,LOW
2026-09-12 11:29:40,bhagy,FILE MODIFIED,.\audit_log.txt,,NO,ca32b355b50cb92b61ae72c1489a2ae7b614864b6f058c53e1772f8665d93019,30,LOW
2026-09-12 11:29:41,bhagy,FILE MODIFIED,.\audit_log.txt,,NO,4d9febe3ba87e50ec9b6ecd2e820e411d3804d91015484c202b12af7b1fa9f37,30,LOW
2026-09-12 11:29:41,bhagy,FILE MODIFIED,.\audit_log.txt,,NO,1955dba1af7c3808e5db984218944a858c0216b60e5c8803b98bf2ac5bfa2fd9,30,LOW
2026-09-12 11:29:41,bhagy,FILE MODIFIED,.\audit_log.txt,,NO,b171b1c6f6a7de6cbb2af021075f24a1ec770b6758935dbf99a4e7cd1cbb5806,30,LOW
2026-09-12 11:29:41,bhagy,FILE MODIFIED,.\audit_log.txt,,NO,2685870ab5b1e8167b42985b896b0524cb8363aa9f4e75fda4fa07e389a6b707,30,LOW
2026-09-12 11:29:41,bhagy,FILE MODIFIED,.\audit_log.txt,,NO,181a8092b1926c81008d37d102e2417346db190ff037bb1e8a2cf634b51c4086,30,LOW
2026-09-12 11:29:41,bhagy,FILE MODIFIED,.\audit_log.txt,,NO,5be166924b77459174ce39111dd7a3fbcf24e517f0f7ae3c407cfa41472dfe67,30,LOW
2026-09-12 11:29:41,bhagy,FILE MODIFIED,.\audit_log.txt,,NO,c3469f504650c694fe8e5bfbae9ffd2378a9841416b8e6f3c1c950dc1fccd73c,30,LOW
2026-09-12 11:29:41,bhagy,FILE MODIFIED,.\audit_log.txt,,NO,f96e1c7dd641013d21b059cb0da717389703e2b165a6e3529c81154403382984,30,LOW
2026-09-12 11:29:41,bhagy,FILE MODIFIED,.\audit_log.txt,,NO,05d2d7244ee06bee808241c3f60e463ee1f2e71db8d31531549625acc5fcc426,30,LOW
2026-09-12 11:29:41,bhagy,FILE MODIFIED,.\audit_log.txt,,NO,59de1d36997171887ad3362e272f8320f1f3dc57696383d0d530e88c6a3ede52,30,LOW
2026-09-12 11:29:41,bhagy,FILE MODIFIED,.\audit_log.txt,,NO,938edaa5710ef413998ff79e3eb7ec25344b03a7837a7d6758c219462b0a5b4a,30,LOW
2026-09-12 11:29:41,bhagy,FILE MODIFIED,.\audit_log.txt,,NO,89a5e40bf7ad6c55ce9dd5f5c86b4eb51662bcdad83b5cb9d2b8890546f198f0,30,LOW
2026-09-12 11:29:42,bhagy,FILE MODIFIED,.\audit_log.txt,,NO,fe8d804d5f5f5112fe8a531c27f0f0eb5734ac19b7bec79cb4568f78560c11f5,30,LOW
2026-09-12 11:29:42,bhagy,FILE MODIFIED,.\audit_log.txt,,NO,e13ffcabd8eedec483c083a21f2ec385521fd87e1b8e6624ea5a2da5352798e6,30,LOW
2026-09-12 11:29:42,bhagy,FILE MODIFIED,.\audit_log.txt,,NO,85ca9087cdd491b97f8869408b1111009dab818d4845d3a9374d1f145a68b130,30,LOW
2026-09-12 11:29:42,bhagy,FILE MODIFIED,.\audit_log.txt,,NO,1005621403c8dcac6b8310860e8c0a5a54265be783b27829beeaf19617003ecb,30,LOW
2026-09-12 11:29:42,bhagy,FILE MODIFIED,.\audit_log.txt,,NO,8ec505369f04cbaf4dba273c5a44323da3d7a481970c0762cf76a4395a866905,30,LOW
2026-09-12 11:29:42,bhagy,FILE MODIFIED,.\audit_log.txt,,NO,465684b959c849a5a90ff32247669a9d62008dcbe19fa1a0711eb182ccdf31c0,30,LOW
2026-09-12 11:29:42,bhagy,FILE MODIFIED,.\audit_log.txt,,NO,451c54debbb885922c560d73fb771c02de7854b687503dd30df9bb73cddd53c9,30,LOW
2026-09-12 11:29:42,bhagy,FILE MODIFIED,.\audit_log.txt,,NO,cda84aff8c17fe72d2837612e7e311829b32e3a8a56d4d4b49bfc0507c19fd61,30,LOW
2026-09-12 11:29:42,bhagy,FILE MODIFIED,.\audit_log.txt,,NO,91446652a4403e24d7d7422225a4c637616d8dacc93700d5b9e77c48d0c4eae1,30,LOW
2026-09-12 11:29:42,bhagy,FILE MODIFIED,.\audit_log.txt,,NO,307b1cdcc085ed477830319f2cb5a262c3df3f35d73381dc8f4e34ea28b5bed7,30,LOW
2026-09-12 11:29:43,bhagy,FILE MODIFIED,.\audit_log.txt,,NO,78f7e2c0450ca2611ceeafdfc8fefe555ea58b12166c2f7ffc14b3a1f3c8b0a8,30,LOW
2026-09-12 11:29:43,bhagy,FILE MODIFIED,.\audit_log.txt,,NO,0c92d6de177ba50e1f11932aedca8a92cb5e1e1c6a99a48c8750db1c451e54a5,30,LOW
2026-09-12 11:29:43,bhagy,FILE MODIFIED,.\audit_log.txt,,NO,10d30740f7eab8ca9aeb812ec591b42473ca4a4bc640d16753fa5a0d056d7215,30,LOW
2026-09-12 11:29:43,bhagy,FILE MODIFIED,.\audit_log.txt,,NO,6d0d724136a34da6d1382a62c3c3e8709b634cdc0e7ceb1a21c30e579836ca9a,30,LOW
2026-09-12 11:29:43,bhagy,FILE MODIFIED,.\audit_log.txt,,NO,424299433f65aecee020157669244255706ff9898171d318a994365f172aad96,30,LOW
2026-09-12 11:29:43,bhagy,FILE MODIFIED,.\audit_log.txt,,NO,16f537fea099c70fd8356bc78ce716caf9b271a7343ae55203a1a285634b964c,30,LOW
2026-09-12 11:29:43,bhagy,FILE MODIFIED,.\audit_log.txt,,NO,96bf289de7f9d56c69877f6d111a1b2ff1eb34ad6aaaf2ae6ca1b3c8539341bd,30,LOW
2026-09-12 11:29:43,bhagy,FILE MODIFIED,.\audit_log.txt,,NO,c978a80a4a88bd013d7810409c008cc7a7858e5f64e10202393f8a18d023cb23,30,LOW
2026-09-12 11:29:43,bhagy,FILE MODIFIED,.\audit_log.txt,,NO,6d4af2d00c8d43b51cbfe3672108fffecf01491880607fa82489d1c23985c043,30,LOW
2026-09-12 11:29:43,bhagy,FILE MODIFIED,.\audit_log.txt,,NO,d528dc8d814ee0eaf55a35a600aea317ae7ac2f056eee6be86a957b3d9628c21,30,LOW
2026-09-12 11:29:43,bhagy,FILE MODIFIED,.\audit_log.txt,,NO,2814a228966f91ede8b356e1be97dc5665961749fe11c94fd224980129f710bc,30,LOW
2026-09-12 11:29:44,bhagy,FILE MODIFIED,.\audit_log.txt,,NO,95cf0409914a4aab7dc6dbda1decbb0c18b550fac06c211be3c33da722faf340,30,LOW
2026-09-12 11:29:44,bhagy,FILE MODIFIED,.\audit_log.txt,,NO,b8f16fd425a2021764de9773bda93fbd48a14eec9b4cd7c3e5b82e7631d4b731,30,LOW
2026-09-12 11:29:44,bhagy,FILE MODIFIED,.\audit_log.txt,,NO,2a19fc14de038302e916fc4abe97a6e772aba3787343175c99dbce54dcd0a16a,30,LOW
2026-09-12 11:29:44,bhagy,FILE MODIFIED,.\audit_log.txt,,NO,d4fea16daa7d5d01c549ce6c9e7b7534b782da86f8ad65ccdb042e2a69de0886,30,LOW
2026-09-12 11:29:44,bhagy,FILE MODIFIED,.\audit_log.txt,,NO,3a8e1f5492d95b67c29701bac7f3b45c608f43d5782e52d4d17538ac02974b4f,30,LOW
2026-09-12 11:29:44,bhagy,FILE MODIFIED,.\audit_log.txt,,NO,5e9f4c38b69ec17627dc96c2bb7a0131ee7ff1c2f0db9234682aff04bd4501b1,30,LOW
2026-09-12 11:29:44,bhagy,FILE MODIFIED,.\audit_log.txt,,NO,b9d355fc1306823470659b601f14473cfb46271798dbc189120a88c6cb01fbc2,30,LOW
2026-09-12 11:29:44,bhagy,FILE MODIFIED,.\audit_log.txt,,NO,09b6603fc2c88259ff72570ef4b3469142207e326e6e39e40226f8e1c746d273,30,LOW
2026-09-12 11:29:44,bhagy,FILE MODIFIED,.\audit_log.txt,,NO,9fd9d2a0991d24fc05e050efbcda28a6beed3c2bafa71c7dce7b837a34b582b8,30,LOW
2026-09-12 11:29:44,bhagy,FILE MODIFIED,.\audit_log.txt,,NO,d25b4641d4c878da96ac2c82cd176dabea8e677dc74e3b604f0afda1b094b247,30,LOW
2026-09-12 11:29:44,bhagy,FILE MODIFIED,.\audit_log.txt,,NO,b808af4eccab6d9d60640dff53ef6c1572aca71a6c3327a94578539b17810f83,30,LOW
2026-09-12 11:29:45,bhagy,FILE MODIFIED,.\audit_log.txt,,NO,47a0ee5c8612594a61d4d0f368ad9e135f707459e4fe6d0905c4b8eeace925e9,30,LOW
2026-09-12 11:29:45,bhagy,FILE MODIFIED,.\audit_log.txt,,NO,18475a73289a86792a9614a87b47c8a70465b54d8fe0a158dda8e95c5af91d73,30,LOW
2026-09-12 11:29:45,bhagy,FILE MODIFIED,.\audit_log.txt,,NO,c9ca42197e72791a0b246983bdf349fedd08c7d34cc68c6cdc8309831ecf5f89,30,LOW
2026-09-12 11:29:45,bhagy,FILE MODIFIED,.\audit_log.txt,,NO,67d99de8c2f95fd347a727b87abceb8ce976277d408e46feb221088ee4306c77,30,LOW
2026-09-12 11:29:45,bhagy,FILE MODIFIED,.\audit_log.txt,,NO,0471436513011a361708555f58093254866f47a253a346cc9bbe140760f46091,30,LOW
2026-09-12 11:29:45,bhagy,FILE MODIFIED,.\audit_log.txt,,NO,c6117270c9f18878fd36b6d4eb8966c584447943e944e743f49d56e753b5d19b,30,LOW
2026-09-12 11:29:45,bhagy,FILE MODIFIED,.\audit_log.txt,,NO,965aef25e234eb3a7f9191617ac79b5a60fba306a4fea11b24814bb31e955d39,30,LOW
2026-09-12 11:29:45,bhagy,FILE MODIFIED,.\audit_log.txt,,NO,5715255864ad26f8d7984b4fad267ac2304c417d3db652679a248ccefdde74a4,30,LOW
2026-09-12 11:29:45,bhagy,FILE MODIFIED,.\audit_log.txt,,NO,9870f78867876a5393eb994e1de473eab4a9f93f8826f954f25e6e38c59d8b58,30,LOW
2026-09-12 11:29:45,bhagy,FILE MODIFIED,.\audit_log.txt,,NO,50644efc79a9687e5824c3f125b85ac2169e13427bcb40366ce3c6eec6d74a53,30,LOW
2026-09-12 11:29:45,bhagy,FILE MODIFIED,.\audit_log.txt,,NO,2bf8ffc511f9fb7d6c156bbff1fd127562da8cc9319591bbba05ad63d105736c,30,LOW
2026-09-12 11:29:46,bhagy,FILE MODIFIED,.\audit_log.txt,,NO,4d37d32d909d54bb14977f20b8602b1df0272014be2b1fcd8f7fb46267769686,30,LOW
2026-09-12 11:29:46,bhagy,FILE MODIFIED,.\audit_log.txt,,NO,13dc214340850b29474fb37861c000b1a6c9cc783767dcd49a95b7f87ffed21a,30,LOW
2026-09-12 11:29:46,bhagy,FILE MODIFIED,.\audit_log.txt,,NO,bbe647de950ea2edc8836773c5850b532b50405f418048aca24a12bb21bcb9e3,30,LOW
2026-09-12 11:29:46,bhagy,FILE MODIFIED,.\audit_log.txt,,NO,bbccc7da60ccf324a4fed2bfde3d8d561671fe176877f291e5ea2cf366981173,30,LOW
2026-09-12 11:29:46,bhagy,FILE MODIFIED,.\audit_log.txt,,NO,f8a0f89fc41553af29c59fd86b5b632a607693cf14ff9a5e3a30345adbfe1072,30,LOW
2026-09-12 11:29:46,bhagy,FILE MODIFIED,.\audit_log.txt,,NO,9b1ed9e30355ac0a425aba9d2a1cfd90775ff5406404406816b8a7ef1057f214,30,LOW
2026-09-12 11:29:46,bhagy,FILE MODIFIED,.\audit_log.txt,,NO,b75f82ff198c779691f4f6fc5c83e82dd4e6cfe0e4181b3f924ec32f273a6412,30,LOW
2026-09-12 11:29:46,bhagy,FILE MODIFIED,.\audit_log.txt,,NO,2ad0be13f4d9748d11cf5216694dc49d643f3324b8ea326613edc78455b7ee6c,30,LOW
2026-09-12 11:29:46,bhagy,FILE MODIFIED,.\audit_log.txt,,NO,41f3169244c37d52e5dd4a41b81ba78289c86971bf06239a6edda442ebf888c0,30,LOW
2026-09-12 11:29:46,bhagy,FILE MODIFIED,.\audit_log.txt,,NO,20a089d9eb3c6788e62d88d007b31db241eef48601ebcf41d9398c44849b0394,30,LOW
2026-09-12 11:29:47,bhagy,FILE MODIFIED,.\audit_log.txt,,NO,3d9d25ea590338a7ecad8c888faeb975e67de8cf871de2ce17702974bf0526d6,30,LOW
2026-09-12 11:29:47,bhagy,FILE MODIFIED,.\audit_log.txt,,NO,75307f73b002b4194a26334712b22768042c48cfc7ad6ab7e2b6c6c6b95b3773,30,LOW
2026-09-12 11:29:47,bhagy,FILE MODIFIED,.\audit_log.txt,,NO,930da77b1984dfca6e581e8002f21f216e3690c3dd4c964fd5c82e3e94a5f143,30,LOW
2026-09-12 11:29:47,bhagy,FILE MODIFIED,.\audit_log.txt,,NO,64563326bb88c054bc8a8e88131ce0fdccacfdb1dc9c404d731a0da515904231,30,LOW
2026-09-12 11:29:47,bhagy,FILE MODIFIED,.\audit_log.txt,,NO,b5a982257e0a070018ab8b2ba01a0f870f61666fc513eeae9faa4942d658dbfa,30,LOW
2026-09-12 11:29:47,bhagy,FILE MODIFIED,.\audit_log.txt,,NO,c65c3e90ded77adb17dab86350df0a35f41734f4ab745d0b48b172cde3a12056,30,LOW
2026-09-12 11:29:47,bhagy,FILE MODIFIED,.\audit_log.txt,,NO,441070b654cf4f9809ed48514b9e079956b4fd3b6439e622ce15b7a636698e05,30,LOW
2026-09-12 11:29:47,bhagy,FILE MODIFIED,.\audit_log.txt,,NO,2f6f919d8df799efffd7d21720429bf481334dde890e8843de7d652b1d583be9,30,LOW
2026-09-12 11:29:47,bhagy,FILE MODIFIED,.\audit_log.txt,,NO,7eb828910e083a826da510a948e8c55e4e87d6ed2fdc5a09131e0749ed9a6326,30,LOW
2026-09-12 11:29:47,bhagy,FILE MODIFIED,.\audit_log.txt,,NO,7c2309844566608473394a620d9b5c0811e6d42ccec33afc3826801fe8ec80ab,30,LOW
2026-09-12 11:29:47,bhagy,FILE MODIFIED,.\audit_log.txt,,NO,49991be5af5d1bc12750c005a3abd3c782f567e2a379e3c03ffbae0782ff9ece,30,LOW
2026-09-12 11:29:48,bhagy,FILE MODIFIED,.\audit_log.txt,,NO,d2d4a56be64900b3eaa582a59cb7a9a22c7fd1af2addeec0e607048fc6afe345,30,LOW
2026-09-12 11:29:48,bhagy,FILE MODIFIED,.\audit_log.txt,,NO,daa030400e352a115dab8199aaec0fea57c1e17bedda01351d9e3882ab8118d1,30,LOW
2026-09-12 11:29:48,bhagy,FILE MODIFIED,.\audit_log.txt,,NO,08b4ff7724a4d960467e4d44c610dd90b5df82865efeb05007f337a866c9bdc3,30,LOW
2026-09-12 11:29:48,bhagy,FILE MODIFIED,.\audit_log.txt,,NO,de5dc66045ac229a80d7ee7878f22b66433562ad4ae4419962a401661917852b,30,LOW
2026-09-12 11:29:48,bhagy,FILE MODIFIED,.\audit_log.txt,,NO,f79369194bccea84b8841132c29a949c63c363066f6fd8c03ec701ba0d3cef5f,30,LOW
2026-09-12 11:29:48,bhagy,FILE MODIFIED,.\audit_log.txt,,NO,1ba11e7cd50de4cd666c0bc2be25b35058af7a05fce5f24d4fd62f079940ca31,30,LOW
2026-09-12 11:29:48,bhagy,FILE MODIFIED,.\audit_log.txt,,NO,dc725cae1035474907c699223a3247278979ab4fbdf0f5bddd873ea9406d6ec5,30,LOW
2026-09-12 11:29:48,bhagy,FILE MODIFIED,.\audit_log.txt,,NO,c35de3211e78a79b112b21b899ea61a6abf139bc585c63582cb505b6acbce80b,30,LOW
2026-09-12 11:29:48,bhagy,FILE MODIFIED,.\audit_log.txt,,NO,573d301e7c3348a9f9189efc08b4c05f50b4d9ab10dabb3218580011968ff533,30,LOW
2026-09-12 11:29:49,bhagy,FILE MODIFIED,.\audit_log.txt,,NO,eabc5296f91f93e5b7fce68258181d9507065dda340cd043072622318d4d62f1,30,LOW
2026-09-12 11:29:49,bhagy,FILE MODIFIED,.\sensitive_files\normal.txt,,YES,e3b0c44298fc1c149afbf4c8996fb92427ae41e4649b934ca495991b7852b855,40,MEDIUM
2026-09-12 11:29:49,bhagy,FILE MODIFIED,.\test_folder\test_folder\confidential.txt,,YES,1efb17d3ffe3ed26cc3cc80436a6be0e85930b3af4eb4258752ca43e8cb2c490,40,MEDIUM
2026-09-12 11:29:49,bhagy,FILE MODIFIED,.\test_folder\test_folder\file2.txt,,NO,e3b0c44298fc1c149afbf4c8996fb92427ae41e4649b934ca495991b7852b855,0,LOW
2026-09-12 11:29:49,bhagy,FILE MODIFIED,.\audit_log.txt,,NO,2fdd3b5790a4d5f400b9e4b2dcdb405860b4684e3c661024631f077a1b87c5a3,30,LOW
2026-09-12 11:29:49,bhagy,FILE MODIFIED,.\audit_log.txt,,NO,6aae72060a13e357ab7351dafb0c11bc0ba4b5671235e5cdc8b85617667527fd,30,LOW
2026-09-12 11:29:49,bhagy,FILE MODIFIED,.\audit_log.txt,,NO,767479e1c2bb249527e14778e4b5934e5515411f078367229a7f8410554866a9,30,LOW
2026-09-12 11:29:49,bhagy,FILE MODIFIED,.\audit_log.txt,,NO,b9bc6741657a78f2c48530dfb0390f32e091aa7e045a81434e9c00c70b65c24c,30,LOW
2026-09-12 11:29:49,bhagy,FILE MODIFIED,.\audit_log.txt,,NO,c3c57ea5aa03650b53f6fde4f4a64df7f3b420a8778335763c3f6cf47c8ef590,30,LOW
2026-09-12 11:29:49,bhagy,FILE MODIFIED,.\audit_log.txt,,NO,2aa3aa8872025aaaebc91d12b4d5e27f546144a95dcac24c4a3eb0ff9cba10c3,30,LOW
2026-09-12 11:29:49,bhagy,FILE MODIFIED,.\audit_log.txt,,NO,347e3d37603eba77791085d426256c0158935eafb0ccd955c26ee81c2dd6ecf7,30,LOW
2026-09-12 11:29:49,bhagy,FILE MODIFIED,.\audit_log.txt,,NO,0c1202f3927d18bb8b55e71674fbcbb22bd4aac502cb0c556c9fc7f95db2bcc1,30,LOW
2026-09-12 11:29:50,bhagy,FILE MODIFIED,.\audit_log.txt,,NO,3c75952654862c345268e57cc611ebda1a5ddadfd5373a1949de3ec3773ddbfa,30,LOW
2026-09-12 11:29:50,bhagy,FILE MODIFIED,.\audit_log.txt,,NO,9eb186939e79bef48c32e5480c2d108ece605cce3ed3cfeb2631fd24de22a1b1,30,LOW
2026-09-12 11:29:50,bhagy,FILE MODIFIED,.\audit_log.txt,,NO,0ce3123627bd6aa51f302dcd6fd15f7bc457041ae775ba98d715596d0fd27d36,30,LOW
2026-09-12 11:29:50,bhagy,FILE MODIFIED,.\audit_log.txt,,NO,4f335cea96f46f9e6e91885b384b14eb79cac8f9737c4791407c6046d62ed592,30,LOW
2026-09-12 11:29:50,bhagy,FILE MODIFIED,.\audit_log.txt,,NO,f0a0cd515691ca43c211728c90f265db5ba530b9c1c62362944f112e07c8f760,30,LOW
2026-09-12 11:29:50,bhagy,FILE MODIFIED,.\audit_log.txt,,NO,ef45ca4620fe642c2d957f1b7f6560fdbb52a85bb4f3600f054673acd4e0fc76,30,LOW
2026-09-12 11:29:50,bhagy,FILE MODIFIED,.\audit_log.txt,,NO,bb8780fe3a20b294700c3161e0b9cfb8e6948594f3eaf61fa63ec2da0d889ebc,30,LOW
2026-09-12 11:29:50,bhagy,FILE MODIFIED,.\audit_log.txt,,NO,002e4490edd3ddc1079026fb292e232c04cdefdc1905164ccae25628aa552546,30,LOW
2026-09-12 11:29:50,bhagy,FILE MODIFIED,.\audit_log.txt,,NO,801e6cce71fb5c6bfd7793cc3a390dab53e0a1e0ff26cc0cb1121781a3fa529c,30,LOW
2026-09-12 11:29:50,bhagy,FILE MODIFIED,.\audit_log.txt,,NO,68484a78180b7e582802228e52dd4121b4917420a4bea37e4351fd19e5d94bd3,30,LOW
2026-09-12 11:29:51,bhagy,FILE MODIFIED,.\audit_log.txt,,NO,70cea9175ad63fa099e70e169a30adc036363a43d12136426cc2baae980170cb,30,LOW
2026-09-12 11:29:51,bhagy,FILE MODIFIED,.\audit_log.txt,,NO,e0b290f5b34014515751e964669ac04d546ddafbb0fc41a75444fa7995e777aa,30,LOW
2026-09-12 11:29:51,bhagy,FILE MODIFIED,.\audit_log.txt,,NO,c1a5fef0aafa4c69d43df67ab84ee0dd4c968a9473a1aa1083a36804f4182b16,30,LOW
2026-09-12 11:29:51,bhagy,FILE MODIFIED,.\audit_log.txt,,NO,712b6337f1107ef2180f77f36d1bb9194570155c59bceadf42d2b0e8c9868134,30,LOW
2026-09-12 11:29:51,bhagy,FILE MODIFIED,.\audit_log.txt,,NO,777d8934a8e4e2c33294ed8969fac99935eed0909efa4d78d74df595e1f73fe9,30,LOW
2026-09-12 11:29:51,bhagy,FILE MODIFIED,.\audit_log.txt,,NO,751cc402b1c83433ebc95f4ac4dc0983b85b60875f04fa5387f423f43868b833,30,LOW
2026-09-12 11:29:51,bhagy,FILE MODIFIED,.\audit_log.txt,,NO,0a4729e65017f044667b1039828459b28608f695fe66ccef2f10120dc447e68f,30,LOW
2026-09-12 11:29:51,bhagy,FILE MODIFIED,.\audit_log.txt,,NO,262e36b40eeae9fc2cdec708516117e015fc91639a11e719b8f71c261669a280,30,LOW
2026-09-12 11:29:51,bhagy,FILE MODIFIED,.\audit_log.txt,,NO,d32309c4ec7b8c777d2efb97ceda94b936e04362b0c3dd3c7d5d77f9880dcbfe,30,LOW
2026-09-12 11:29:51,bhagy,FILE MODIFIED,.\audit_log.txt,,NO,3c0472971e539fed2b13e24141e128f5a3c555db1c74726f44b90e543431b433,30,LOW
2026-09-12 11:29:52,bhagy,FILE MODIFIED,.\audit_log.txt,,NO,36a2b1e28fb2fbdc4b56bddd494c76b41cc7d0fe8a0daf010ad9a8fe24dfe4eb,30,LOW
2026-09-12 11:29:52,bhagy,FILE MODIFIED,.\audit_log.txt,,NO,98d88d1ea0fb24fc9e70444ace70b787765db09a4465e6bbb472c5905fc7b9f7,30,LOW
2026-09-12 11:29:52,bhagy,FILE MODIFIED,.\audit_log.txt,,NO,7f3d6e51834df3ef9d99799e44f4c490c1891be3fdf2ccb260eb055c288d31cc,30,LOW
2026-09-12 11:29:52,bhagy,FILE MODIFIED,.\audit_log.txt,,NO,9431b21bd151e5da4449d0b57c4717763a9324a089626ff0c6d3dad3f3350deb,30,LOW
2026-09-12 11:29:52,bhagy,FILE MODIFIED,.\audit_log.txt,,NO,efda59530297324cdf8516c9363c9ad85dc4a3ceb6ee0a582b8edb0bd705df94,30,LOW
2026-09-12 11:29:52,bhagy,FILE MODIFIED,.\audit_log.txt,,NO,e9657454f68fbf5a1b2dd8dce913a31f5914337355d72fff7cc77d635dd58643,30,LOW
2026-09-12 11:29:52,bhagy,FILE MODIFIED,.\audit_log.txt,,NO,4391760caf64895fedb60b188dc3616cf818d3a23e907d7b16a896588c0a0162,30,LOW
2026-09-12 11:29:52,bhagy,FILE MODIFIED,.\audit_log.txt,,NO,b2b6bd4f267ec9ecf7d098932cd1184d71cd3d86653aaa3d1f74aa5bae192577,30,LOW
2026-09-12 11:29:52,bhagy,FILE MODIFIED,.\audit_log.txt,,NO,0f48fb102c5df2d996c299c4dbd0297c5b6fc03c77d2e4f79afeef1ab882ef62,30,LOW
2026-09-12 11:29:53,bhagy,FILE MODIFIED,.\audit_log.txt,,NO,1dbcb39818d368a29d1055c8d4b300e57f25b92cba158f966165f1bf058bf2ff,30,LOW
2026-09-12 11:29:53,bhagy,FILE MODIFIED,.\audit_log.txt,,NO,21c06bbfebcda54a4af7e349aab4507aa706b53b2891c08f6a665991c8390962,30,LOW
2026-09-12 11:29:53,bhagy,FILE MODIFIED,.\audit_log.txt,,NO,e7840f8c1b871aea6d4c50e7da3c9a1990a71caa4043b1546eff9e223ad320af,30,LOW
2026-09-12 11:29:53,bhagy,FILE MODIFIED,.\audit_log.txt,,NO,a4e2684e42ab180416cc74278a7887af3c7dc67129e8f8aa74dd74503379a841,30,LOW
2026-09-12 11:29:53,bhagy,FILE MODIFIED,.\audit_log.txt,,NO,fc2e565e35fa218da5a0b12e53749a4376bed454aca5da214212de5fd03bc56d,30,LOW
2026-09-12 11:29:53,bhagy,FILE MODIFIED,.\audit_log.txt,,NO,6b63e68379f0ebd3c77d59065aaabe7a8a3827c6ca29afaa8ff7fc8bd3e55689,30,LOW
2026-09-12 11:29:53,bhagy,FILE MODIFIED,.\audit_log.txt,,NO,05077574852ddee52e73e1d94bed509173f5bf887703a42ee7b3caac178d40c7,30,LOW
2026-09-12 11:29:53,bhagy,FILE MODIFIED,.\audit_log.txt,,NO,77f1476e2f8fbb899e689ee5313bec4c70a4c8d8c93bd65d8b20f87d526813d4,30,LOW
2026-09-12 11:29:53,bhagy,FILE MODIFIED,.\audit_log.txt,,NO,558dc9ee7a98b89be8fcabf185662e514107feef893812c89509dd83d7e80d68,30,LOW
2026-09-12 11:29:53,bhagy,FILE MODIFIED,.\audit_log.txt,,NO,db6b374cfc2c9ab443a2ef4bf499dda6cf4cc5b372890af03ade0c2032a48a08,30,LOW
2026-09-12 11:29:54,bhagy,FILE MODIFIED,.\audit_log.txt,,NO,827e3b6afb8f40899c521f1c03402003e97c38da1af85d21e93a1fcc1f5f5921,30,LOW
2026-09-12 11:29:54,bhagy,FILE MODIFIED,.\audit_log.txt,,NO,d25f8eb05bfa7de4453e401e0d389b97c83936c74337653a38f0645694ab8f16,30,LOW
2026-09-12 11:29:54,bhagy,FILE MODIFIED,.\audit_log.txt,,NO,902b9aa043131e554d1016954d6890c9f4745371eccaeeeb0ccfa725405ebd8c,30,LOW
2026-09-12 11:29:54,bhagy,FILE MODIFIED,.\audit_log.txt,,NO,cfd2fbb186f26a4bc35da8183d0a61c11e2f4d95994621ae08e0453637a91188,30,LOW
2026-09-12 11:29:54,bhagy,FILE MODIFIED,.\audit_log.txt,,NO,b1b233d0047e5ef68eba6544f8924f5c872df3d00f82773e2eda03500f425daf,30,LOW
2026-09-12 11:29:54,bhagy,FILE MODIFIED,.\audit_log.txt,,NO,5f180c807dfbd88b3e814a527f5aa8ada14226a773a368b9f18f865c1f6a0a17,30,LOW
2026-09-12 11:29:54,bhagy,FILE MODIFIED,.\audit_log.txt,,NO,634677948bea699dcfcc04ab4017b11a2585c18e7846700af1c79c9a20874532,30,LOW
2026-09-12 11:29:54,bhagy,FILE MODIFIED,.\audit_log.txt,,NO,39a126bec4db7d8ded7c6962dda21ee040101c6bb95519ab3fbf9af8da64dbb4,30,LOW
2026-09-12 11:29:54,bhagy,FILE MODIFIED,.\audit_log.txt,,NO,bdb7832b6597a18b6cfdb4903de2fcb54f7316adacaf2209c6dd8b959f6b0fae,30,LOW
2026-09-12 11:29:54,bhagy,FILE MODIFIED,.\audit_log.txt,,NO,b083fb0118ed6b4867a487b2af700b3c1395e7fb412f22710746316a85d0fce7,30,LOW
2026-09-12 11:29:54,bhagy,FILE MODIFIED,.\audit_log.txt,,NO,d925732e68bdc67253470b4e35dcfe0cd863f4cc1a0e27643bbe24c187df82e3,30,LOW
2026-09-12 11:29:55,bhagy,FILE MODIFIED,.\audit_log.txt,,NO,7950120b108efbe8e59819127dac77aac6ebaeac0b9b607f220465d69ea1c66b,30,LOW
2026-09-12 11:29:55,bhagy,FILE MODIFIED,.\audit_log.txt,,NO,629ef5e753c61bb7a8ed04a6e348b77b4a42e2f28cd1c7f3a19ab348a41e8ff6,30,LOW
2026-09-12 11:29:55,bhagy,FILE MODIFIED,.\audit_log.txt,,NO,858f74978e06d4d08fa2c1261e7ea024b7716a1ff9609bbfa519be2f417ffcfa,30,LOW
2026-09-12 11:29:55,bhagy,FILE MODIFIED,.\audit_log.txt,,NO,3f0e68bdb3f94dea432904fd0a471220243763ebc2fc2c8b375ab69374392d9e,30,LOW
2026-09-12 11:29:55,bhagy,FILE MODIFIED,.\audit_log.txt,,NO,16ef4c9d5f6b629967321ea0ef7bb92d0e62b249380d8f15ed64f237d2f414d1,30,LOW
2026-09-12 11:29:55,bhagy,FILE MODIFIED,.\audit_log.txt,,NO,cc1abbad7852054175d98f88c0728a2ecf4b4e3296c3f3c34485c57fce117acd,30,LOW
2026-09-12 11:29:55,bhagy,FILE MODIFIED,.\audit_log.txt,,NO,b1f77d050040788147ac27c8a2930e7d2cefe00b9c731ac3598eac900c7e7702,30,LOW
2026-09-12 11:29:55,bhagy,FILE MODIFIED,.\audit_log.txt,,NO,d675b07accf0e1ac9d659d5d098385ad907ad21937fe78423636a458f810cb07,30,LOW
2026-09-12 11:29:55,bhagy,FILE MODIFIED,.\audit_log.txt,,NO,71392ec82cea57a951a96fd1d520d8a29474445be50a14ae7a18bdd451b9fb13,30,LOW
2026-09-12 11:29:56,bhagy,FILE MODIFIED,.\audit_log.txt,,NO,e6ece8d416d34c3eeffe30210ecc2cd7766911068f94a594911b435671140690,30,LOW
2026-09-12 11:29:56,bhagy,FILE MODIFIED,.\audit_log.txt,,NO,ea38545d404edd880b9aed5f8da43d103ec5cdc996d2a52c9342a503bd3af745,30,LOW
2026-09-12 11:29:56,bhagy,FILE MODIFIED,.\audit_log.txt,,NO,f4f31ee13ca48f284a43cdb506ff059d29f0d66828dad5f47d180096f30b038f,30,LOW
2026-09-12 11:29:56,bhagy,FILE MODIFIED,.\audit_log.txt,,NO,4c4c8d08a77e1a18327b5df16f90d097abd681b81319a3842107a311b6aa4701,30,LOW
2026-09-12 11:29:56,bhagy,FILE MODIFIED,.\audit_log.txt,,NO,2bfa553499e65fa387a268df6fe47b3d3a45a234b9efdca51a56c340b44a0e92,30,LOW
2026-09-12 11:29:56,bhagy,FILE MODIFIED,.\audit_log.txt,,NO,69f23bed1d5cfc807bc18edbe0459d1f4a486f8358b7cafa83888900fe378eeb,30,LOW
2026-09-12 11:29:56,bhagy,FILE MODIFIED,.\audit_log.txt,,NO,68410b5dbe224450ba05235f8ecde45416b2ae7334a60e2a0d90ea7fb5d764ac,30,LOW
2026-09-12 11:29:56,bhagy,FILE MODIFIED,.\audit_log.txt,,NO,08f7083fe31bb7f1cb51c3e76df9f62ce4d7b94451645b5cc61e1a10fd2857ba,30,LOW
2026-09-12 11:29:57,bhagy,FILE MODIFIED,.\audit_log.txt,,NO,428eaacaaa1264bc0e730bf55b19648b2ec23fdac0a40dff472838d826a9cdc3,30,LOW
2026-09-12 11:29:57,bhagy,FILE MODIFIED,.\audit_log.txt,,NO,7895bc4cab129918820c54ff2495c01336871da6f19fe49d9cf92188493b31c3,30,LOW
2026-09-12 11:29:57,bhagy,FILE MODIFIED,.\audit_log.txt,,NO,3f492afdc463a5ab16f49728079216846a43b90976df6c7c3a8939639a89ff5a,30,LOW
2026-09-12 11:29:57,bhagy,FILE MODIFIED,.\audit_log.txt,,NO,20b18a8c4f5146b6be6876f816841caf8d599e9509d25ad9469f3dafe6d98187,30,LOW
2026-09-12 11:29:57,bhagy,FILE MODIFIED,.\audit_log.txt,,NO,3a401a8e36d0419740a2647e409ff8c2fc7806c991e6273d157a10e99c40d6c3,30,LOW
2026-09-12 11:29:57,bhagy,FILE MODIFIED,.\audit_log.txt,,NO,a044d78a4a9b40a985d1184e6e4313704835f5b940b83a3bc6de4ddece8ed8a5,30,LOW
2026-09-12 11:29:57,bhagy,FILE MODIFIED,.\audit_log.txt,,NO,c10b603e6a9990d1c607f5025927a38fff1907795fa6012f1e84a19c32d4ced4,30,LOW
2026-09-12 11:29:58,bhagy,FILE MODIFIED,.\audit_log.txt,,NO,1f849a027d626b0566aceb90955ef9cd5b8466b3d47b9c55be6dfb929076fdeb,30,LOW
2026-09-12 11:29:58,bhagy,FILE MODIFIED,.\audit_log.txt,,NO,5114774fafed966b787a5cbe68291e426d092ee0ddf287fa66aaf65efdb2589d,30,LOW
2026-09-12 11:29:58,bhagy,FILE MODIFIED,.\audit_log.txt,,NO,3a2d9a0aca363d3ec4fe935b78374f65373321a7f0d37227d8c7a979bd8a0bc4,30,LOW
2026-09-12 11:29:58,bhagy,FILE MODIFIED,.\audit_log.txt,,NO,19fe7b61ab356b958edcca6677855b6cd0b613f75750e7b181551785bb72417c,30,LOW
2026-09-12 11:29:58,bhagy,FILE MODIFIED,.\audit_log.txt,,NO,fdc865d9474ca88d8ee1a51ae791df2a8a2a85f448d65f7079946b246661e404,30,LOW
2026-09-12 11:29:58,bhagy,FILE MODIFIED,.\audit_log.txt,,NO,821562effc829006d7498b96adf72b00d09dca787d85159f4f73443563a52892,30,LOW
2026-09-12 11:29:58,bhagy,FILE MODIFIED,.\audit_log.txt,,NO,ceab40f44f379228b78506ee7285ec5d7322e99caabd68c955968955ebab0e95,30,LOW
2026-09-12 11:29:58,bhagy,FILE MODIFIED,.\audit_log.txt,,NO,998eb0557cae5a1614bf96888ba03e04418580bd09fdd49789e2b50c5cd23ec2,30,LOW
2026-09-12 11:29:59,bhagy,FILE MODIFIED,.\audit_log.txt,,NO,ec2aa57ac3e287e1d83623a101e303f1f1bc56817664e3dbed0bfbaf31c7b70e,30,LOW
2026-09-12 11:29:59,bhagy,FILE MODIFIED,.\audit_log.txt,,NO,07b55dc6baa2001c9b86e1b9a98fabcf8effe87d62c9089705e55a438940f18d,30,LOW
2026-09-12 11:29:59,bhagy,FILE MODIFIED,.\audit_log.txt,,NO,ddb96f74b83b33c2d5a73141dae8f5897d03ad5d04f8782a87dd989818fc10d9,30,LOW
2026-09-12 11:29:59,bhagy,FILE MODIFIED,.\audit_log.txt,,NO,b2a80f506ac35b6f260f8f5d2a7a2638b674ab93af4cfbfb8d5457693cfeec94,30,LOW
2026-09-12 11:30:00,bhagy,FILE MODIFIED,.\audit_log.txt,,NO,77eb79f62e9498d0a9295d2d448c866a3b5e5e311548a5cd94da33a877ab6ce4,30,LOW
2026-09-12 11:30:00,bhagy,FILE MODIFIED,.\audit_log.txt,,NO,c317805537427cda3a0e9e8798f71da140e250d514045da4d3e03b8315a88872,30,LOW
2026-09-12 11:30:00,bhagy,FILE MODIFIED,.\audit_log.txt,,NO,0b7ec44a90c99c08281364d961c294234b276ab4fd7f0b76f6c8602068340bc6,30,LOW
2026-09-12 11:30:00,bhagy,FILE MODIFIED,.\audit_log.txt,,NO,1ded2a30590b80702d22d28ebe0bc460a6715c505a76f2410b41440b066a916f,30,LOW
2026-09-12 11:30:00,bhagy,FILE MODIFIED,.\audit_log.txt,,NO,d592f83add4cc2a7cd7e19402316c147fbe4d330ab7c0b7deed8e33ab45c49a5,30,LOW
2026-09-12 11:30:01,bhagy,FILE MODIFIED,.\audit_log.txt,,NO,bf3fec858c1877ffb761dbae4603e9d23e7924ada3f893fd83fcb049c0f9b992,30,LOW
2026-09-12 11:30:01,bhagy,FILE MODIFIED,.\audit_log.txt,,NO,a5fa33a877bfae497e16ec3593e9a6054367a98a4bf616ea2aa4fabdde3133d0,30,LOW
2026-09-12 11:30:01,bhagy,FILE MODIFIED,.\audit_log.txt,,NO,6510c98d5305b6f62531f9f0552bd1bad04c0483a41972335b192b3a19f65fa9,30,LOW
2026-09-12 11:30:01,bhagy,FILE MODIFIED,.\audit_log.txt,,NO,4ae5e59d5a75d4266e47f2cf2575f3be77ce27e1ac6e6e60f10cf58d53060ce9,30,LOW
2026-09-12 11:30:01,bhagy,FILE MODIFIED,.\audit_log.txt,,NO,58d650541da265ae064d81c28c035fa88488becb122443f7c749b27fe2f0d350,30,LOW
2026-09-12 11:30:02,bhagy,FILE MODIFIED,.\audit_log.txt,,NO,4d2f1221d7ace14fba255c00ac95edb72a8e7cf1b914012993ca06a2009381df,30,LOW
2026-09-12 11:30:02,bhagy,FILE MODIFIED,.\audit_log.txt,,NO,14c58b29742ee32367168e785dbfc6113152d35c6e41a9a738121526ad5e8bce,30,LOW
2026-09-12 11:30:02,bhagy,FILE MODIFIED,.\audit_log.txt,,NO,1667c825bf878bbb21d802923b6442faada8b080e03e15cbca8b347014586f2e,30,LOW
2026-09-12 11:30:02,bhagy,FILE MODIFIED,.\audit_log.txt,,NO,aa78111e905bf6154c2402bb4a64203bb896505e86a9e756339d797f57a22fa5,30,LOW
2026-09-12 11:30:02,bhagy,FILE MODIFIED,.\audit_log.txt,,NO,bae73110910d16d0381df4ce192d36bcb82e0f51279ee2049e75a336bf631e5a,30,LOW
2026-09-12 11:30:03,bhagy,FILE MODIFIED,.\audit_log.txt,,NO,3aba807b6d5ac1877c886905b37970308c5ab8cce3f8f1160f2fe5867b423ef9,30,LOW
2026-09-12 11:30:03,bhagy,FILE MODIFIED,.\audit_log.txt,,NO,7f6fe13b001ed0884d4d60aefa9c75d3886b13e85b125999550df5f865b29e46,30,LOW
2026-09-12 11:30:03,bhagy,FILE MODIFIED,.\audit_log.txt,,NO,3b343d4f000617d3a5677e797aec636cd6e24a38ce0890c6463683d520d74e86,30,LOW
2026-09-12 11:30:03,bhagy,FILE MODIFIED,.\audit_log.txt,,NO,760d228b87988d4afe754cc9ace07fb7a968b34345c29cc609e4cf9f2ef2bb05,30,LOW
2026-09-12 11:30:04,bhagy,FILE MODIFIED,.\audit_log.txt,,NO,7ca89e336d93226efa930a9fc76c317977d28ad20366ccb1ae17ea9b34b32e8f,30,LOW
2026-09-12 11:30:04,bhagy,FILE MODIFIED,.\audit_log.txt,,NO,0437c6acc4fab41b2cf249cca704f48c921e92824530e7bd45aa6852c3698fa0,30,LOW
2026-09-12 11:30:04,bhagy,FILE MODIFIED,.\audit_log.txt,,NO,080581260f1202ca26ae03ffeb4e974df2a3a6b57f70c3ab5a14b962ee3057a9,30,LOW
2026-09-12 11:30:04,bhagy,FILE MODIFIED,.\audit_log.txt,,NO,d1386b03e807b5477e797b0e76c863fbcb8b5b18eb1c4bb768ec7e36079c9948,30,LOW
2026-09-12 11:30:04,bhagy,FILE MODIFIED,.\audit_log.txt,,NO,eaca5775bd8ba2497b60b5ef32cd8e6550c35ab10fe88b7ce49eb70f62a6fb1e,30,LOW
2026-09-12 11:30:04,bhagy,FILE MODIFIED,.\audit_log.txt,,NO,5288a89063856b4a6f273d42042ba4b72be5921bb196d0d0833267146c69f551,30,LOW
2026-09-12 11:30:05,bhagy,FILE MODIFIED,.\audit_log.txt,,NO,0163cc5e04ed416b65b14ab92930dc3ed93f51a4d7b679bdccd221649a023718,30,LOW
2026-09-12 11:30:05,bhagy,FILE MODIFIED,.\audit_log.txt,,NO,154058f852fa4e10824ceb34335628cfb027a5fa8a9966c95c45eb53ff80702a,30,LOW
2026-09-12 11:30:05,bhagy,FILE MODIFIED,.\audit_log.txt,,NO,2e58060207b7cc2c2df8515b331dc2f736204b81edf5cd0ba322860481670859,30,LOW
2026-09-12 11:30:05,bhagy,FILE MODIFIED,.\audit_log.txt,,NO,fa2cf166b7cf36b91dade925d0f6e2afc97addef552634fb7d9bfb096642b535,30,LOW
2026-09-12 11:30:05,bhagy,FILE MODIFIED,.\audit_log.txt,,NO,576ae0d9f9f25ea50dc3db00cf2f65fa6957bf7555fd7f8f0b098c6b06350c5f,30,LOW
2026-09-12 11:30:06,bhagy,FILE MODIFIED,.\audit_log.txt,,NO,487dd83cba501f32f0281ec4f036a2446edc3beb4a0421debb83362ddc768b57,30,LOW
2026-09-12 11:30:06,bhagy,FILE MODIFIED,.\audit_log.txt,,NO,3e910f09bc018ea9a375cb61fab985ce71c60bb22b04ebfaf0f638eae78772e3,30,LOW
2026-09-12 11:30:06,bhagy,FILE MODIFIED,.\audit_log.txt,,NO,7b249c838975b1041a47f692c8a5736738ef6ab32e0091df72ce8c13103d276c,30,LOW
2026-09-12 11:30:06,bhagy,FILE MODIFIED,.\audit_log.txt,,NO,103a6513a0ef60699a3dff342dfae5984fac747418df97750f8d90908a4ad6f5,30,LOW
2026-09-12 11:30:06,bhagy,FILE MODIFIED,.\audit_log.txt,,NO,55f952c5593eba57c9951fb651f55bec40336758ea84ad2e67aef78a93ca3b42,30,LOW
2026-09-12 11:30:07,bhagy,FILE MODIFIED,.\audit_log.txt,,NO,4efe1534806cbd739f88598d1b04ed3d9f60af2a3b45b256703f54f7d540ae3b,30,LOW
2026-09-12 11:30:07,bhagy,FILE MODIFIED,.\audit_log.txt,,NO,283d888693a7dde69ae436d6321e59121a9e8e2a436d7242ab96241e90e909ca,30,LOW
2026-09-12 11:30:07,bhagy,FILE MODIFIED,.\audit_log.txt,,NO,224b89f58fb3701ed4d759df54b25b06fb45624d3a4dbb5f9fb7273545ce6a44,30,LOW
2026-09-12 11:30:07,bhagy,FILE MODIFIED,.\audit_log.txt,,NO,8a8f156163d5a9c3803a726fdf3ac3649a4c50ff2b98f9684057875c37519fe2,30,LOW
2026-09-12 11:30:07,bhagy,FILE MODIFIED,.\audit_log.txt,,NO,cbed0f60e7a26b32cdd2164cf7da90189880c04093f65565223869213ec9592e,30,LOW
2026-09-12 11:30:07,bhagy,FILE MODIFIED,.\audit_log.txt,,NO,462c1ba40591d713662360b190e1e8e3867ac352d487bc8936675534c6322a72,30,LOW
2026-09-12 11:30:08,bhagy,FILE MODIFIED,.\audit_log.txt,,NO,ac4e72eff13bab6024c6ecba0623abf87dcc4cd0292b0096f900cab359dfabc8,30,LOW
2026-09-12 11:30:08,bhagy,FILE MODIFIED,.\audit_log.txt,,NO,1cb65df9307c0cf75ffb13028b7426b0cde4fdd0d4a162bcfadeab88e01f7313,30,LOW
2026-09-12 11:30:08,bhagy,FILE MODIFIED,.\audit_log.txt,,NO,02782f7eba5fbfaa74ac9c62ddd47cc07d007ac0ab43883a8db5152a6754d8eb,30,LOW
2026-09-12 11:30:08,bhagy,FILE MODIFIED,.\audit_log.txt,,NO,b3e61a32630a4ec7512dedd034592dc54b8257fe96d46db70709c43b8aebe951,30,LOW
2026-09-12 11:30:08,bhagy,FILE MODIFIED,.\audit_log.txt,,NO,1bf487ceabae07c12b3a350d7d1f680a9b106a439df9702e6c9e09d0b09a2b2b,30,LOW
2026-09-12 11:30:09,bhagy,FILE MODIFIED,.\audit_log.txt,,NO,e82f854e3066b9cf7b9fc66cef94b7b680b41b419e8c9dd9aa1c1430be1b084a,30,LOW
2026-09-12 11:30:09,bhagy,FILE MODIFIED,.\audit_log.txt,,NO,61a638a9be53dc203b046c01063a7f4b631d14f5ad9e455ab6820cc8f0426ba9,30,LOW
2026-09-12 11:30:09,bhagy,FILE MODIFIED,.\audit_log.txt,,NO,cb38625e40f53082147935eecd369933ecfcbfa1a7728b191dd92231ad994380,30,LOW
2026-09-12 11:30:09,bhagy,FILE MODIFIED,.\audit_log.txt,,NO,6354a1501e3325aa01d9137f2bc0d1ae6d0940467f4c6371d291b55fb3b675f7,30,LOW
2026-09-12 11:30:09,bhagy,FILE MODIFIED,.\audit_log.txt,,NO,ad48526d920ccff2dbabad8cf9f29cfa290a80f9842b867d1bc8202df0c57b86,30,LOW
2026-09-12 11:30:09,bhagy,FILE MODIFIED,.\audit_log.txt,,NO,ab078f8028ace1b779006462215216f6685cc01567db7c627487b3daf5a514d1,30,LOW
2026-09-12 11:30:09,bhagy,FILE MODIFIED,.\audit_log.txt,,NO,e1bb3fb87961d70e9959f9afe80ee4d26ed754eef136af226821ac785dc0cbe8,30,LOW
2026-09-12 11:30:09,bhagy,FILE MODIFIED,.\audit_log.txt,,NO,ded89e756159466cd4c3c1f0115bfc6dc6585ff1661f985578624b637292dabd,30,LOW
2026-09-12 11:30:10,bhagy,FILE MODIFIED,.\audit_log.txt,,NO,ac37ff7ecae37fc1ff79055d09740f5fc6816742acbec2aa295c0f30ab8c00a6,30,LOW
2026-09-12 11:30:10,bhagy,FILE MODIFIED,.\audit_log.txt,,NO,9abafa8fd28d7f323b438a434e60dc9a9e8b0c56fcc539a1f40e45ff6a8cc2ec,30,LOW
2026-09-12 11:30:10,bhagy,FILE MODIFIED,.\audit_log.txt,,NO,c3b9d99eb955847d3595c0861fdbdeed8901fb2decfdaf7e6989b392e6f8da06,30,LOW
2026-09-12 11:30:10,bhagy,FILE MODIFIED,.\audit_log.txt,,NO,d64c49fe841b4cdfbc0c87fd549c7a062c6efc749ab41ed404a6ffcde7b8d629,30,LOW
2026-09-12 11:30:10,bhagy,FILE MODIFIED,.\audit_log.txt,,NO,e1e69b7fed790025d035afae54aa1be2790c0c85c69c4b0eb725e4d944593efe,30,LOW
2026-09-12 11:30:10,bhagy,FILE MODIFIED,.\audit_log.txt,,NO,1af092906e29ca6a08e5505129385f12fa9f10a244452d47cfbdb6dc7148d85b,30,LOW
2026-09-12 11:30:10,bhagy,FILE MODIFIED,.\audit_log.txt,,NO,f07189870ccb4184743a4492061053fb54c74932540779045dae08b5d7c224f4,30,LOW
2026-09-12 11:30:11,bhagy,FILE MODIFIED,.\audit_log.txt,,NO,c722ad62238e7383a05d0c814598719229f7012a48641ef0f5d97bacf309c56c,30,LOW
2026-09-12 11:30:11,bhagy,FILE MODIFIED,.\audit_log.txt,,NO,ebce479b5c7444f40cbfe47cc39ac9338d8e586e3f3d840fcab5fa36939c7823,30,LOW
2026-09-12 11:30:11,bhagy,FILE MODIFIED,.\audit_log.txt,,NO,f5cf0d0a471e1180de4081e23093d65cf99a59f1d2868923966e2615bf2421ff,30,LOW
2026-09-12 11:30:11,bhagy,FILE MODIFIED,.\audit_log.txt,,NO,21a8bb64faed4130fbb421571b6620562b379dc63ad83913f08568e0f6aa55b1,30,LOW
2026-09-12 11:30:11,bhagy,FILE MODIFIED,.\audit_log.txt,,NO,e74b92cb6ca476411c2ab62b35b2f03d452ba1ef10ce46880b10b7a88c5a0c7f,30,LOW
2026-09-12 11:30:11,bhagy,FILE MODIFIED,.\audit_log.txt,,NO,31c01d991430bb830603f27f2ac1c5988cb0cc395f5b1bd6b25663b4f7c09e90,30,LOW
2026-09-12 11:30:11,bhagy,FILE MODIFIED,.\audit_log.txt,,NO,da8d8608bf47b9b884ab68d0c87c85976d6d3178eb9dc2c8fdde833664e8d647,30,LOW
2026-09-12 11:30:11,bhagy,FILE MODIFIED,.\audit_log.txt,,NO,4a71c6fdf6463d2de54c46deebeda710ff89ba7fc4dd96e380cf33fb6e3f4253,30,LOW
2026-09-12 11:30:12,bhagy,FILE MODIFIED,.\audit_log.txt,,NO,c619f52a27eeefe9e1d14df2030f3e9e3aff0f214c2e6cffa6f14edf9e0a7592,30,LOW
2026-09-12 11:30:12,bhagy,FILE MODIFIED,.\audit_log.txt,,NO,a276f9ac58300ba00d6c4d0fbbeff7c2b466ac01571beeff225a1fe34639ed55,30,LOW
2026-09-12 11:30:12,bhagy,FILE MODIFIED,.\audit_log.txt,,NO,f03d303f8c254165a6794b24b89356ccfdbb2e90a86275122f034f5cc9d18247,30,LOW
2026-09-12 11:30:12,bhagy,FILE MODIFIED,.\audit_log.txt,,NO,65eaf22df5e2bdf85f2015281db5586189b28d9f9c3312b683ae75c9c282fa05,30,LOW
2026-09-12 11:30:12,bhagy,FILE MODIFIED,.\audit_log.txt,,NO,fbc5bafd456d61ba8089042098f5f65a86c6749f5ab125d5406b8ba7d2b7b788,30,LOW
2026-09-12 11:30:12,bhagy,FILE MODIFIED,.\audit_log.txt,,NO,129bcf1a21431599d3dd1b89c6b8c6d874946e1f9432a12c5cd7a415dfc7e14e,30,LOW
2026-09-12 11:30:12,bhagy,FILE MODIFIED,.\audit_log.txt,,NO,671b6055d92b7894253858f7a86b28be6e8d58a01f4442fd443893bbc6f73a91,30,LOW
2026-09-12 11:30:12,bhagy,FILE MODIFIED,.\audit_log.txt,,NO,576a87a38219c9b9a40c227e0a115cd4dbf7f4337d310e5e85492f99204b236d,30,LOW
2026-09-12 11:30:12,bhagy,FILE MODIFIED,.\audit_log.txt,,NO,d6e4cd525edd54902dc4e0210ddbbb427e94f6a76055241138436897a3e7f086,30,LOW
2026-09-12 11:30:13,bhagy,FILE MODIFIED,.\audit_log.txt,,NO,c3a11d7fb6a8e93a8dca48ea7001c027acb2dd5377275cbe67b3114547b1e76f,30,LOW
2026-09-12 11:30:13,bhagy,FILE MODIFIED,.\audit_log.txt,,NO,d73d191b1b199e3ea6016a73861010484045fc437ba7b8364c7cf7e05aeee38a,30,LOW
2026-09-12 11:30:13,bhagy,FILE MODIFIED,.\audit_log.txt,,NO,ed365aeca696496a447979e7aac2005318f8531cf25eda33d2531dbb3bdb3f43,30,LOW
2026-09-12 11:30:13,bhagy,FILE MODIFIED,.\audit_log.txt,,NO,a5d5596bdd5c81cc8d4e54dc9f1d36084f657ccfb5ed04fbb136a257091d2f38,30,LOW
2026-09-12 11:30:13,bhagy,FILE MODIFIED,.\audit_log.txt,,NO,e46b4e319a0c56c4ea107b75d98d9cde07df00413d150db792b48349cca3cb54,30,LOW
2026-09-12 11:30:13,bhagy,FILE MODIFIED,.\audit_log.txt,,NO,5c6d75ca94fdb18871cfa49bc11b37699950d9664829a3fd980ca71d9580eda7,30,LOW
2026-09-12 11:30:13,bhagy,FILE MODIFIED,.\audit_log.txt,,NO,7e48dd22b69813a1375b23a61b9429b83c4156f786be7de559801180a47ea51c,30,LOW
2026-09-12 11:30:13,bhagy,FILE MODIFIED,.\audit_log.txt,,NO,99ab5b6c189ac83ce69f0aa475d93c7eafc3dcc827cee5972528e3887276f9ef,30,LOW
2026-09-12 11:30:13,bhagy,FILE MODIFIED,.\audit_log.txt,,NO,1b5354319b1ed196b762fa58c9a584cb8c0d58541d4d3c9159a258c45f7e3730,30,LOW
2026-09-12 11:30:13,bhagy,FILE MODIFIED,.\audit_log.txt,,NO,db6d09969869f205365c0f231ae1ac552ef69ddf122d69233fe9baaa60a10cb9,30,LOW
2026-09-12 11:30:14,bhagy,FILE MODIFIED,.\audit_log.txt,,NO,5ba28d708b2e3128f8c2711e08d01b76b8aee07bd245a33f9078d73a0bf5299e,30,LOW
2026-09-12 11:30:14,bhagy,FILE MODIFIED,.\audit_log.txt,,NO,76fbf7f657bfc496fb8c721da75b56c1037bd52fb241ee5e23238cd70a894e44,30,LOW
2026-09-12 11:30:14,bhagy,FILE MODIFIED,.\audit_log.txt,,NO,1a55125021a47b60ec1df85d01de165ac57f68f0cc2d9f1d0a568310518e9899,30,LOW
2026-09-12 11:30:14,bhagy,FILE MODIFIED,.\audit_log.txt,,NO,bb5ba4af01f722372530d92a39f336b851696da8c1437caa7191df33ea2abf2a,30,LOW
2026-09-12 11:30:14,bhagy,FILE MODIFIED,.\audit_log.txt,,NO,9071818a6208095ef9e960d61f12cede904ba8c77719bb8d89ad6d61ea3766e0,30,LOW
2026-09-12 11:30:14,bhagy,FILE MODIFIED,.\audit_log.txt,,NO,9f763ec68d6aefea9a43a1564ac6ab7711e785c65d976a302ade308e98d76c9c,30,LOW
2026-09-12 11:30:14,bhagy,FILE MODIFIED,.\audit_log.txt,,NO,f3ed53646502b55e553f38a42f257875e2502d6330b2da4535493d6920458b85,30,LOW
2026-09-12 11:30:14,bhagy,FILE MODIFIED,.\audit_log.txt,,NO,bdaf38cbae1fa4728fee1201a85bdd74efe391060829c351fe62360728696e18,30,LOW
2026-09-12 11:30:14,bhagy,FILE MODIFIED,.\audit_log.txt,,NO,9455b6aa139116b36107e3cac6c4ab1afd682e6dda3f8354d3d3077cb5115373,30,LOW
2026-09-12 11:30:15,bhagy,FILE MODIFIED,.\audit_log.txt,,NO,8259787efb646ef58b297540655dad40b430f4b26bce76816d34a5f0da5670b0,30,LOW
2026-09-12 11:30:15,bhagy,FILE MODIFIED,.\audit_log.txt,,NO,5a215532e33a07bcb143bbc6badc502b1b4460c1479434ffd7742b1d7fbff2b1,30,LOW
2026-09-12 11:30:15,bhagy,FILE MODIFIED,.\audit_log.txt,,NO,1e005dfdfd5a6c4e644ba650d30c18837ee436269fa52ef88426b6de9eec2a7f,30,LOW
2026-09-12 11:30:15,bhagy,FILE MODIFIED,.\audit_log.txt,,NO,d093aea0b6105772f10addee968a82ab91b1787c1ce6b8f774b35c4de093b5bb,30,LOW
2026-09-12 11:30:15,bhagy,FILE MODIFIED,.\audit_log.txt,,NO,490f1443ec0f8154c5577e94297936ceb64da31d39ecea552c2c173b263c4b6f,30,LOW
2026-09-12 11:30:15,bhagy,FILE MODIFIED,.\audit_log.txt,,NO,b81fdc6479ce484e5c987ee8491912317483365fd207b3ac8eea8fe83ffb4177,30,LOW
2026-09-12 11:30:15,bhagy,FILE MODIFIED,.\audit_log.txt,,NO,4ed6f4ac5c452b12e0050cc27457bd0c2457129af58c58082e14862dcaeb7792,30,LOW
2026-09-12 11:30:15,bhagy,FILE MODIFIED,.\audit_log.txt,,NO,46a048ddb9063b40205910d795d16aebf563fb795e4eeb4b232b07631dd18aa1,30,LOW
2026-09-12 11:30:16,bhagy,FILE MODIFIED,.\audit_log.txt,,NO,38507fbdd8c48a14b9ac462db721fb63ca215c997735388010368be2898f0dd6,30,LOW
2026-09-12 11:30:16,bhagy,FILE MODIFIED,.\audit_log.txt,,NO,66e11443e8639147fedb5338628482479fc0cc7e902dc32c641c4b792d9b2156,30,LOW
2026-09-12 11:30:16,bhagy,FILE MODIFIED,.\audit_log.txt,,NO,57f39186487902c7811c97394a00dc1b414fe3d307f1b7703188b6ed06bb9993,30,LOW
2026-09-12 11:30:16,bhagy,FILE MODIFIED,.\audit_log.txt,,NO,ecadaa0b5633d9f1029c58ee27b222e4384d7ad61de5cb7d1edff810bfe0ea0a,30,LOW
2026-09-12 11:30:16,bhagy,FILE MODIFIED,.\audit_log.txt,,NO,0927df248d282fc7491467589fe2283d93cca44fee40d29d3068aa0e8c36195b,30,LOW
2026-09-12 11:30:16,bhagy,FILE MODIFIED,.\audit_log.txt,,NO,9945588e8269e738ae122492a1c16ef40d2ea47f616fce82d3c1687d42141d9f,30,LOW
2026-09-12 11:30:16,bhagy,FILE MODIFIED,.\audit_log.txt,,NO,613a983f68769860ec647b0999e1f7db7125e2a5dcc65aca94ba5cb4c4269493,30,LOW
2026-09-12 11:30:16,bhagy,FILE MODIFIED,.\audit_log.txt,,NO,02bddea14e6d5d9cb0a6fe4ad9a871c842ffe398d11e22a487ed1e029fe7a77d,30,LOW
2026-09-12 11:30:17,bhagy,FILE MODIFIED,.\audit_log.txt,,NO,a40c2435da82276124c63def090d0bcd223b1da2c6d64ecb4de4e73f187d9010,30,LOW
2026-09-12 11:30:17,bhagy,FILE MODIFIED,.\audit_log.txt,,NO,034e3863a8fb7721fe4c82e9601177789119b6523d0c2b529ea6bda0902a6a87,30,LOW
2026-09-12 11:30:17,bhagy,FILE MODIFIED,.\audit_log.txt,,NO,e533999ef338c23cb9b70df620dbc2079a164df105ede92d943b23692931c5d0,30,LOW
2026-09-12 11:30:17,bhagy,FILE MODIFIED,.\audit_log.txt,,NO,fc563a8da7dba6ef5d8591c83ae9dffb481fb1443e31f3431bae360ac346218d,30,LOW
2026-09-12 11:30:17,bhagy,FILE MODIFIED,.\audit_log.txt,,NO,3fd21150b5a6fff96722a8e1fd3b397cb27ecdaa1a0b48e04b9a4262badf5873,30,LOW
2026-09-12 11:30:17,bhagy,FILE MODIFIED,.\audit_log.txt,,NO,fc5a97a5cca950e0c60d39774bf39579428b4ada4b76caf5677d98c0443df601,30,LOW
2026-09-12 11:30:18,bhagy,FILE MODIFIED,.\audit_log.txt,,NO,3bf7ff5019cea078b977eeee2336f33b289f772562c8322a5cb301ce96426bae,30,LOW
2026-09-12 11:30:18,bhagy,FILE MODIFIED,.\audit_log.txt,,NO,378db8d5aaed7eecc461698e9d12d47f185f47abb64a72f4946c6d7aeda957b0,30,LOW
2026-09-12 11:30:18,bhagy,FILE MODIFIED,.\audit_log.txt,,NO,39025cd0826a8e04db31caff7ec95fb92ff786150e07023847fcb2c837dca16f,30,LOW
2026-09-12 11:30:18,bhagy,FILE MODIFIED,.\audit_log.txt,,NO,c87caaaee389cc04dc0d2dcee2a7b8cb54e40bda2e91dd3c911d52ac69baa013,30,LOW
2026-09-12 11:30:18,bhagy,FILE MODIFIED,.\audit_log.txt,,NO,65790351cf4e3460133c8cb9ce26a0434f038e5daa3391a0cb9e569e4b405890,30,LOW
2026-09-12 11:30:19,bhagy,FILE MODIFIED,.\audit_log.txt,,NO,15b545e6036bfb78ffe4aba92b93867adf2bdf70c60d885406c3241f0c0fac1c,30,LOW
2026-09-12 11:30:19,bhagy,FILE MODIFIED,.\audit_log.txt,,NO,8469fd18a6b7255e813e03e5b10970a2bf0f57613af561e1ac1c70bc2edb1601,30,LOW
2026-09-12 11:30:19,bhagy,FILE MODIFIED,.\audit_log.txt,,NO,263a0d95b3abd8cc5f28ccb45aa8d0de683abf0f048bd9ea5600340cf7c44540,30,LOW
2026-09-12 11:30:19,bhagy,FILE MODIFIED,.\audit_log.txt,,NO,5d32480b72a1d4a589cc042610886abb334f30948a31e3cb69dc4f6e92e2e716,30,LOW
2026-09-12 11:30:19,bhagy,FILE MODIFIED,.\audit_log.txt,,NO,2249501583fdcbc83eb53e675cb8b090d5d6ee6b8c1e5eeef12f1e4762444ca8,30,LOW
2026-09-12 11:30:19,bhagy,FILE MODIFIED,.\audit_log.txt,,NO,6e52d0ab546f1b84c5aa44d7b4b5a209e1826ca9cc263e5cc2caf96a93eb19a8,30,LOW
2026-09-12 11:30:20,bhagy,FILE MODIFIED,.\audit_log.txt,,NO,086ffe32b28f9c4affec2588b8e0009b7fc967ffe925a92fe64a03f4f6d2121d,30,LOW
2026-09-12 11:30:20,bhagy,FILE MODIFIED,.\audit_log.txt,,NO,3544f9627679f89c62465631ad1dbea2f43e5bf396ec96218c0ffcc86e9e0c90,30,LOW
2026-09-12 11:30:20,bhagy,FILE MODIFIED,.\audit_log.txt,,NO,a92c7f09ab931c252e48835ee5a2bb05a8514ba92bccfec78b68fcb1e57ba999,30,LOW
2026-09-12 11:30:20,bhagy,FILE MODIFIED,.\audit_log.txt,,NO,b8db988343eae2a831924abbe12112c80b13d7a988f2605bd3b56ecc6b685af8,30,LOW
2026-09-12 11:30:21,bhagy,FILE MODIFIED,.\audit_log.txt,,NO,becd722b3865b3d172140e5b014d60b44cd41eb67eef74aec42c972cf29c3623,30,LOW
2026-09-12 11:30:21,bhagy,FILE MODIFIED,.\audit_log.txt,,NO,9cb834cca78f4ce382d2f97dbb6ce83618503d47b175aabc84f9957f687f1f4f,30,LOW
2026-09-12 11:30:21,bhagy,FILE MODIFIED,.\audit_log.txt,,NO,4849bbe06dc829e69e42fc8c9953a23fa1d8a807233f115d114da340fefc4db0,30,LOW
2026-09-12 11:30:21,bhagy,FILE MODIFIED,.\audit_log.txt,,NO,bb68c0b6bfd7285b84668f4ca7b44fe476fcb77fffedb6835c01bf8e1c1dbf90,30,LOW
2026-09-12 11:30:21,bhagy,FILE MODIFIED,.\audit_log.txt,,NO,730b8090c007b248250b98d6e5682eea8628bac134c0b78b213570fc48239c0a,30,LOW
2026-09-12 11:30:22,bhagy,FILE MODIFIED,.\audit_log.txt,,NO,942d748f2e4506593eb153bf4cd573f511d4dce84ea96cb6ae4b2696247ce1c2,30,LOW
2026-09-12 11:30:22,bhagy,FILE MODIFIED,.\audit_log.txt,,NO,4a49ade466756077d3a605639b07ebf9c8ff474fc163997e9de0bb471ea0884a,30,LOW
2026-09-12 11:30:22,bhagy,FILE MODIFIED,.\audit_log.txt,,NO,0b8d4ab1d44bb521044449a83a90099811ef75d2307a35f0ee4d2a342a0269ee,30,LOW
2026-09-12 11:30:22,bhagy,FILE MODIFIED,.\audit_log.txt,,NO,7a1a0f31361acc2f8e7e67736a43565109f734d76100cb2c63200e0852dc804b,30,LOW
2026-09-12 11:30:23,bhagy,FILE MODIFIED,.\audit_log.txt,,NO,04f982b46fa11d9b00a52bf38d56f266dc14b94125260199c98cff363e57d813,30,LOW
2026-09-12 11:30:23,bhagy,FILE MODIFIED,.\audit_log.txt,,NO,9878129c91dd8aaa3855aed76614452bb66330daf1887fa0e89a9946e1737e84,30,LOW
2026-09-12 11:30:23,bhagy,FILE MODIFIED,.\audit_log.txt,,NO,bef9f99fe9f1d150410d0bf7419336db2135d596daa34ad706241fa7ff6c8256,30,LOW
2026-09-12 11:30:23,bhagy,FILE MODIFIED,.\audit_log.txt,,NO,576d335bab4bfef7fec3d1dd4cf5743ef981d1e92f19147831624a617555f128,30,LOW
2026-09-12 11:30:23,bhagy,FILE MODIFIED,.\audit_log.txt,,NO,fd01509c30f848cc5522edd1870051c76951f31e8851165ac9197f7588e2b0c9,30,LOW
2026-09-12 11:30:24,bhagy,FILE MODIFIED,.\audit_log.txt,,NO,c7bf6c2af4ac5a921a0d8acc19e4049a54a39d79be8fe60a23f6e3cddc0b8c45,30,LOW
2026-09-12 11:30:24,bhagy,FILE MODIFIED,.\audit_log.txt,,NO,70c9e9d52300e16c8470bd8ab8e7d1fbb986a76e46c1e5e65a40fac7a27b7369,30,LOW
2026-09-12 11:30:24,bhagy,FILE MODIFIED,.\audit_log.txt,,NO,69a492bdca02eb97c59200ea4ecc0b41b425db415f542bdb03bf83601ed7fd9f,30,LOW
2026-09-12 11:30:24,bhagy,FILE MODIFIED,.\audit_log.txt,,NO,9bd9918a7616894ba55a9898a660bc0f55263c8ebe1af8a8263a3390f8358844,30,LOW
2026-09-12 11:30:24,bhagy,FILE MODIFIED,.\audit_log.txt,,NO,75cbf537c906cca41f588f5c8ebd3c03b97009f2bb9e5a30d60d18f2ebd1ec5b,30,LOW
2026-09-12 11:30:25,bhagy,FILE MODIFIED,.\audit_log.txt,,NO,81e70f881f5a0570944614750ebdfe82e309290374293957b4f6cc93605b648b,30,LOW
2026-09-12 11:30:25,bhagy,FILE MODIFIED,.\audit_log.txt,,NO,f3465ef6a5e8e4c2f8662ec643e75a858f96c803eacb81772cdd1ec33a71042d,30,LOW
2026-09-12 11:30:25,bhagy,FILE MODIFIED,.\audit_log.txt,,NO,5be30e75cd82131982beb6f2c067da8513d45e1b594b4aa39f789d92f01cdaea,30,LOW
2026-09-12 11:30:25,bhagy,FILE MODIFIED,.\audit_log.txt,,NO,0b342b1d10bb8d40ddb0ce9128242c961c366b4d9894bdafcb807d3732d50719,30,LOW
2026-09-12 11:30:25,bhagy,FILE MODIFIED,.\audit_log.txt,,NO,943d71b8b53fc69924945f599421257d5482c0c46818129b25c8b272611ab285,30,LOW
2026-09-12 11:30:26,bhagy,FILE MODIFIED,.\audit_log.txt,,NO,d4452d46d30756332c58feac13e9e44564159425451e7acb684d504cdc7551f2,30,LOW
2026-09-12 11:30:26,bhagy,FILE MODIFIED,.\audit_log.txt,,NO,c3f1a19ac194973a0442c3666c7b13b63065c13c7b1629c0cdc5db8abdd78425,30,LOW
2026-09-12 11:30:26,bhagy,FILE MODIFIED,.\audit_log.txt,,NO,c239f2928ca395ad2357d0cd49021c416a81ff6ccf6a3f49b3d2d0eb7017aa5f,30,LOW
2026-09-12 11:30:26,bhagy,FILE MODIFIED,.\audit_log.txt,,NO,db2d6bf939d685896173bcd88dee82f062454506139c79ef5e2ed51d3e479d42,30,LOW
2026-09-12 11:30:26,bhagy,FILE MODIFIED,.\audit_log.txt,,NO,fb11d5494abd97a82167bc7304a8a5d0f4fb5c511462eefbdbe473031509bf04,30,LOW
2026-09-12 11:30:26,bhagy,FILE MODIFIED,.\audit_log.txt,,NO,d5c55c1b4581bfb78f499d516285264ba75e6d8c515e37c5093c55c9f73e592d,30,LOW
2026-09-12 11:30:27,bhagy,FILE MODIFIED,.\audit_log.txt,,NO,cdd1c017728d4c5647b33c273c32ab5ed381655144feb2fc88515029d46c6570,30,LOW
2026-09-12 11:30:27,bhagy,FILE MODIFIED,.\audit_log.txt,,NO,ea747fcd871cec676ebc1cfad9daa49c1cdd9fb410508226d3f403fd30a978d1,30,LOW
2026-09-12 11:30:27,bhagy,FILE MODIFIED,.\audit_log.txt,,NO,9581350d470fb4b9c5cd05ae5b026680c366d3393b474f38750c210c217dff9c,30,LOW
2026-09-12 11:30:27,bhagy,FILE MODIFIED,.\audit_log.txt,,NO,3604e65e8e8f10d5f1fad3583b1d87bb3b0d628156987317636cda5e19c7612b,30,LOW
2026-09-12 11:30:27,bhagy,FILE MODIFIED,.\audit_log.txt,,NO,d098e4884d3a0af1c667aeaa5e1ca6e8bcce8ad4b644e4668c383bd551860963,30,LOW
2026-09-12 11:30:28,bhagy,FILE MODIFIED,.\audit_log.txt,,NO,62a373858c1963d56def0cb98f4f0aae548daf033bafdd305c1151d03340768e,30,LOW
2026-09-12 11:30:28,bhagy,FILE MODIFIED,.\audit_log.txt,,NO,5443185ec909224febb70fa27edcb6b339d136bb7be0151f4efe2bc8cf78493d,30,LOW
2026-09-12 11:30:28,bhagy,FILE MODIFIED,.\audit_log.txt,,NO,e82c10d4201b103685d04e6f40a1ae9c64f16538fb43108e5b6647d8b463afae,30,LOW
2026-09-12 11:30:28,bhagy,FILE MODIFIED,.\audit_log.txt,,NO,facda9de911d6174409413cd887b0835c918442fcb80ea8d2f82a465d0234304,30,LOW
2026-09-12 11:30:28,bhagy,FILE MODIFIED,.\audit_log.txt,,NO,5cfb32effbc294d49398128252d20447f0109a87d36ecd6e5f405c409c1d526b,30,LOW
2026-09-12 11:30:28,bhagy,FILE MODIFIED,.\audit_log.txt,,NO,44dfdefe72f9e9fe840b0e749fd5de31f034f85bf15140e763b484123475d3bc,30,LOW
2026-09-12 11:30:29,bhagy,FILE MODIFIED,.\audit_log.txt,,NO,67541d13bee725d6380996c17ab3a50ae6e73a64654ac2cf2cea7782eba82b94,30,LOW
2026-09-12 11:30:29,bhagy,FILE MODIFIED,.\audit_log.txt,,NO,e681e531ce02281d3fcdec47d3cacf2e6bed7aa76155699450966c01d68e7582,30,LOW
2026-09-12 11:30:29,bhagy,FILE MODIFIED,.\audit_log.txt,,NO,e54764dc7d0eb25fb39117850f1b37b2b52c2e4c36428e57eaa363e927bde13b,30,LOW
2026-09-12 11:30:29,bhagy,FILE MODIFIED,.\audit_log.txt,,NO,55c52dacdafc6b737e7b0c8d49006f3e02e4c6111c1ad805c476df81fd0e96c4,30,LOW
2026-09-12 11:30:29,bhagy,FILE MODIFIED,.\audit_log.txt,,NO,fa26e5b54ad0075d77a89ccab7051a95fad4800e1279feca419a097a4ead16e7,30,LOW
2026-09-12 11:30:30,bhagy,FILE MODIFIED,.\audit_log.txt,,NO,101e13d61be8334bdb97ec763abe71f9eb7a8e3b61824579827c5a7cf12f6f8e,30,LOW
2026-09-12 11:30:30,bhagy,FILE MODIFIED,.\audit_log.txt,,NO,a7fb3a8c50e4c4dfb1d887eccf9426d4e5e12d8cd65089739d8ef4af551295f0,30,LOW
2026-09-12 11:30:30,bhagy,FILE MODIFIED,.\audit_log.txt,,NO,43ff77f069822bb61547c1efb957e01f0b9e76601d9907e14434c508c5db14cb,30,LOW
2026-09-12 11:30:30,bhagy,FILE MODIFIED,.\audit_log.txt,,NO,c955a967755c2b5348572856796510fdea205c996eb0bf9bfa287f4f8a11370b,30,LOW
2026-09-12 11:30:30,bhagy,FILE MODIFIED,.\audit_log.txt,,NO,508d68339db5b755bea083d40f9b87d2912aa6ae15993246636b917a49133f56,30,LOW
2026-09-12 11:30:31,bhagy,FILE MODIFIED,.\audit_log.txt,,NO,d6ba79b1129596ec996dd84b784b5f2427256237285d0d36d0ba77c25d64ef4d,30,LOW
2026-09-12 11:30:31,bhagy,FILE MODIFIED,.\audit_log.txt,,NO,777a9577b8d1ad18f7a47a6422e897b83b1281c5bd107eb3d8cd5cd4c648a837,30,LOW
2026-09-12 11:30:31,bhagy,FILE MODIFIED,.\audit_log.txt,,NO,a470f31bea15b437727034cb9ea2126edab412b756fee03ea216307781e2421c,30,LOW
2026-09-12 11:30:31,bhagy,FILE MODIFIED,.\audit_log.txt,,NO,c7aeae23f32b26964a25749c1ec473c8942cf4cd37d6200ce4b13fe6adf1357a,30,LOW
2026-09-12 11:30:31,bhagy,FILE MODIFIED,.\audit_log.txt,,NO,3db30abeb5f07a678ceb71a8a739543cbb2e530e32a68fbbf01f626fdf5e4712,30,LOW
2026-09-12 11:30:31,bhagy,FILE MODIFIED,.\audit_log.txt,,NO,30d4dbb54f92fa4d22f40fa16d085a24f3deb8e0b92e5534fb8df94aa7990098,30,LOW
2026-09-12 11:30:32,bhagy,FILE MODIFIED,.\audit_log.txt,,NO,30ae6d6380172d63a021b785ace254d82af356d3ed9d011531b728b2c1f29701,30,LOW
2026-09-12 11:30:32,bhagy,FILE MODIFIED,.\audit_log.txt,,NO,127fac66c06a5ef2b7992cabf4cf205e18b56c97f2cddddda104d77ec53d90f1,30,LOW
2026-09-12 11:30:32,bhagy,FILE MODIFIED,.\audit_log.txt,,NO,33d4e630d120996d7892118585d53440cd9b42d40f78fe03adddc53ff6c5f070,30,LOW
2026-09-12 11:30:32,bhagy,FILE MODIFIED,.\audit_log.txt,,NO,6e05aa5e1f632bd14c3681c1be22db76749d0de5801ea7c592da70f982176af8,30,LOW
2026-09-12 11:30:32,bhagy,FILE MODIFIED,.\audit_log.txt,,NO,79ffa46c5fa3dc8e9bd82f579f62f51868f7f589c43490b93ee8f734ed42065b,30,LOW
2026-09-12 11:30:32,bhagy,FILE MODIFIED,.\audit_log.txt,,NO,c5eb8f43e742cefa2b7f8d4596cc3599fc964898063fb152a9a28d5e7ef5103f,30,LOW
2026-09-12 11:30:33,bhagy,FILE MODIFIED,.\audit_log.txt,,NO,040d40dc72a4293adae745ee66f037d601054442a2f3b0c6786423626110a249,30,LOW
2026-09-12 11:30:33,bhagy,FILE MODIFIED,.\audit_log.txt,,NO,42bf41d8375c648c6cbd74b3770c6204e2ed59bdaab2a3a1b3d0ad29db986dae,30,LOW
2026-09-12 11:30:33,bhagy,FILE MODIFIED,.\audit_log.txt,,NO,3657fd698dca3502e75cc23bb98d2d1821d72a5756014225d273602694828d97,30,LOW
2026-09-12 11:30:33,bhagy,FILE MODIFIED,.\audit_log.txt,,NO,b54f64d48ac452fb6c655d04009ca45285d06e9edb24026aa1fd91fd6555818e,30,LOW
2026-09-12 11:30:34,bhagy,FILE MODIFIED,.\audit_log.txt,,NO,0cf136023b598f25deb0dd2b1727c21069f4a260522cfe97160da1f049695848,30,LOW
2026-09-12 11:30:34,bhagy,FILE MODIFIED,.\audit_log.txt,,NO,161a1dcb9ff9831793402d8a0f3e8ffa81bedd3f9e3716c3250b2b41d7aedef3,30,LOW
2026-09-12 11:30:34,bhagy,FILE MODIFIED,.\audit_log.txt,,NO,2770ebd9f111dfea8950c60fa326c2de8647d0250182e54dd71f420ac50bc421,30,LOW
2026-09-12 11:30:34,bhagy,FILE MODIFIED,.\audit_log.txt,,NO,4b72c663d41acc56577da3be4add7dc91cc5c383962b383798309972f8ab319f,30,LOW
2026-09-12 11:30:34,bhagy,FILE MODIFIED,.\audit_log.txt,,NO,b1f62c7f35794769ae7f58d945a52a771193c939b3e088fdd53f4c4d2c3b5373,30,LOW
2026-09-12 11:30:35,bhagy,FILE MODIFIED,.\audit_log.txt,,NO,506f2e7fb6f86cd7f7cc21a224ef45cda5b2a065cffa37aaff3b3ae92fc9235f,30,LOW
2026-09-12 11:30:35,bhagy,FILE MODIFIED,.\audit_log.txt,,NO,ae2e5ab0817cdbaa7c56daf59beaea5a4600aefdbd6fa910c627fa1dd88be297,30,LOW
2026-09-12 11:30:35,bhagy,FILE MODIFIED,.\audit_log.txt,,NO,321edc1991fc54f8b95c59b9ae35ed8e27c1f94dfede6db1d51e49f8d0a3e218,30,LOW
2026-09-12 11:30:35,bhagy,FILE MODIFIED,.\audit_log.txt,,NO,a0cd98098519f281014a73456bc7e9516f386a3b4e05d267dc852576ba228a3a,30,LOW
2026-09-12 11:30:35,bhagy,FILE MODIFIED,.\audit_log.txt,,NO,3a89b0fabe2af1ea709bcfca5a4cc329f10145dffb0301a402faa2235fa6e45c,30,LOW
2026-09-12 11:30:36,bhagy,FILE MODIFIED,.\audit_log.txt,,NO,38d543f7d8669276b175557e32ea21c1246449d5ffab8e09b5022b19a5e165ff,30,LOW
2026-09-12 11:30:36,bhagy,FILE MODIFIED,.\audit_log.txt,,NO,dadfe9b2dc221fe92263f4a831ef421d8995f02ad6ab89e9efce7c0c64531893,30,LOW
2026-09-12 11:30:36,bhagy,FILE MODIFIED,.\audit_log.txt,,NO,11a9d1af8fb7b9d1c2cda971487790949c84f646775e9a50e0ce61bc449a85c9,30,LOW
2026-09-12 11:30:36,bhagy,FILE MODIFIED,.\audit_log.txt,,NO,144776b0c3299d6e11ca400a40081321fa3d567c503a9100d0bca90a986199f2,30,LOW
2026-09-12 11:30:36,bhagy,FILE MODIFIED,.\audit_log.txt,,NO,9a199cc611e3f91bc9ebf17419bfc0461b6cbc4aea57779b555ef522f6d1bb29,30,LOW
2026-09-12 11:30:36,bhagy,FILE MODIFIED,.\audit_log.txt,,NO,0a4a27166352d594ae69e887df0a07dac6ad14245f06241f83127560842e7c9a,30,LOW
2026-09-12 11:30:37,bhagy,FILE MODIFIED,.\audit_log.txt,,NO,66e7e3e26bd86783b6944abf00ebded0acb75fefd3fc597c29aa33653e92813b,30,LOW
2026-09-12 11:30:37,bhagy,FILE MODIFIED,.\audit_log.txt,,NO,3cbcb59567326f8cbd755848254ab4e6a5c5f484330fffb0336e1c978b9b618b,30,LOW
2026-09-12 11:30:37,bhagy,FILE MODIFIED,.\audit_log.txt,,NO,4a5efd76b788e7b75b3a62041275601995ed4e788c207f072f452992a956d8af,30,LOW
2026-09-12 11:30:37,bhagy,FILE MODIFIED,.\audit_log.txt,,NO,a910b9267378ddb8a43c3ee41d512ed3198c1899fe290b99b9c610a04e7b2f7c,30,LOW
2026-09-12 11:30:37,bhagy,FILE MODIFIED,.\audit_log.txt,,NO,a0df0b600ed75952f31637c2d09ca579ca3b873f0e2f0f7cc9675fd15915aff6,30,LOW
2026-09-12 11:30:37,bhagy,FILE MODIFIED,.\audit_log.txt,,NO,76fe6a40bbfa5378edda3c9178b2c99678e92b004ce302df887e169e70a2941e,30,LOW
2026-09-12 11:30:38,bhagy,FILE MODIFIED,.\audit_log.txt,,NO,653e23fd379c4245efaa413fc62988094515611c913c346b2ad9311a0da52da9,30,LOW
2026-09-12 11:30:38,bhagy,FILE MODIFIED,.\audit_log.txt,,NO,c48e4117cc8f6aa72a0a7c525a1457c534ec5106df38a74fcadb6782597568a3,30,LOW
2026-09-12 11:30:38,bhagy,FILE MODIFIED,.\audit_log.txt,,NO,17dc58dcd65a5024fbfab06edfc7e516a381a7d552c062cd1b83c6440a9527ee,30,LOW
2026-09-12 11:30:38,bhagy,FILE MODIFIED,.\audit_log.txt,,NO,59e5b2a5d0ff6ab76fcf7bcccafea959f0e8f4d3a4f5f4851f5527fbdd2223c0,30,LOW
2026-09-12 11:30:38,bhagy,FILE MODIFIED,.\audit_log.txt,,NO,aa337a7057cf403e7e5898e3381073cc98c3739bfef19ce16baacaccafbb6ee0,30,LOW
2026-09-12 11:30:38,bhagy,FILE MODIFIED,.\audit_log.txt,,NO,8ce087e176ac3fa2e2f2add582d3bd8eb264ce3224f244985fcafdfdfea979bb,30,LOW
2026-09-12 11:30:39,bhagy,FILE MODIFIED,.\audit_log.txt,,NO,a47e0b66198663b387b350809d8ad70a0111129295df102230606493e869929b,30,LOW
2026-09-12 11:30:39,bhagy,FILE MODIFIED,.\audit_log.txt,,NO,e21b4cf3db9444d6b18a5ca90d80d001acc7dbc475487858b2e5ae21d89a8fd6,30,LOW
2026-09-12 11:30:39,bhagy,FILE MODIFIED,.\audit_log.txt,,NO,9d41d5d481e957f69ba5e63b90ea2899d8d1ecbdf1e21d029e667cfa65faf4a9,30,LOW
2026-09-12 11:30:39,bhagy,FILE MODIFIED,.\audit_log.txt,,NO,32793a2519b709a3952d57fe330db0919e201f50cf8c9aa212d197cc63fe5f1d,30,LOW
2026-09-12 11:30:39,bhagy,FILE MODIFIED,.\audit_log.txt,,NO,ddd371dc386ebb3325918dd9019b8012b60af841dfb0b05739381ebe0354ff52,30,LOW
2026-09-12 11:30:40,bhagy,FILE MODIFIED,.\audit_log.txt,,NO,2242ad212a2e81e818e6553bdc6e7e6fa857a81321ac66d3b2a9c5097887f6fc,30,LOW
2026-09-12 11:30:40,bhagy,FILE MODIFIED,.\audit_log.txt,,NO,4c92b564edb4f7bef4ec0a4438e424454fe1fce81c62786b104a734db717e77a,30,LOW
2026-09-12 11:30:40,bhagy,FILE MODIFIED,.\audit_log.txt,,NO,3e95492d277a36099a2f2531b08239dcae72d5ff3834889f9e41985c7259269e,30,LOW
2026-09-12 11:30:40,bhagy,FILE MODIFIED,.\audit_log.txt,,NO,ede26bf78d63121bd1e8d3b3f3b1728ca987c72c054ecd717b12e0b90dff5353,30,LOW
2026-09-12 11:30:40,bhagy,FILE MODIFIED,.\audit_log.txt,,NO,4c58270ae8652f50f1118a46201440ed1e0a052146286e6400dea16c635c5df4,30,LOW
2026-09-12 11:30:41,bhagy,FILE MODIFIED,.\audit_log.txt,,NO,93f8e8d699eaa5709128f9d4bd9995f8aee1d1b306b125a10a540a6bfeb009ab,30,LOW
2026-09-12 11:30:41,bhagy,FILE MODIFIED,.\audit_log.txt,,NO,652e7df32a6c25c79eaaa29abc134e07a7f98c05722a1fa09218b4fb281b94e3,30,LOW
2026-09-12 11:30:41,bhagy,FILE MODIFIED,.\audit_log.txt,,NO,31ddd47ef877cf1b93cd7a5487807378b93e4c69b39c20bb4b6a7e93303e0489,30,LOW
2026-09-12 11:30:41,bhagy,FILE MODIFIED,.\audit_log.txt,,NO,bb625b2e2f1636dc6b22aec4bc3bf2d32668e0d71441dc060d696908c44ec4ad,30,LOW
2026-09-12 11:30:41,bhagy,FILE MODIFIED,.\audit_log.txt,,NO,2b71742b7e4e41f8563da82ab2d6efeeecb0b5c35e4e4330b8711054d7611bbb,30,LOW
2026-09-12 11:30:41,bhagy,FILE MODIFIED,.\audit_log.txt,,NO,51c657fa8310bf1a8c9d501628689caf9f8546d2da5d81bec89871eb2587e0a9,30,LOW
2026-09-12 11:30:42,bhagy,FILE MODIFIED,.\audit_log.txt,,NO,b5ff1c887c2c5718580de1a74148dced6a05bd757f37231cf78baac933fc879d,30,LOW
2026-09-12 11:30:42,bhagy,FILE MODIFIED,.\audit_log.txt,,NO,86723f61c46db1d71a0a87a06ba018aafcc3742ce942aa6e95a710ee3ec9f195,30,LOW
2026-09-12 11:30:42,bhagy,FILE MODIFIED,.\audit_log.txt,,NO,d48842f7f1d5f0fcbec6ecd9d0493583f4acbd7a76f261904db2cb800a882d77,30,LOW
2026-09-12 11:30:42,bhagy,FILE MODIFIED,.\audit_log.txt,,NO,457c04eb13f63e1e0e9ec3ae58b01c415380109ef8ebffd84e9fd8866c5d7f36,30,LOW
2026-09-12 11:30:42,bhagy,FILE MODIFIED,.\audit_log.txt,,NO,35c33e75c41dfc6d06da17d2ea6385903899e4042e079754a6e10c3281b2aa90,30,LOW
2026-09-12 11:30:42,bhagy,FILE MODIFIED,.\audit_log.txt,,NO,25110c5aeb9d9cccdbab1ff59c459c1f6a3b80717c2bd2c60a1858c600ee74a5,30,LOW
2026-09-12 11:30:42,bhagy,FILE MODIFIED,.\audit_log.txt,,NO,4217cd10e79f769cc4cd4b0c8568c13a72e65d79486030dde882ba9bf9e91313,30,LOW
2026-09-12 11:30:42,bhagy,FILE MODIFIED,.\audit_log.txt,,NO,aa0f00b2ac3eb907e1f5fcfc28300487696d5520e1453603b762d0df173a3077,30,LOW
2026-09-12 11:30:42,bhagy,FILE MODIFIED,.\audit_log.txt,,NO,ec994d4c8671ff64927605a16aeeb6956c9d48aeee1d794d2ba955a661538725,30,LOW
2026-09-12 11:30:42,bhagy,FILE MODIFIED,.\audit_log.txt,,NO,03bd162abeacf4d6d69b244d66db20a6f6f83484790284eef07554cc4a1d005e,30,LOW
2026-09-12 11:30:42,bhagy,FILE MODIFIED,.\audit_log.txt,,NO,48f0c6a2114003f7f8ba21c803e33582e6d54f024a722dca20e4afb0465377ab,30,LOW
2026-09-12 11:30:43,bhagy,FILE MODIFIED,.\audit_log.txt,,NO,22e4a6cef4a336cf46a78635244e9617781704e7bc87056ca2e2d66ec45bcea4,30,LOW
2026-09-12 11:30:43,bhagy,FILE MODIFIED,.\audit_log.txt,,NO,862265f8d0ac4da6f352e7f658d5b55fb40417dc8f530bdf3bffe9a96a0158a0,30,LOW
2026-09-12 11:30:43,bhagy,FILE MODIFIED,.\audit_log.txt,,NO,0f437aebae321ce43955f0db0d2b3685db864dc7ca85618241ea5a44e260f829,30,LOW
2026-09-12 11:30:43,bhagy,FILE MODIFIED,.\audit_log.txt,,NO,b429e47323e284f2e0b207bd3910bf41b53705431fd1ae2480a7a22ccd124e0c,30,LOW
2026-09-12 11:30:43,bhagy,FILE MODIFIED,.\audit_log.txt,,NO,9343ff1007e8c175ad7ed4dba31684f1578b9987fd8aa980ce1cbf5f790ff630,30,LOW
2026-09-12 11:30:43,bhagy,FILE MODIFIED,.\audit_log.txt,,NO,65ab20a692fc9cb3084a28cf14f5471750c3559d83904bf3ad84fc06906c6a1a,30,LOW
2026-09-12 11:30:43,bhagy,FILE MODIFIED,.\audit_log.txt,,NO,7e2788989163c2dde25d041630a086a2cd924b1686a0efc1ff8f578ffd6ac9f3,30,LOW
2026-09-12 11:30:43,bhagy,FILE MODIFIED,.\audit_log.txt,,NO,635eef65019c94900afb638306dd365e602fdf52359accbfe50ad83777502cb0,30,LOW
2026-09-12 11:30:43,bhagy,FILE MODIFIED,.\audit_log.txt,,NO,1b69d5d98a58962d03f58b6bb9396a96c840df8a9bc72d99713f3adc04dd3c08,30,LOW
2026-09-12 11:30:43,bhagy,FILE MODIFIED,.\audit_log.txt,,NO,dddf3d88664e5e01eaa01c95364c87a796560c83f60c820921e88700d22cea1e,30,LOW
2026-09-12 11:30:43,bhagy,FILE MODIFIED,.\audit_log.txt,,NO,0ff9fbb2e44b5c17d47d1ee8d27e1e9e12a21b357fe1e9601535a53af49a679f,30,LOW
2026-09-12 11:30:44,bhagy,FILE MODIFIED,.\audit_log.txt,,NO,bb22fffc637897ec0571df31f34098f48f590b69d23d2c9e958a176e48382af7,30,LOW
2026-09-12 11:30:44,bhagy,FILE MODIFIED,.\audit_log.txt,,NO,3b61215d52a7c577a0679893f1a843bc0030c563fc9293ce1aa906e4b7cc2d1e,30,LOW
2026-09-12 11:30:44,bhagy,FILE MODIFIED,.\audit_log.txt,,NO,35cd55d34a49894480c66fbf828b710ae83e49f6d8d558cbcc593c462b43e0e7,30,LOW
2026-09-12 11:30:44,bhagy,FILE MODIFIED,.\audit_log.txt,,NO,83a6a2909baee416b698f57f55a39341ef2446829c20469df7cb75471e54fca2,30,LOW
2026-09-12 11:30:44,bhagy,FILE MODIFIED,.\audit_log.txt,,NO,e55ff59bb7f076bbee7ec332c42e5a7969998c32104f2838404ecd29391b250b,30,LOW
2026-09-12 11:30:44,bhagy,FILE MODIFIED,.\audit_log.txt,,NO,ca505727f01a4ca8c06c271972392ea6b039adfad4fd5208fa7f30bfcb00bcc5,30,LOW
2026-09-12 11:30:44,bhagy,FILE MODIFIED,.\audit_log.txt,,NO,cdacdb2f974604ccd466ba970c3e119027ea63233b721373c3a8ef0b0560e238,30,LOW
2026-09-12 11:30:44,bhagy,FILE MODIFIED,.\audit_log.txt,,NO,e71e04ccbb59c19aa418329dd002b5b705d1ab28ef0b51d150eac0f45ae776c9,30,LOW
2026-09-12 11:30:44,bhagy,FILE MODIFIED,.\audit_log.txt,,NO,96528a8f53b2c1e3b18c97038b4aa7b2400f20160ef5b63274cc117f2ef3b1aa,30,LOW
2026-09-12 11:30:44,bhagy,FILE MODIFIED,.\audit_log.txt,,NO,6291dcd795fd926aa521074bf2a42a3e9108922811da11ba1335968b13cd692a,30,LOW
2026-09-12 11:30:45,bhagy,FILE MODIFIED,.\audit_log.txt,,NO,3b6b0f8d11bfff33fddff5d7be3ef4900c209aad7f5a41e88ce3f23241d05e97,30,LOW
2026-09-12 11:30:45,bhagy,FILE MODIFIED,.\audit_log.txt,,NO,836413240235df783e5146fe9cbf21317e25c6622b0bcd4b80d008c4cefc53db,30,LOW
2026-09-12 11:30:45,bhagy,FILE MODIFIED,.\audit_log.txt,,NO,0647e9b3b02fbbdc53fb03b42880d65b194e30be4931329aa0836fe45183051a,30,LOW
2026-09-12 11:30:45,bhagy,FILE MODIFIED,.\audit_log.txt,,NO,a18307007257982fb59b886ae4eac20c439a715c3e79cb38a9cdd8b622fd421b,30,LOW
2026-09-12 11:30:45,bhagy,FILE MODIFIED,.\audit_log.txt,,NO,59e27af0a5442d693eee24b24a0a59136d1b080b1ea4b9b66f275a9ea46d0289,30,LOW
2026-09-12 11:30:45,bhagy,FILE MODIFIED,.\audit_log.txt,,NO,036058218543d3e1be9b68eba852db074c4b39b054aff95a68e9426dade376d6,30,LOW
2026-09-12 11:30:45,bhagy,FILE MODIFIED,.\audit_log.txt,,NO,ba76c73f1be2e29228f3fa188f0c6335551b3983e1ce39eca77e36a2abde85e9,30,LOW
2026-09-12 11:30:45,bhagy,FILE MODIFIED,.\audit_log.txt,,NO,769da60a94e69fede781288e0556a1a4efa06b7659537f3d58ac05c94153a4fb,30,LOW
2026-09-12 11:30:45,bhagy,FILE MODIFIED,.\audit_log.txt,,NO,10dadc139b422157e8c5ceb69a14f04552f989a0f66d33fc0dd26160fc2ee3b4,30,LOW
2026-09-12 11:30:45,bhagy,FILE MODIFIED,.\audit_log.txt,,NO,7d21a059ea02415967198ed94cb862866a415a22e27bebadb348ab1ec45a43ab,30,LOW
2026-09-12 11:30:45,bhagy,FILE MODIFIED,.\audit_log.txt,,NO,b20905660c8b10d9d6fdf4547b4e025f977ff11afdc97d097baece52a261f963,30,LOW
2026-09-12 11:30:46,bhagy,FILE MODIFIED,.\audit_log.txt,,NO,78b884b32420f70504bb6593f9ac6da348f214ff32cd771d5cfa5c2d491da5aa,30,LOW
2026-09-12 11:30:46,bhagy,FILE MODIFIED,.\audit_log.txt,,NO,86b70c648670fbebce1de39cd04a54650972ea43eb04fe1ff65c04d79ad5ef02,30,LOW
2026-09-12 11:30:46,bhagy,FILE MODIFIED,.\audit_log.txt,,NO,30ccc4a6df7d10cd58ca39886010ee66a178992ac6d8873fa910ee473ec25e89,30,LOW
2026-09-12 11:30:46,bhagy,FILE MODIFIED,.\audit_log.txt,,NO,4ce2acc9e5d157770351ad611aea8abefef17de565910e07708abc1ebd5d3031,30,LOW
2026-09-12 11:30:46,bhagy,FILE MODIFIED,.\audit_log.txt,,NO,47660a389c9d8f8e4f210116b5cbd8a4d58e13a587adc0e3e250b42a317e5673,30,LOW
2026-09-12 11:30:46,bhagy,FILE MODIFIED,.\audit_log.txt,,NO,8809d99eaa05079aa79aa38eaeb4f2ee125abfa0105d905710df9fcae6ca00d2,30,LOW
2026-09-12 11:30:46,bhagy,FILE MODIFIED,.\audit_log.txt,,NO,a1c65c092990131bc9e66472fc9a0ed4ee1cbeaacfe021ed396d64f1250bcfbb,30,LOW
2026-09-12 11:30:46,bhagy,FILE MODIFIED,.\audit_log.txt,,NO,6e26c135aeebcd773ee44b1e28be76f2cd36c80736b04ce60368a13b9004c858,30,LOW
2026-09-12 11:30:46,bhagy,FILE MODIFIED,.\audit_log.txt,,NO,e6ae7e89f274d2ccbcd67b43f579218dc2a3f858f044df82e76f45ad4bc09b4a,30,LOW
2026-09-12 11:30:46,bhagy,FILE MODIFIED,.\audit_log.txt,,NO,0e126c3e529ea114474934bd0d8ddf26bf40f88c9e3c7ed000c8081f679d6cf8,30,LOW
2026-09-12 11:30:46,bhagy,FILE MODIFIED,.\audit_log.txt,,NO,858713ea71835a5efa4b4048c203e6a0a3639a8f6a19841d226283ce641ec653,30,LOW
2026-09-12 11:30:47,bhagy,FILE MODIFIED,.\audit_log.txt,,NO,cfc28508f35ee1b32613d74cd5453a40a7faf194210d8d95b18afb625e47dc42,30,LOW
2026-09-12 11:30:47,bhagy,FILE MODIFIED,.\audit_log.txt,,NO,ed726f0e6c5d66c2348f0f2d7315186eb7d0d9c55861fb0c36b94542c47b90d5,30,LOW
2026-09-12 11:30:47,bhagy,FILE MODIFIED,.\audit_log.txt,,NO,1468af0d8ce6a60233b60d7c41463e36693c4defe222c686890f2f7f614b4289,30,LOW
2026-09-12 11:30:47,bhagy,FILE MODIFIED,.\audit_log.txt,,NO,6c6c5ed2ac5c9a92bc603d4edad0a400e070c4864f44efaab6ac9cf616cc0b45,30,LOW
2026-09-12 11:30:47,bhagy,FILE MODIFIED,.\audit_log.txt,,NO,9d058dec3c9ac0ee8285b068ea5647c7f3094aef2e9aa5ed98052fc6779d3d75,30,LOW
2026-09-12 11:30:47,bhagy,FILE MODIFIED,.\audit_log.txt,,NO,dcb8cb22532578cfa42980f0a4ba52cea2b5e8b8d24f8633316abcaf7967d610,30,LOW
2026-09-12 11:30:47,bhagy,FILE MODIFIED,.\audit_log.txt,,NO,aa0d4e7ae8fd6e6004a7460d2987587087e39500651381380ac2886a1c73a3b7,30,LOW
2026-09-12 11:30:47,bhagy,FILE MODIFIED,.\audit_log.txt,,NO,76bfa84565f621b4a3ac6875598792d3de665f0db05fd5f4891ebc4909a1e996,30,LOW
2026-09-12 11:30:47,bhagy,FILE MODIFIED,.\audit_log.txt,,NO,3b5050297caf6db3dcf3cb93f609c791e26e32a6e1bfcb0799e8b64ac1f0bb76,30,LOW
2026-09-12 11:30:47,bhagy,FILE MODIFIED,.\audit_log.txt,,NO,df2b9ae2fd1a0d4fb10e81704c4f13864a7ca2401a56cf4784e08290aeded6f6,30,LOW
2026-09-12 11:30:47,bhagy,FILE MODIFIED,.\audit_log.txt,,NO,78af1073e7d4d4cb059287a5fea4e2d0dc2222d67397fd5589c0070c680c3296,30,LOW
2026-09-12 11:30:48,bhagy,FILE MODIFIED,.\audit_log.txt,,NO,2a25946867339602e002da28463a8bc0f657e81216e986d826c9705bb81c97ce,30,LOW
2026-09-12 11:30:48,bhagy,FILE MODIFIED,.\audit_log.txt,,NO,bb851919dbfaeec679385e86f59695021869e2d0d8905a750db4ac3c32e81b50,30,LOW
2026-09-12 11:30:48,bhagy,FILE MODIFIED,.\audit_log.txt,,NO,19ae9a93f7651b6e14561728ffa3db7aa64fd19804b2599331fbaf95435468e3,30,LOW
2026-09-12 11:30:48,bhagy,FILE MODIFIED,.\audit_log.txt,,NO,a1ee2b05404be8e04ec791ecec3bb473b2b363b505cfbb278cf6c9992faf10ea,30,LOW
2026-09-12 11:30:48,bhagy,FILE MODIFIED,.\audit_log.txt,,NO,0dc84fa50ab18b6f987cabdb40ee634795828e2d6c45446a176b5d1533579cbe,30,LOW
2026-09-12 11:30:48,bhagy,FILE MODIFIED,.\audit_log.txt,,NO,ffc9357c6b0aef081c6d3b59ab32c1fef2f2af54478c41666d61d520b244e30a,30,LOW
2026-09-12 11:30:48,bhagy,FILE MODIFIED,.\audit_log.txt,,NO,9419512cdc01280afd0b6042af74a46ea13aa24ce81ff55a77e1816d3a63e47c,30,LOW
2026-09-12 11:30:48,bhagy,FILE MODIFIED,.\audit_log.txt,,NO,6e05fb87ed72a4db6da3007a2196ad694bc4b9bb20bda560958e956a24705eaa,30,LOW
2026-09-12 11:30:48,bhagy,FILE MODIFIED,.\audit_log.txt,,NO,041e5265044c3cb7bcad122930c1bdccbc20aa4afdbb365d4d5382cb118e66ff,30,LOW
2026-09-12 11:30:48,bhagy,FILE MODIFIED,.\audit_log.txt,,NO,e79956e6f28517dc4d953fec4713155c781167436e4246b840c820fe610b6ba5,30,LOW
2026-09-12 11:30:48,bhagy,FILE MODIFIED,.\audit_log.txt,,NO,b74d4df12923ba04c1b17b3763c0d5fd310992d3b90bb98f52e28f844038809c,30,LOW
2026-09-12 11:30:48,bhagy,FILE MODIFIED,.\audit_log.txt,,NO,aa3f9a49c03d1028654ccb538d6bcd7190af94d40d48b19e3e31c8e41652e23b,30,LOW
2026-09-12 11:30:49,bhagy,FILE MODIFIED,.\audit_log.txt,,NO,77f34f9d09fca01894a2da63501c50187d8c8fe6d1178796182082bb65ddfdfe,30,LOW
2026-09-12 11:30:49,bhagy,FILE MODIFIED,.\audit_log.txt,,NO,d7d18a7edfb53e4358e7758c37e100bf92ed3a5f9e0f226a2789aaea932ed9ad,30,LOW
2026-09-12 11:30:49,bhagy,FILE MODIFIED,.\audit_log.txt,,NO,cf4a320b1110a7357a26622cffa17af29e2927a535b94a05a31bbf903d3810ae,30,LOW
2026-09-12 11:30:49,bhagy,FILE MODIFIED,.\audit_log.txt,,NO,5db2cf5cbb31a85e5ad6150d699489a631c7cbd9f67b57bd8d27258e11e0a72e,30,LOW
2026-09-12 11:30:49,bhagy,FILE MODIFIED,.\audit_log.txt,,NO,8db5f9563e38d226f491f3fc578e07b554b8341bdead0b0575fca9b757f22ab2,30,LOW
2026-09-12 11:30:49,bhagy,FILE MODIFIED,.\audit_log.txt,,NO,0576ea56d15e66a01d2c9d8b911663adc36c55cd77e7e1fb0d1b27f79a8c4caf,30,LOW
2026-09-12 11:30:49,bhagy,FILE MODIFIED,.\audit_log.txt,,NO,e5fe8d164559f175426016accce89e4cd08f65d83055b9145ef7bb6542c1aa82,30,LOW
2026-09-12 11:30:49,bhagy,FILE MODIFIED,.\audit_log.txt,,NO,0371f1cabdbde4b18054b43cf00c4a6752a024f7f9cd76d6a2fc0922b1fcdd35,30,LOW
2026-09-12 11:30:49,bhagy,FILE MODIFIED,.\audit_log.txt,,NO,fb1cfae89e6797b8d31fc863ed198aeed772908c8896c99ff6bc6b5069a7d8fb,30,LOW
2026-09-12 11:30:49,bhagy,FILE MODIFIED,.\audit_log.txt,,NO,b41b04bc45681ce5e8736c2f8d4b7037c12326c57b981d7b1a39bfc790734f10,30,LOW
2026-09-12 11:30:49,bhagy,FILE MODIFIED,.\audit_log.txt,,NO,38e5e5ce17cd343043e7951df25bcf23d8a51c82ad88d549ac645e1c2f74a25e,30,LOW
2026-09-12 11:30:50,bhagy,FILE MODIFIED,.\audit_log.txt,,NO,9fd87449788c92368df9a3b9bf14db173e901c20a9fc1903643d4bf8433f2eff,30,LOW
2026-09-12 11:30:50,bhagy,FILE MODIFIED,.\audit_log.txt,,NO,8a5c879d03cd9e2445e3c9a4fd81dabc5e87fbe64771b23d9f578ba726e66c49,30,LOW
2026-09-12 11:30:50,bhagy,FILE MODIFIED,.\audit_log.txt,,NO,0610c5646fd3794c9a8846085474d39610e45d9c46f1cc42f889b4506507346f,30,LOW
2026-09-12 11:30:50,bhagy,FILE MODIFIED,.\audit_log.txt,,NO,d8de1a91867d3d6618b5f7d3e2bde007382cc96ab8e015ecb7a90bc8e0033540,30,LOW
2026-09-12 11:30:50,bhagy,FILE MODIFIED,.\audit_log.txt,,NO,6e44b81aacaf1a19a85aa9f9a741703e27a38b333fffea72a27b0473e7455923,30,LOW
2026-09-12 11:30:50,bhagy,FILE MODIFIED,.\audit_log.txt,,NO,02a6de8d22cd0574fe70bc9d2baa75603f2160904922b0c5289e272e58c6a3f9,30,LOW
2026-09-12 11:30:50,bhagy,FILE MODIFIED,.\audit_log.txt,,NO,93134b6e658863e964193053e2c23be73d42c7822e74e8aa9786b8dc98b684df,30,LOW
2026-09-12 11:30:50,bhagy,FILE MODIFIED,.\audit_log.txt,,NO,2d498e3e94380d51ff377374bbfbfb1ccc703169bd7dcd1d4086bd886f6a8a1b,30,LOW
2026-09-12 11:30:50,bhagy,FILE MODIFIED,.\audit_log.txt,,NO,c419d83bda3907a7f662905b0bf5e5c510f4198633633a43bf1e188b49d11cdd,30,LOW
2026-09-12 11:30:50,bhagy,FILE MODIFIED,.\audit_log.txt,,NO,0541153ca95038df40f144ce902dde991b095c8ac8ad1854efd1d9efdfbfc60f,30,LOW
2026-09-12 11:30:51,bhagy,FILE MODIFIED,.\audit_log.txt,,NO,d6738cbf83cbeec54d5d2dd5cb33a75a541c9835a5e2829b1e568a581ead7326,30,LOW
2026-09-12 11:30:51,bhagy,FILE MODIFIED,.\audit_log.txt,,NO,762f25ef95eb6bef92d60b1e6357dc62a364b4ee4a03427c48a9f2620b84b104,30,LOW
2026-09-12 11:30:51,bhagy,FILE MODIFIED,.\audit_log.txt,,NO,885de09cd4efe99cde3636e9b8a48e352931e33962bb73088ad42114e040b6ce,30,LOW
2026-09-12 11:30:51,bhagy,FILE MODIFIED,.\audit_log.txt,,NO,1f09c091e76e029aa2a79c8c68d5dba4ba169b737d4df3a9cf6d6fa406e00c28,30,LOW
2026-09-12 11:30:51,bhagy,FILE MODIFIED,.\audit_log.txt,,NO,8842d69f00220b4146883a8981fc47e9d0bc1a37176b081a0876919098d96a42,30,LOW
2026-09-12 11:30:51,bhagy,FILE MODIFIED,.\audit_log.txt,,NO,5aee94f4eed3752123f05459ebfdde5fc97dd2d8ac154ac69d3a496e00dd28cc,30,LOW
2026-09-12 11:30:51,bhagy,FILE MODIFIED,.\audit_log.txt,,NO,45504df8b9d6c793294917b9405e9e47795426dfe81ee2046e0391cb5c47c6dd,30,LOW
2026-09-12 11:30:51,bhagy,FILE MODIFIED,.\audit_log.txt,,NO,56ef88e9aee984785ab7b4dcfa8de9edf3f603417d711d0d61246e0ad2334ec8,30,LOW
2026-09-12 11:30:51,bhagy,FILE MODIFIED,.\audit_log.txt,,NO,fab83cea5edf96e89ff41891c300ac300df57aca6f770eb42ad477158b42c516,30,LOW
2026-09-12 11:30:51,bhagy,FILE MODIFIED,.\audit_log.txt,,NO,6db720f3615aa5e1c40765979363aaaeda0f9b1d9bad1c1b42cb5eee5b8ab275,30,LOW
2026-09-12 11:30:51,bhagy,FILE MODIFIED,.\audit_log.txt,,NO,e0ec3c0e05b2d23e5444233f3155c08748ede30bd3071e2906dd5a8dfdd9fe9d,30,LOW
2026-09-12 11:30:51,bhagy,FILE MODIFIED,.\audit_log.txt,,NO,4d8ee6e964643e129fc39d3f9a927ea0e0a67235ba289db27cb668172c9ef367,30,LOW
2026-09-12 11:30:52,bhagy,FILE MODIFIED,.\audit_log.txt,,NO,cc28f748dc5feb5bd99bed132b39c60ab2df70b7d7e6533686963cf8e8e84a88,30,LOW
2026-09-12 11:30:52,bhagy,FILE MODIFIED,.\audit_log.txt,,NO,de13b792d9c2a8cc0ba70aa8d2be753bd8aa3e7e33ba772b714a91b0963c504d,30,LOW
2026-09-12 11:30:52,bhagy,FILE MODIFIED,.\audit_log.txt,,NO,8481fd812264d60d3a8eb95e71e20783bd2476bc7cd167f298317e5c73f86a29,30,LOW
2026-09-12 11:30:52,bhagy,FILE MODIFIED,.\audit_log.txt,,NO,1da29ea3f3e8e51e8a94f5c1afed718580cf9e635ae726f19d1f13c84204904b,30,LOW
2026-09-12 11:30:52,bhagy,FILE MODIFIED,.\audit_log.txt,,NO,4bdd37bd11254df751198964b4159f39bed5eb456f30b61047c7cc376aa0ec7e,30,LOW
2026-09-12 11:30:52,bhagy,FILE MODIFIED,.\audit_log.txt,,NO,aeea4f06b8f823cbaeaef3c9be3da36768ee471715b19ee6bb9cd6120b5b1110,30,LOW
2026-09-12 11:30:52,bhagy,FILE MODIFIED,.\audit_log.txt,,NO,283a6e52ef2c5834dbb671145609711447dd2d396a9d1e22a0a21533be2d804d,30,LOW
2026-09-12 11:30:52,bhagy,FILE MODIFIED,.\audit_log.txt,,NO,632b9746c28313818ca43cf3e880bd23974351bbf6169c14875dafa7c8c3b20b,30,LOW
2026-09-12 11:30:52,bhagy,FILE MODIFIED,.\audit_log.txt,,NO,d39fe125c008c6bfa96a5721efd90eef159b74627a42df3a1503417553c465e7,30,LOW
2026-09-12 11:30:52,bhagy,FILE MODIFIED,.\audit_log.txt,,NO,0faee4433d3ad5302b8f512d7665ded133abd235ec5a3785fca792c2d135032d,30,LOW
2026-09-12 11:30:52,bhagy,FILE MODIFIED,.\audit_log.txt,,NO,a43e2f4bce5826f8dc8b62c855e432cca1607c249f6bfdcb8de028b827f6de44,30,LOW
2026-09-12 11:30:53,bhagy,FILE MODIFIED,.\audit_log.txt,,NO,ea1c3758a9bbd60c5e1030167a14fabb6ba892dd4b9005396d444a09746f3eba,30,LOW
2026-09-12 11:30:53,bhagy,FILE MODIFIED,.\audit_log.txt,,NO,7241f8441375cf804ef6d7d47badb1eb56fbe06fe5bd6e0f82fba70048cd9fdb,30,LOW
2026-09-12 11:30:53,bhagy,FILE MODIFIED,.\audit_log.txt,,NO,ace5c461e911593a4a74250ed85bc7f32496a99c19d0969dcb38a6899646a606,30,LOW
2026-09-12 11:30:53,bhagy,FILE MODIFIED,.\audit_log.txt,,NO,196efe94f992f662b0c5c7e8e90550e34fc522b484a415e04455c90a141980e4,30,LOW
2026-09-12 11:30:53,bhagy,FILE MODIFIED,.\audit_log.txt,,NO,08e73844a14d5fbf738b12f6303b2acb013425463a4b849504efacede9b57170,30,LOW
2026-09-12 11:30:53,bhagy,FILE MODIFIED,.\audit_log.txt,,NO,f70315fae59787c75eac554aa91c0d5b0bc01e5c9e037c074bab9ce0cc75422c,30,LOW
2026-09-12 11:30:53,bhagy,FILE MODIFIED,.\audit_log.txt,,NO,23ba4ae1bc206fad05b2d31e24556cc03901369fcd72629a418d339afa78b137,30,LOW
2026-09-12 11:30:53,bhagy,FILE MODIFIED,.\audit_log.txt,,NO,cfa48d6d48a7ac4952df95bcae38ef84dc4fdd6cede6b72dbcd391753d4066ff,30,LOW
2026-09-12 11:30:53,bhagy,FILE MODIFIED,.\audit_log.txt,,NO,55e797268a7d3ad0070bf437a02aa62f9042c5b33891e0f7c1c30734865b74b0,30,LOW
2026-09-12 11:30:53,bhagy,FILE MODIFIED,.\audit_log.txt,,NO,ae2deff35102221cc36faa82ba8cf9a83f9653768d914379ccbcac7578d3a7ec,30,LOW
2026-09-12 11:30:53,bhagy,FILE MODIFIED,.\audit_log.txt,,NO,8fc466be11e6ddd067b1a0516099ba60fdbaac9d4f89cacb00718da9e8b9a8c9,30,LOW
2026-09-12 11:30:54,bhagy,FILE MODIFIED,.\audit_log.txt,,NO,782b22bf4b100c1d3e2c6d65774463b9ff17612fcc07c35b12352fb96e24e213,30,LOW
2026-09-12 11:30:54,bhagy,FILE MODIFIED,.\audit_log.txt,,NO,302f6b51adf73c0a979eec52bca78e61a12c170202369755b69e6444576ab247,30,LOW
2026-09-12 11:30:54,bhagy,FILE MODIFIED,.\audit_log.txt,,NO,7d014f6d9f6bb3e5e18647f0a15588943a672cfb544d53d0959288a3e7b7071e,30,LOW
2026-09-12 11:30:54,bhagy,FILE MODIFIED,.\audit_log.txt,,NO,5ff3f7bb9916e0361a755b75c9317f021afbce7af4db14e34c900c105de14c61,30,LOW
2026-09-12 11:30:54,bhagy,FILE MODIFIED,.\audit_log.txt,,NO,1dab173000059e9dcb961d04a27a7cf1e0fbef882a813d872ac9a5cafe684995,30,LOW
2026-09-12 11:30:54,bhagy,FILE MODIFIED,.\audit_log.txt,,NO,ad3279d91314203985565ab64ce2e9e835ebf603bdb1f38f36fc10de9a8c0c71,30,LOW
2026-09-12 11:30:54,bhagy,FILE CREATED,.\normal_test.txt,,NO,e3b0c44298fc1c149afbf4c8996fb92427ae41e4649b934ca495991b7852b855,0,LOW
2026-09-12 11:30:54,bhagy,FILE MODIFIED,.\audit_log.txt,,NO,f5c7f61b306d50c615596eb0dee7a69a3546f9cbd44f2202e25e5310f736dda0,30,LOW
2026-09-12 11:30:54,bhagy,FILE MODIFIED,.\audit_log.txt,,NO,51b1872e19d0b2a1f83974c3c582591e459cce812eb5a2aa45a2f78024301105,30,LOW
2026-09-12 11:30:54,bhagy,FILE MODIFIED,.\audit_log.txt,,NO,d360e6b428d37b51bdafdcf1765ec9d90ceff263ef89ec1215d7cc18dd4329ea,30,LOW
2026-09-12 11:30:54,bhagy,FILE MODIFIED,.\audit_log.txt,,NO,49187c929bd1f25d9152f6746bcf083452106a54026bdf731fae8494ab50940b,30,LOW
2026-09-12 11:30:55,bhagy,FILE MODIFIED,.\audit_log.txt,,NO,3c5e8524c1c7d181680256c0664c24ba5642052fb4cf9d1ff183ceacbc636e91,30,LOW
2026-09-12 11:30:55,bhagy,FILE MODIFIED,.\audit_log.txt,,NO,6901d17605cf313fd7566163fd057ed3fdd8296b2f026c0cff96de30bc784be6,30,LOW
2026-09-12 11:30:55,bhagy,FILE MODIFIED,.\audit_log.txt,,NO,e5e62264e9834f5d1df4d8106b1b815cabf911b62347af02dca77772a4227724,30,LOW
2026-09-12 11:30:55,bhagy,FILE MODIFIED,.\audit_log.txt,,NO,9de481588cfd3a40e027f60bde15f9024a890ceb8b4fc424e71737f60c278d4d,30,LOW
2026-09-12 11:30:55,bhagy,FILE MODIFIED,.\audit_log.txt,,NO,31366a61974004ea3b6727d613b0dc9bcf69a4b7406de664b431d3336b12dff7,30,LOW
2026-09-12 11:30:55,bhagy,FILE MODIFIED,.\audit_log.txt,,NO,aebdab25d83cd92556368f3ff1b2b9edc61874b6c0fef779e52fee2868fffb42,30,LOW
2026-09-12 11:30:57,bhagy,FILE MODIFIED,.\normal_test.txt,,NO,e3b0c44298fc1c149afbf4c8996fb92427ae41e4649b934ca495991b7852b855,0,LOW
2026-09-12 11:30:57,bhagy,FILE MODIFIED,.\file_monitor.py,,NO,45c16850f8f4492e96b4f269af5bff70801c515a99b48c66221c7b3c286b4f91,0,LOW
2026-09-12 11:30:57,bhagy,FILE MODIFIED,.\file_monitor.py,,NO,45c16850f8f4492e96b4f269af5bff70801c515a99b48c66221c7b3c286b4f91,0,LOW
2026-09-12 11:30:57,bhagy,FILE MODIFIED,.\file_monitor.py,,NO,45c16850f8f4492e96b4f269af5bff70801c515a99b48c66221c7b3c286b4f91,0,LOW
2026-09-12 11:31:23,bhagy,FILE CREATED,.\sensitive_files\secret.txt,,YES,e3b0c44298fc1c149afbf4c8996fb92427ae41e4649b934ca495991b7852b855,40,MEDIUM
2026-09-12 11:31:24,bhagy,FILE MODIFIED,.\sensitive_files\secret.txt,,YES,e3b0c44298fc1c149afbf4c8996fb92427ae41e4649b934ca495991b7852b855,40,MEDIUM
2026-09-12 11:38:11,bhagy,FILE MODIFIED,.\test_folder\test_folder\New folder\hash_test.txt,,NO,b20642ceed92625f4ca3dfadf774e33e1c10dee45a73f8edd534afaf1b5b423b,30,LOW
2026-09-12 11:38:11,bhagy,FILE MODIFIED,.\test_folder\test_folder\New folder\hash_test.txt,,NO,b20642ceed92625f4ca3dfadf774e33e1c10dee45a73f8edd534afaf1b5b423b,0,LOW
2026-09-12 11:38:13,bhagy,FILE MODIFIED,.\test_folder\test_folder\New folder\hash_test.txt,,NO,b20642ceed92625f4ca3dfadf774e33e1c10dee45a73f8edd534afaf1b5b423b,0,LOW
2026-09-12 11:38:13,bhagy,FILE MODIFIED,.\test_folder\test_folder\New folder\hash_test.txt,,NO,b20642ceed92625f4ca3dfadf774e33e1c10dee45a73f8edd534afaf1b5b423b,0,LOW
2026-09-12 11:38:14,bhagy,FILE MODIFIED,.\test_folder\test_folder\New folder\hash_test.txt,,NO,b20642ceed92625f4ca3dfadf774e33e1c10dee45a73f8edd534afaf1b5b423b,0,LOW
2026-09-12 11:39:31,bhagy,FILE CREATED,.\downloads\desktop.ini,,NO,e3b0c44298fc1c149afbf4c8996fb92427ae41e4649b934ca495991b7852b855,40,MEDIUM
2026-09-12 11:39:31,bhagy,FILE DELETED,.\downloads\desktop.ini,,NO,,10,LOW
2026-09-12 11:39:31,bhagy,FILE CREATED,.\downloads\desktop.ini,,NO,,40,MEDIUM
2026-09-12 11:39:31,bhagy,FILE DELETED,.\downloads\desktop.ini,,NO,,10,LOW
2026-09-12 11:39:31,bhagy,FILE CREATED,.\downloads\desktop.ini,,NO,,40,MEDIUM
2026-09-12 11:39:31,bhagy,FILE DELETED,.\downloads\desktop.ini,,NO,,10,LOW
2026-09-12 11:39:48,bhagy,FILE MODIFIED,.\test_folder\test_folder\New folder\hash_test.txt,,NO,b20642ceed92625f4ca3dfadf774e33e1c10dee45a73f8edd534afaf1b5b423b,0,LOW
2026-09-12 11:39:48,bhagy,FILE MODIFIED,.\test_folder\test_folder\New folder\hash_test.txt,,NO,b20642ceed92625f4ca3dfadf774e33e1c10dee45a73f8edd534afaf1b5b423b,0,LOW
2026-09-12 11:39:50,bhagy,FILE MODIFIED,.\test_folder\test_folder\New folder\hash_test.txt,,NO,b20642ceed92625f4ca3dfadf774e33e1c10dee45a73f8edd534afaf1b5b423b,0,LOW
2026-09-12 11:39:50,bhagy,FILE MODIFIED,.\test_folder\test_folder\New folder\hash_test.txt,,NO,b20642ceed92625f4ca3dfadf774e33e1c10dee45a73f8edd534afaf1b5b423b,0,LOW
2026-09-12 11:39:52,bhagy,FILE MODIFIED,.\test_folder\test_folder\New folder\hash_test.txt,,NO,b20642ceed92625f4ca3dfadf774e33e1c10dee45a73f8edd534afaf1b5b423b,0,LOW
2026-09-12 11:41:13,bhagy,FILE CREATED,.\downloads\password.txt,,YES,e3b0c44298fc1c149afbf4c8996fb92427ae41e4649b934ca495991b7852b855,80,HIGH
2026-09-12 11:41:13,bhagy,FILE MODIFIED,.\downloads\password.txt,,YES,e3b0c44298fc1c149afbf4c8996fb92427ae41e4649b934ca495991b7852b855,40,MEDIUM
2026-09-12 11:41:13,bhagy,FILE MODIFIED,.\downloads\password.txt,,YES,e3b0c44298fc1c149afbf4c8996fb92427ae41e4649b934ca495991b7852b855,40,MEDIUM
2026-09-12 11:41:15,bhagy,FILE MODIFIED,.\downloads\password.txt,,YES,e3b0c44298fc1c149afbf4c8996fb92427ae41e4649b934ca495991b7852b855,40,MEDIUM
2026-09-12 11:41:15,bhagy,FILE MODIFIED,.\downloads\password.txt,,YES,e3b0c44298fc1c149afbf4c8996fb92427ae41e4649b934ca495991b7852b855,40,MEDIUM
2026-09-12 11:42:57,bhagy,FILE CREATED,.\test_folder\transfer_test.txt,,NO,e3b0c44298fc1c149afbf4c8996fb92427ae41e4649b934ca495991b7852b855,0,LOW
2026-09-12 11:42:59,bhagy,FILE MODIFIED,.\test_folder\transfer_test.txt,,NO,e3b0c44298fc1c149afbf4c8996fb92427ae41e4649b934ca495991b7852b855,0,LOW
2026-09-12 11:44:20,bhagy,FILE MODIFIED,.\test_folder\transfer_test.txt,,NO,86445b0d321d1307d286ef013794dea1521fa3bb9957392800f00c37e7671515,30,LOW
2026-09-12 11:44:20,bhagy,FILE MODIFIED,.\test_folder\transfer_test.txt,,NO,86445b0d321d1307d286ef013794dea1521fa3bb9957392800f00c37e7671515,0,LOW

2026-09-12 11:44:20,bhagy,FILE MODIFIED,.\test_folder\transfer_test.txt,,NO,86445b0d321d1307d286ef013794dea1521fa3bb9957392800f00c37e7671515,0,LOW
2026-09-12 11:44:20,bhagy,FILE MODIFIED,.\test_folder\transfer_test.txt,,NO,86445b0d321d1307d286ef013794dea1521fa3bb9957392800f00c37e7671515,0,LOW
2026-09-12 11:44:22,bhagy,FILE MODIFIED,.\test_folder\transfer_test.txt,,NO,86445b0d321d1307d286ef013794dea1521fa3bb9957392800f00c37e7671515,0,LOW
2026-09-12 11:44:22,bhagy,FILE MODIFIED,.\test_folder\transfer_test.txt,,NO,86445b0d321d1307d286ef013794dea1521fa3bb9957392800f00c37e7671515,0,LOW
2026-09-12 11:44:22,bhagy,FILE MODIFIED,.\test_folder\transfer_test.txt,,NO,86445b0d321d1307d286ef013794dea1521fa3bb9957392800f00c37e7671515,0,LOW
2026-09-12 11:44:22,bhagy,FILE MODIFIED,.\test_folder\transfer_test.txt,,NO,86445b0d321d1307d286ef013794dea1521fa3bb9957392800f00c37e7671515,0,LOW
2026-09-12 11:44:24,bhagy,FILE MODIFIED,.\test_folder\transfer_test.txt,,NO,86445b0d321d1307d286ef013794dea1521fa3bb9957392800f00c37e7671515,0,LOW
2026-09-12 11:48:02,bhagy,FILE CREATED,.\external_transfer\desktop.ini,,NO,e3b0c44298fc1c149afbf4c8996fb92427ae41e4649b934ca495991b7852b855,40,MEDIUM
2026-09-12 11:48:02,bhagy,FILE DELETED,.\external_transfer\desktop.ini,,NO,,10,LOW
2026-09-12 11:48:02,bhagy,FILE DELETED,.\external_transfer\desktop.ini,,NO,,10,LOW
2026-09-12 11:48:02,bhagy,FILE CREATED,.\external_transfer\desktop.ini,,NO,,40,MEDIUM
2026-09-12 11:48:02,bhagy,FILE CREATED,.\external_transfer\desktop.ini,,NO,,40,MEDIUM
2026-09-12 11:48:02,bhagy,FILE DELETED,.\external_transfer\desktop.ini,,NO,,10,LOW
2026-09-12 11:48:02,bhagy,FILE DELETED,.\external_transfer\desktop.ini,,NO,,10,LOW
2026-09-12 11:48:02,bhagy,FILE CREATED,.\external_transfer\desktop.ini,,NO,,40,MEDIUM
2026-09-12 11:48:02,bhagy,FILE CREATED,.\external_transfer\desktop.ini,,NO,,40,MEDIUM
2026-09-12 11:48:02,bhagy,FILE DELETED,.\external_transfer\desktop.ini,,NO,,10,LOW
2026-09-12 11:48:17,bhagy,FILE MODIFIED,.\test_folder\transfer_test.txt,,NO,86445b0d321d1307d286ef013794dea1521fa3bb9957392800f00c37e7671515,0,LOW
2026-09-12 11:48:17,bhagy,FILE MODIFIED,.\test_folder\transfer_test.txt,,NO,86445b0d321d1307d286ef013794dea1521fa3bb9957392800f00c37e7671515,0,LOW
2026-09-12 11:48:17,bhagy,FILE MODIFIED,.\test_folder\transfer_test.txt,,NO,86445b0d321d1307d286ef013794dea1521fa3bb9957392800f00c37e7671515,0,LOW
2026-09-12 11:48:18,bhagy,FILE MODIFIED,.\test_folder\transfer_test.txt,,NO,86445b0d321d1307d286ef013794dea1521fa3bb9957392800f00c37e7671515,0,LOW
2026-09-12 11:48:18,bhagy,FILE MODIFIED,.\test_folder\transfer_test.txt,,NO,86445b0d321d1307d286ef013794dea1521fa3bb9957392800f00c37e7671515,0,LOW
2026-09-12 11:48:18,bhagy,FILE MODIFIED,.\test_folder\transfer_test.txt,,NO,86445b0d321d1307d286ef013794dea1521fa3bb9957392800f00c37e7671515,0,LOW
2026-09-12 11:48:20,bhagy,FILE MODIFIED,.\test_folder\transfer_test.txt,,NO,86445b0d321d1307d286ef013794dea1521fa3bb9957392800f00c37e7671515,0,LOW
2026-09-12 11:48:36,bhagy,FILE MODIFIED,.\sensitive_files\confidential.txt,,YES,1efb17d3ffe3ed26cc3cc80436a6be0e85930b3af4eb4258752ca43e8cb2c490,40,MEDIUM
2026-09-12 11:48:36,bhagy,FILE MODIFIED,.\sensitive_files\confidential.txt,,YES,1efb17d3ffe3ed26cc3cc80436a6be0e85930b3af4eb4258752ca43e8cb2c490,40,MEDIUM
2026-09-12 11:48:36,bhagy,FILE MODIFIED,.\sensitive_files\password.txt,,YES,e3b0c44298fc1c149afbf4c8996fb92427ae41e4649b934ca495991b7852b855,40,MEDIUM
2026-09-12 11:48:36,bhagy,FILE MODIFIED,.\sensitive_files\password.txt,,YES,e3b0c44298fc1c149afbf4c8996fb92427ae41e4649b934ca495991b7852b855,40,MEDIUM
2026-09-12 11:48:36,bhagy,FILE MODIFIED,.\test_folder\test_folder\New folder\hash_test.txt,,NO,b20642ceed92625f4ca3dfadf774e33e1c10dee45a73f8edd534afaf1b5b423b,0,LOW
2026-09-12 11:48:36,bhagy,FILE MODIFIED,.\test_folder\test_folder\New folder\hash_test.txt,,NO,b20642ceed92625f4ca3dfadf774e33e1c10dee45a73f8edd534afaf1b5b423b,0,LOW
2026-09-12 11:50:29,bhagy,FILE CREATED,.\external_transfer\confidential.txt,,YES,,80,HIGH
2026-09-12 11:50:29,bhagy,FILE MODIFIED,.\external_transfer\confidential.txt,,YES,1efb17d3f2026-09-12 11:50:29,bhagy,FILE MODIFIED,.\external_transfer\confide2026-09-12 11:50:29,bhagy,FILE MODIFIED,.\external_transfer\confidential.txt,,YES,1efb17d3ffe3ed26cc3cc80436a6be0e85930b3af4eb4258752ca43e8cb2c490,40,MEDIUM
2026-09-12 11:50:31,bhagy,FILE MODIFIED,.\external_transfer\confidential.txt,,YES,1efb17d3ffe3ed26cc3cc80436a6be0e85930b3af4eb4258752ca43e8cb2c490,40,MEDIUM
2026-09-12 11:50:33,bhagy,FILE MODIFIED,.\external_transfer\confidential.txt,,YES,1efb17d3ffe3ed26cc3cc80436a6be0e85930b3af4eb4258752ca43e8cb2c490,40,MEDIUM
2026-09-12 11:50:33,bhagy,FILE MODIFIED,.\external_transfer\confidential.txt,,YES,1efb17d3ffe3ed26cc3cc80436a6be0e85930b3af4eb4258752ca43e8cb2c490,40,MEDIUM
2026-09-12 11:50:39,bhagy,FILE MODIFIED,.\external_transfer\confidential.txt,,YES,1efb17d3ffe3ed26cc3cc80436a6be0e85930b3af4eb4258752ca43e8cb2c490,40,MEDIUM
2026-09-12 11:50:39,bhagy,FILE MODIFIED,.\external_transfer\confidential.txt,,YES,1efb17d3ffe3ed26cc3cc80436a6be0e85930b3af4eb4258752ca43e8cb2c490,40,MEDIUM
2026-09-12 11:50:39,bhagy,FILE MODIFIED,.\external_transfer\confidential.txt,,YES,1efb17d3ffe3ed26cc3cc80436a6be0e85930b3af4eb4258752ca43e8cb2c490,40,MEDIUM
2026-09-12 11:50:39,bhagy,FILE MODIFIED,.\external_transfer\confidential.txt,,YES,1efb17d3ffe3ed26cc3cc80436a6be0e85930b3af4eb4258752ca43e8cb2c490,40,MEDIUM
2026-09-12 11:50:41,bhagy,FILE MODIFIED,.\external_transfer\confidential.txt,,YES,1efb17d3ffe3ed26cc3cc80436a6be0e85930b3af4eb4258752ca43e8cb2c490,40,MEDIUM
2026-09-12 11:50:41,bhagy,FILE MODIFIED,.\external_transfer\confidential.txt,,YES,1efb17d3ffe3ed26cc3cc80436a6be0e85930b3af4eb4258752ca43e8cb2c490,40,MEDIUM
2026-09-12 11:50:41,bhagy,FILE MODIFIED,.\external_transfer\confidential.txt,,YES,1efb17d3ffe3ed26cc3cc80436a6be0e85930b3af4eb4258752ca43e8cb2c490,40,MEDIUM
2026-09-12 11:50:41,bhagy,FILE MODIFIED,.\external_transfer\confidential.txt,,YES,1efb17d3ffe3ed26cc3cc80436a6be0e85930b3af4eb4258752ca43e8cb2c490,40,MEDIUM
2026-09-12 11:50:42,bhagy,FILE MODIFIED,.\external_transfer\confidential.txt,,YES,1efb17d3ffe3ed26cc3cc80436a6be0e85930b3af4eb4258752ca43e8cb2c490,40,MEDIUM
2026-09-12 11:50:42,bhagy,FILE MODIFIED,.\external_transfer\confidential.txt,,YES,1efb17d3ffe3ed26cc3cc80436a6be0e85930b3af4eb4258752ca43e8cb2c490,40,MEDIUM
2026-09-12 11:52:03,bhagy,FILE CREATED,.\external_transfer\confidential copy.txt,,NO,1efb17d3ffe32026-09-12 11:52:03,bhagy,FILE MODIFIED,.\external_transfer\conf2026-09-12 11:52:03,bhagy,FILE MODIFIED,.\external_transfer\confidential copy.txt,,NO,1efb17d32026-09-12 11:52:03,bhagy,FILE MODIFIED,.\external_transfer\confidential copy.txt,,NO,1efb17d3ffe3ed26cc3cc80436a6be0e85930b3af4eb4258752ca43e8cb2c490,0,LOW
2026-09-12 11:52:05,bhagy,FILE MODIFIED,.\external_transfer\confidential copy.txt,,NO,1efb17d3ffe3ed26cc3cc80436a6be0e85930b3af4eb4258752ca43e8cb2c490,0,LOW
2026-09-12 11:52:08,bhagy,FILE MODIFIED,.\external_transfer\confidential copy.txt,,NO,1efb17d3ffe3ed26cc3cc80436a6be0e85930b3af4eb4258752ca43e8cb2c490,0,LOW
2026-09-12 11:53:05,bhagy,FILE DELETED,.\external_transfer\confidential copy.txt,,NO,,10,LOW
2026-09-12 11:53:05,bhagy,FILE DELETED,.\external_transfer\confidential copy.txt,,NO,,10,LOW
2026-09-12 11:53:11,bhagy,FILE DELETED,.\external_transfer\confidential.txt,,YES,,50,MEDIUM
2026-09-12 11:53:11,bhagy,FILE DELETED,.\external_transfer\confidential.txt,,YES,,50,MEDIUM
2026-09-12 11:53:54,bhagy,FILE CREATED,.\external_transfer\confidential_new.txt,,NO,e3b0c44298fc1c149afbf4c8996fb92427ae41e4649b934ca495991b7852b855,40,MEDIUM
2026-09-12 11:54:00,bhagy,FILE MODIFIED,.\external_transfer\confidential_new.txt,,NO,e3b0c44298fc1c149afbf4c8996fb92427ae41e4649b934ca495991b7852b855,0,LOW
2026-09-12 11:57:45,bhagy,FILE MODIFIED,.\external_transfer\confidential_new.txt,,NO,655a3ca4b5fbbcb21aa90431ca213d0f3466259d16255ba58206fa9290cdb08b,30,LOW
2026-09-12 11:57:45,bhagy,FILE MODIFIED,.\external_transfer\confidential_new.txt,,NO,655a3ca4b5fbbcb21aa90431ca213d0f3466259d16255ba58206fa9290cdb08b,30,LOW22026-09-12 11:57:45,bhagy,FILE MODIFIED,.\external_transfer\confidential_new.txt,,NO,655a3ca4b5fbbcb21aa90431ca213d0f3466259d16255ba58206fa9290cdb08b,30,LOW2026-09-12 11:57:45,bhagy,FILE MODIFIED,.\external_transfer\confidential_new.txt,,NO,655a3ca4b5fbbcb21aa90431ca213d0f3466259d16255ba58206fa9290cdb08b,0,LOW
2026-09-12 11:57:45,bhagy,FILE MODIFIED,.\external_transfer\confidential_new.txt,,NO,655a3ca4b5fbbcb21aa90431ca213d0f3466259d16255ba58206fa9290cdb08b,0,LOW
2026-09-12 11:57:47,bhagy,FILE MODIFIED,.\external_transfer\confidential_new.txt,,NO,655a3ca4b5fbbcb21aa90431ca213d0f3466259d16255ba58206fa9290cdb08b,0,LOW
2026-09-12 11:57:47,bhagy,FILE MODIFIED,.\external_transfer\confidential_new.txt,,NO,655a3ca4b5fbbcb21aa90431ca213d0f3466259d16255ba58206fa9290cdb08b,0,LOW
2026-09-12 11:57:47,bhagy,FILE MODIFIED,.\external_transfer\confidential_new.txt,,NO,655a3ca4b5fbbcb21aa90431ca213d0f3466259d16255ba58206fa9290cdb08b,0,LOW
2026-09-12 11:57:48,bhagy,FILE MODIFIED,.\external_transfer\confidential_new.txt,,NO,655a3ca4b5fbbcb21aa90431ca213d0f3466259d16255ba58206fa9290cdb08b,0,LOW
2026-09-12 12:05:50,bhagy,FILE MODIFIED,.\file_monitor.py,,NO,8400bb388e1ea83bbd0db20449338c43f32bb858e7327dbc7001caa8c1daef28,30,LOW
2026-09-12 12:05:50,bhagy,FILE MODIFIED,.\file_monitor.py,,NO,8400bb388e1ea83bbd0db20449338c43f32bb858e7327dbc7001caa8c1daef28,30,LOW
2026-09-12 12:05:50,bhagy,FILE MODIFIED,.\file_monitor.py,,NO,8400bb388e1ea83bbd0db20449338c43f32bb858e7327dbc7001caa8c1daef28,0,LOW
2026-09-12 12:05:50,bhagy,FILE MODIFIED,.\file_monitor.py,,NO,8400bb388e1ea83bbd0db20449338c43f32bb858e7327dbc7001caa8c1daef28,30,LOW
2026-09-12 12:05:50,bhagy,FILE MODIFIED,.\file_monitor.py,,NO,8400bb388e1ea83bbd0db20449338c43f32bb858e7327dbc7001caa8c1daef28,0,LOW
2026-09-12 12:05:50,bhagy,FILE MODIFIED,.\file_monitor.py,,NO,8400bb388e1ea83bbd0db20449338c43f32bb858e7327dbc7001caa8c1daef28,0,LOW
2026-09-12 12:05:50,bhagy,FILE MODIFIED,.\file_monitor.py,,NO,8400bb388e1ea83bbd0db20449338c43f32bb858e7327dbc7001caa8c1daef28,30,LOW
2026-09-12 12:05:50,bhagy,FILE MODIFIED,.\file_monitor.py,,NO,8400bb388e1ea83bbd0db20449338c43f32bb858e7327dbc7001caa8c1daef28,0,LOW
2026-09-12 12:05:52,bhagy,FILE MODIFIED,.\file_monitor.py,,NO,8400bb388e1ea83bbd0db20449338c43f32bb858e7327dbc7001caa8c1daef28,0,LOW
2026-09-12 12:05:52,bhagy,FILE MODIFIED,.\file_monitor.py,,NO,8400bb388e1ea83bbd0db20449338c43f32bb858e7327dbc7001caa8c1daef28,0,LOW
2026-09-12 12:05:52,bhagy,FILE MODIFIED,.\file_monitor.py,,NO,8400bb388e1ea83bbd0db20449338c43f32bb858e7327dbc7001caa8c1daef28,0,LOW
2026-09-12 12:05:56,bhagy,FILE MODIFIED,.\file_monitor.py,,NO,8400bb388e1ea83bbd0db20449338c43f32bb858e7327dbc7001caa8c1daef28,0,LOW
2026-09-12 13:13:17,bhagy,FILE MODIFIED,.\file_monitor.py,,NO,8400bb388e1ea83bbd0db20449338c43f32bb858e7327dbc7001caa8c1daef28,0,LOW
2026-09-12 13:13:17,bhagy,FILE MODIFIED,.\external_transfer\confidential_new.txt,,NO,655a3ca4b5fbbcb21aa90431ca213d0f3466259d16255ba58206fa9290cdb08b,0,LOW
2026-09-12 13:13:17,bhagy,FILE MODIFIED,.\file_monitor.py,,NO,8400bb388e1ea83bbd0db20449338c43f32bb858e7327dbc7001caa8c1daef28,0,LOW
2026-09-12 13:13:17,bhagy,FILE MODIFIED,.\file_monitor.py,,NO,8400bb388e1ea83bbd0db20449338c43f32bb858e7327dbc7001caa8c1daef28,0,LOW
206fa9290cdb08b,0,LOW
2026-09-12 13:13:17,bhagy,FILE MODIFIED,.\external_transfer\confidential_new.txt,,NO,655a3ca4b5fbbcb21aa90431ca213d0f3466259d16255ba58206fa9290cdb08b,0,LOW
2026-09-12 13:13:17,bhagy,FILE MODIFIED,.\file_monitor.py,,NO,8400bb388e1ea83bbd0db20449338c43f32bb858e7327dbc7001caa8c1daef28,0,LOW
2026-09-12 13:13:17,bhagy,FILE MODIFIED,.\test_folder\transfer_test.txt,,NO,86445b0d321d1307d286ef013794dea1521fa3bb9957392800f00c37e7671515,0,LOW
2026-09-12 13:13:17,bhagy,FILE MODIFIED,.\external_transfer\confidential_new.txt,,NO,655a3ca4b5fbbcb21aa90431ca213d0f3466259d16255ba58206fa9290cdb08b,0,LOW
2026-09-12 13:13:17,bhagy,FILE MODIFIED,.\external_transfer\confidential_new.txt,,NO,655a3ca4b5fbbcb21aa90431ca213d0f3466259d16255ba58206fa9290cdb08b,0,LOW
2026-09-12 13:13:17,bhagy,FILE MODIFIED,.\test_folder\transfer_test.txt,,NO,86445b0d321d1307d286ef013794dea1521fa3bb9957392800f00c37e7671515,0,LOW
2026-09-12 13:13:17,bhagy,FILE MODIFIED,.\test_folder\test_folder\New folder\hash_test.txt,,NO,b20642ceed92625f4ca3dfadf774e33e1c10dee45a73f8edd534afaf1b5b423b,0,LOW
2026-09-12 13:13:17,bhagy,FILE MODIFIED,.\test_folder\transfer_test.txt,,NO,86445b0d321d1307d286ef013794dea1521fa3bb9957392800f00c37e7671515,0,LOW
2026-09-12 13:13:17,bhagy,FILE MODIFIED,.\test_folder\test_folder\New folder\hash_test.txt,,NO,b20642ceed92625f4ca3dfadf774e33e1c10dee45a73f8edd534afaf1b5b423b,0,LOW
2026-09-12 13:13:17,bhagy,FILE MODIFIED,.\test_folder\transfer_test.txt,,NO,86445b0d321d1307d286ef013794dea1521fa3bb9957392800f00c37e7671515,0,LOW
faf1b5b423b,0,LOW
2026-09-12 13:13:17,bhagy,FILE MODIFIED,.\test_folder\transfer_test.txt,,NO,86445b0d321d1307d286ef013794dea1521fa3bb9957392800f00c37e7671515,0,LOW
faf1b5b423b,0,LOW
2026-09-12 13:13:17,bhagy,FILE MODIFIED,.\test_folder\test_folder\New folder\hash_test.txt,,NO,b20642ceed92625f4ca3dfadf774e33e1c10dee45a73f8edd534a2026-09-12 13:13:17,bhagy,FILE MODIFIED,.\test_folder\transfer_test.txt,,NO,86445b0d321d1307d286ef013794dea1521fa3bb9957392800f00c37e7671515,0,LOW
2026-09-12 13:13:17,bhagy,FILE MODIFIED,.\test_folder\test_folder\New folder\hash_test.txt,,NO,b20642ceed92625f4ca3dfadf774e33e1c10dee45a73f8edd534afaf1b5b423b,0,LOW
2026-09-12 13:13:17,bhagy,FILE MODIFIED,.\test_folder\test_folder\New folder\hash_test.txt,,NO,b20642ceed92625f4ca3dfadf774e33e1c10dee45a73f8edd534afaf1b5b423b,0,LOW
2026-09-12 13:13:17,bhagy,FILE MODIFIED,.\test_folder\test_folder\New folder\hash_test.txt,,NO,b20642ceed92625f4ca3dfadf774e33e1c10dee45a73f8edd534afaf1b5b423b,0,LOW
2026-09-12 13:27:55,bhagy,FILE CREATED,.\report_generator.py,,NO,e3b0c44298fc1c149afbf4c8996fb92427ae41e4649b934ca495991b7852b855,0,LOW
2026-09-12 13:27:55,bhagy,FILE CREATED,.\report_generator.py,,NO,e3b0c44298fc1c149afbf4c8996fb92427ae41e4649b934ca495991b7852b855,0,LOW
2026-09-12 13:27:55,bhagy,FILE CREATED,.\report_generator.py,,NO,e3b0c44298fc1c149afbf4c8996fb92427ae41e4649b934ca495991b7852b855,0,LOW
2026-09-12 13:27:55,bhagy,FILE CREATED,.\report_generator.py,,NO,e3b0c44298fc1c149afbf4c8996fb92427ae41e4649b934ca495991b7852b855,0,LOW
2026-09-12 13:27:57,bhagy,FILE MODIFIED,.\report_generator.py,,NO,e3b0c44298fc1c149afbf4c8996fb92427ae41e4649b934ca495991b7852b855,0,LOW
2026-09-12 13:28:57,bhagy,FILE MODIFIED,.\test_folder\test_folder\confidential.txt,,YES,1efb17d3ffe3ed26cc3cc80436a6be0e85930b3af4eb4258752ca43e8cb2c490,40,MEDIUM
2026-09-12 13:28:57,bhagy,FILE MODIFIED,.\sensitive_files\confidential.txt,,YES,1efb17d3ffe3ed26cc3cc80436a6be0e85930b3af4eb4258752ca43e8cb2c490,40,MEDIUM
2026-09-12 13:28:57,bhagy,FILE MODIFIED,.\sensitive_files\confidential.txt,,YES,1efb17d3ffe3ed26cc3cc80436a6be0e85930b3af4eb4258752ca43e8cb2c490,40,MEDIUM
2026-09-12 13:28:57,bhagy,FILE MODIFIED,.\test_folder\test_folder\confidential.txt,,YES,1efb17d3ffe3ed26cc3cc80436a6be0e85930b3af4eb4258752ca43e8cb2c490,40,MEDIUM
2026-09-12 13:28:57,bhagy,FILE MODIFIED,.\test_folder\test_folder\confidential.txt,,YES,1efb17d3ffe3ed26cc3cc80436a6be0e85930b3af4eb4258752ca43e8cb2c490,40,MEDIUM
2026-09-12 13:28:57,bhagy,FILE MODIFIED,.\test_folder\test_folder\confidential.txt,,YES,1efb17d3ffe3ed26cc3cc80436a6be0e85930b3af4eb4258752ca43e8cb2c490,40,MEDIUM
2026-09-12 13:28:57,bhagy,FILE MODIFIED,.\test_folder\test_folder\confidential.txt,,YES,1efb17d3ffe3ed26cc3cc80436a6be0e85930b3af4eb4258752ca43e8cb2c490,40,MEDIUM
2026-09-12 13:28:57,bhagy,FILE MODIFIED,.\sensitive_files\confidential.txt,,YES,1efb17d3ffe3ed26cc3cc80436a6be0e85930b3af4eb4258752ca43e8cb2c490,40,MEDIUM
2026-09-12 13:28:57,bhagy,FILE MODIFIED,.\sensitive_files\confidential.txt,,YES,1efb17d3ffe3ed26cc3cc80436a6be0e85930b3af4eb4258752ca43e8cb2c490,40,MEDIUM
2026-09-12 13:29:30,bhagy,FILE MODIFIED,.\normal_test.txt,,NO,e3b0c44298fc1c149afbf4c8996fb92427ae41e4649b934ca495991b7852b855,0,LOW
2026-09-12 13:29:30,bhagy,FILE MODIFIED,.\downloads\password.txt,,YES,e3b0c44298fc1c149afbf4c8996fb92427ae41e4649b934ca495991b7852b855,40,MEDIUM
2026-09-12 13:29:30,bhagy,FILE MODIFIED,.\downloads\password.txt,,YES,e3b0c44298fc1c149afbf4c8996fb92427ae41e4649b934ca495991b7852b855,40,MEDIUM
2026-09-12 13:29:30,bhagy,FILE MODIFIED,.\sensitive_files\normal.txt,,YES,e3b0c44298fc1c149afbf4c8996fb92427ae41e4649b934ca495991b7852b855,40,MEDIUM
2026-09-12 13:29:30,bhagy,FILE MODIFIED,.\sensitive_files\normal.txt,,YES,e3b0c44298fc1c149afbf4c8996fb92427ae41e4649b934ca495991b7852b855,40,MEDIUM
2026-09-12 13:29:30,bhagy,FILE MODIFIED,.\sensitive_files\normal.txt,,YES,e3b0c44298fc1c149afbf4c8996fb92427ae41e4649b934ca495991b7852b855,40,MEDIUM
2026-09-12 13:29:30,bhagy,FILE MODIFIED,.\sensitive_files\password.txt,,YES,e3b0c44298fc1c149afbf4c8996fb92427ae41e4649b934ca495991b7852b855,40,MEDIUM
2026-09-12 13:29:30,bhagy,FILE MODIFIED,.\sensitive_files\password.txt,,YES,e3b0c44298fc1c149afbf4c8996fb92427ae41e4649b934ca495991b7852b855,40,MEDIUM
2026-09-12 13:29:30,bhagy,FILE MODIFIED,.\sensitive_files\secret.txt,,YES,e3b0c44298fc1c149afbf4c8996fb92427ae41e4649b934ca495991b7852b855,40,MEDIUM
2026-09-12 13:29:30,bhagy,FILE MODIFIED,.\sensitive_files\secret.txt,,YES,e3b0c44298fc1c149afbf4c8996fb92427ae41e4649b934ca495991b7852b855,40,MEDIUM
2026-09-12 13:29:30,bhagy,FILE MODIFIED,.\test_folder\test_folder\file2.txt,,NO,e3b0c44298fc1c149afbf4c8996fb92427ae41e4649b934ca495991b7852b855,0,LOW
2026-09-12 13:29:30,bhagy,FILE MODIFIED,.\test_folder\test_folder\New folder\file2.txt,,NO,e3b0c44298fc1c149afbf4c8996fb92427ae41e4649b934ca495991b7852b2026-09-12 13:29:30,bhagy,FILE MODIFIED,.\test_folder\test_folder\New folder\file2.txt,,NO,e3b0c44298fc1c149afbf4c8996fb92427ae41e4649b934ca495991b7852b855,0,LOW
2026-09-12 13:29:30,bhagy,FILE MODIFIED,.\test_folder\test_folder\New folder\file2.txt,,NO,e3b0c44298fc1c149afbf4c8996fb92427ae41e4649b934ca495991b7852b855,0,LOW
2026-09-12 13:36:54,bhagy,FILE MODIFIED,.\report_generator.py,,NO,30dfcb896f08f443de35be1473c6b3e0970dd512bff02807796733891a147cd3,30,LOW
2026-09-12 13:36:54,bhagy,FILE MODIFIED,.\report_generator.py,,NO,30dfcb896f08f443de35be1473c6b3e0970dd512bff02807796733891a147cd3,0,LOW
2026-09-12 13:36:54,bhagy,FILE MODIFIED,.\report_generator.py,,NO,30dfcb896f08f443de35be1473c6b3e0970dd512bff02807796733891a147cd3,30,LOW
2026-09-12 13:36:54,bhagy,FILE MODIFIED,.\report_generator.py,,NO,30dfcb896f08f443de35be1473c6b3e0970dd512bff02807796733891a147cd3,0,LOW
2026-09-12 13:36:54,bhagy,FILE MODIFIED,.\report_generator.py,,NO,30dfcb896f08f443de35be1473c6b3e0970dd512bff02807796733891a147cd3,0,LOW
2026-09-12 13:36:54,bhagy,FILE MODIFIED,.\report_generator.py,,NO,30dfcb896f08f443de35be1473c6b3e0970dd512bff02807796733891a147cd3,0,LOW
2026-09-12 13:36:56,bhagy,FILE MODIFIED,.\report_generator.py,,NO,30dfcb896f08f443de35be1473c6b3e0970dd512bff02807796733891a147cd3,0,LOW
2026-09-12 13:36:56,bhagy,FILE MODIFIED,.\report_generator.py,,NO,30dfcb896f08f443de35be1473c6b3e0970dd512bff02807796733891a147cd3,0,LOW
2026-09-12 13:36:56,bhagy,FILE MODIFIED,.\report_generator.py,,NO,30dfcb896f08f443de35be1473c6b3e0970dd512bff02807796733891a147cd3,0,LOW
2026-09-12 13:36:56,bhagy,FILE MODIFIED,.\report_generator.py,,NO,30dfcb896f08f443de35be1473c6b3e0970dd512bff02807796733891a147cd3,0,LOW
2026-09-12 13:36:56,bhagy,FILE MODIFIED,.\report_generator.py,,NO,30dfcb896f08f443de35be1473c6b3e0970dd512bff02807796733891a147cd3,0,LOW
2026-09-12 13:36:56,bhagy,FILE MODIFIED,.\report_generator.py,,NO,30dfcb896f08f443de35be1473c6b3e0970dd512bff02807796733891a147cd3,0,LOW
2026-09-12 13:36:56,bhagy,FILE MODIFIED,.\report_generator.py,,NO,30dfcb896f08f443de35be1473c6b3e0970dd512bff02807796733891a147cd3,0,LOW
2026-09-12 13:36:57,bhagy,FILE MODIFIED,.\report_generator.py,,NO,30dfcb896f08f443de35be1473c6b3e0970dd512bff02807796733891a147cd3,0,LOW
2026-09-12 13:36:57,bhagy,FILE MODIFIED,.\report_generator.py,,NO,30dfcb896f08f443de35be1473c6b3e0970dd512bff02807796733891a147cd3,0,LOW
2026-09-12 13:36:57,bhagy,FILE MODIFIED,.\report_generator.py,,NO,30dfcb896f08f443de35be1473c6b3e0970dd512bff02807796733891a147cd3,0,LOW
2026-09-12 13:36:57,bhagy,FILE MODIFIED,.\report_generator.py,,NO,30dfcb896f08f443de35be1473c6b3e0970dd512bff02807796733891a147cd3,0,LOW
2026-09-12 13:36:57,bhagy,FILE MODIFIED,.\report_generator.py,,NO,30dfcb896f08f443de35be1473c6b3e0970dd512bff02807796733891a147cd3,0,LOW
2026-09-12 13:36:57,bhagy,FILE MODIFIED,.\report_generator.py,,NO,30dfcb896f08f443de35be1473c6b3e0970dd512bff02807796733891a147cd3,0,LOW
2026-09-12 13:36:58,bhagy,FILE MODIFIED,.\report_generator.py,,NO,30dfcb896f08f443de35be1473c6b3e0970dd512bff02807796733891a147cd3,0,LOW
2026-09-12 13:36:58,bhagy,FILE MODIFIED,.\report_generator.py,,NO,30dfcb896f08f443de35be1473c6b3e0970dd512bff02807796733891a147cd3,0,LOW
2026-09-12 13:36:58,bhagy,FILE MODIFIED,.\report_generator.py,,NO,30dfcb896f08f443de35be1473c6b3e0970dd512bff02807796733891a147cd3,0,LOW
2026-09-12 13:36:58,bhagy,FILE MODIFIED,.\report_generator.py,,NO,30dfcb896f08f443de35be1473c6b3e0970dd512bff02807796733891a147cd3,0,LOW
2026-09-12 13:37:00,bhagy,FILE MODIFIED,.\report_generator.py,,NO,30dfcb896f08f443de35be1473c6b3e0970dd512bff02807796733891a147cd3,0,LOW
2026-09-12 13:37:00,bhagy,FILE MODIFIED,.\report_generator.py,,NO,30dfcb896f08f443de35be1473c6b3e0970dd512bff02807796733891a147cd3,0,LOW
2026-09-12 13:37:00,bhagy,FILE MODIFIED,.\report_generator.py,,NO,30dfcb896f08f443de35be1473c6b3e0970dd512bff02807796733891a147cd3,0,LOW
2026-09-12 13:37:00,bhagy,FILE MODIFIED,.\report_generator.py,,NO,30dfcb896f08f443de35be1473c6b3e0970dd512bff02807796733891a147cd3,0,LOW
2026-09-12 13:37:00,bhagy,FILE MODIFIED,.\report_generator.py,,NO,30dfcb896f08f443de35be1473c6b3e0970dd512bff02807796733891a147cd3,0,LOW
2026-09-12 13:37:00,bhagy,FILE MODIFIED,.\report_generator.py,,NO,30dfcb896f08f443de35be1473c6b3e0970dd512bff02807796733891a147cd3,0,LOW
2026-09-12 13:37:00,bhagy,FILE MODIFIED,.\report_generator.py,,NO,30dfcb896f08f443de35be1473c6b3e0970dd512bff02807796733891a147cd3,0,LOW
2026-09-12 13:37:00,bhagy,FILE MODIFIED,.\report_generator.py,,NO,30dfcb896f08f443de35be1473c6b3e0970dd512bff02807796733891a147cd3,0,LOW
2026-09-12 13:37:01,bhagy,FILE MODIFIED,.\report_generator.py,,NO,30dfcb896f08f443de35be1473c6b3e0970dd512bff02807796733891a147cd3,0,LOW
2026-09-12 13:37:01,bhagy,FILE MODIFIED,.\report_generator.py,,NO,30dfcb896f08f443de35be1473c6b3e0970dd512bff02807796733891a147cd3,0,LOW
2026-09-12 13:37:01,bhagy,FILE MODIFIED,.\report_generator.py,,NO,30dfcb896f08f443de35be1473c6b3e0970dd512bff02807796733891a147cd3,0,LOW
2026-09-12 13:37:01,bhagy,FILE MODIFIED,.\report_generator.py,,NO,30dfcb896f08f443de35be1473c6b3e0970dd512bff02807796733891a147cd3,0,LOW
2026-09-12 13:38:35,bhagy,FILE MODIFIED,.\report_generator.py,,NO,1c18974b3f81fa29a6de30c3452f7477f29b17d153c697be057b532bebdcf0c7,30,LOW
2026-09-12 13:38:35,bhagy,FILE MODIFIED,.\report_generator.py,,NO,1c18974b3f81fa29a6de30c3452f7477f29b17d153c697be057b532bebdcf0c7,0,LOW
2026-09-12 13:38:35,bhagy,FILE MODIFIED,.\report_generator.py,,NO,1c18974b3f81fa29a6de30c3452f7477f29b17d153c697be057b532bebdcf0c7,30,LOW
2026-09-12 13:38:35,bhagy,FILE MODIFIED,.\report_generator.py,,NO,1c18974b3f81fa29a6de30c3452f7477f29b17d153c697be057b532bebdcf0c7,30,LOW
2026-09-12 13:38:35,bhagy,FILE MODIFIED,.\report_generator.py,,NO,1c18974b3f81fa29a6de30c3452f7477f29b17d153c697be057b532bebdcf0c7,30,LOW
2026-09-12 13:38:35,bhagy,FILE MODIFIED,.\report_generator.py,,NO,1c18974b3f81fa29a6de30c3452f7477f29b17d153c697be057b532bebdcf0c7,0,LOW
2026-09-12 13:38:35,bhagy,FILE MODIFIED,.\report_generator.py,,NO,1c18974b3f81fa29a6de30c3452f7477f29b17d153c697be057b532bebdcf0c7,0,LOW
2026-09-12 13:38:36,bhagy,FILE MODIFIED,.\report_generator.py,,NO,1c18974b3f81fa29a6de30c3452f7477f29b17d153c697be057b532bebdcf0c7,0,LOW
2026-09-12 13:38:36,bhagy,FILE MODIFIED,.\report_generator.py,,NO,1c18974b3f81fa29a6de30c3452f7477f29b17d153c697be057b532bebdcf0c7,0,LOW
2026-09-12 13:38:36,bhagy,FILE MODIFIED,.\report_generator.py,,NO,1c18974b3f81fa29a6de30c3452f7477f29b17d153c697be057b532bebdcf0c7,0,LOW
2026-09-12 13:38:38,bhagy,FILE MODIFIED,.\report_generator.py,,NO,1c18974b3f81fa29a6de30c3452f7477f29b17d153c697be057b532bebdcf0c7,0,LOW
2026-09-12 13:38:38,bhagy,FILE MODIFIED,.\report_generator.py,,NO,1c18974b3f81fa29a6de30c3452f7477f29b17d153c697be057b532bebdcf0c7,0,LOW
2026-09-12 13:38:38,bhagy,FILE MODIFIED,.\report_generator.py,,NO,1c18974b3f81fa29a6de30c3452f7477f29b17d153c697be057b532bebdcf0c7,0,LOW
2026-09-12 13:38:49,bhagy,FILE CREATED,.\security_report.txt,,NO,e3b0c44298fc1c149afbf4c8996fb92427ae41e4649b934ca495991b7852b855,0,LOW
2026-09-12 13:38:49,bhagy,FILE CREATED,.\security_report.txt,,NO,0aec41d6abfa7f00fd26123cd640636376a028a9c1d8399abbd44fa618c60557,0,LOW
2026-09-12 13:38:49,bhagy,FILE CREATED,.\security_report.txt,,NO,0aec41d6abfa7f00fd26123cd640636376a028a9c1d8399abbd44fa618c60557,0,LOW

2026-09-12 13:38:49,bhagy,FILE MODIFIED,.\security_report.txt,,NO,0aec41d6abfa7f00fd26123cd640636376a028a9c1d8399abbd44fa618c60557,30,LOW
2026-09-12 13:38:49,bhagy,FILE MODIFIED,.\security_report.txt,,NO,0aec41d6abfa7f00fd26123cd640636376a028a9c1d8399abbd44fa618c60557,0,LOW
2026-09-12 13:38:49,bhagy,FILE MODIFIED,.\security_report.txt,,NO,0aec41d6abfa7f00fd26123cd640636376a028a9c1d8399abbd44fa618c60557,30,LOW
2026-09-12 13:38:51,bhagy,FILE MODIFIED,.\security_report.txt,,NO,0aec41d6abfa7f00fd26123cd640636376a028a9c1d8399abbd44fa618c60557,0,LOW
2026-09-12 13:38:51,bhagy,FILE MODIFIED,.\security_report.txt,,NO,0aec41d6abfa7f00fd26123cd640636376a028a9c1d8399abbd44fa618c60557,0,LOW
2026-09-12 13:38:52,bhagy,FILE MODIFIED,.\security_report.txt,,NO,0aec41d6abfa7f00fd26123cd640636376a028a9c1d8399abbd44fa618c60557,0,LOW
2026-09-12 13:38:52,bhagy,FILE MODIFIED,.\security_report.txt,,NO,0aec41d6abfa7f00fd26123cd640636376a028a9c1d8399abbd44fa618c60557,0,LOW
2026-09-12 13:41:54,bhagy,FILE CREATED,.\audit_log_backup.csv,,NO,,0,LOW
2026-09-12 13:41:54,bhagy,FILE CREATED,.\audit_log_backup.csv,,NO,,0,LOW
2026-09-12 13:41:54,bhagy,FILE CREATED,.\audit_log_backup.csv,,NO,,0,LOW
20c9b6d038af330c38abe6df4fe7fd35cd5c996b1031e48a092c910c4,0,LOW
2026-09-12 13:41:54,bhagy,FILE CREATED,.\audit_log_backup.csv,,NO,,0,LOW
20c9b6d038af330c38abe6df4fe7fd35cd5c996b1031e48a092c910c4,0,LOW
2026-09-12 13:41:54,bhagy,FILE MODIFIED,.\audit_log_backup.csv,,NO,e86026e20c9b6d038af330c38abe6df4fe7fd35cd5c996b1031e48a092c910c4,0,LOW
2026-09-12 13:41:54,bhagy,FILE MODIFIED,.\audit_log_backup.csv,,NO,e86026e20c9b6d038af330c38abe6df4fe7fd35cd5c996b1031e48a092c910c4,0,LOW
2026-09-12 13:41:54,bhagy,FILE MODIFIED,.\audit_log_backup.csv,,NO,e86026e20c9b6d038af330c38abe6df4fe7fd35cd5c996b1031e48a092c910c4,0,LOW
2026-09-12 13:41:54,bhagy,FILE MODIFIED,.\audit_log_backup.csv,,NO,e86026e20c9b6d038af330c38abe6df4fe7fd35cd5c996b1031e48a092c910c4,0,LOW
2026-09-12 13:41:54,bhagy,FILE MODIFIED,.\audit_log_backup.csv,,NO,e86026e20c9b6d038af330c38abe6df4fe7fd35cd5c996b1031e48a092c910c4,0,LOW
2026-09-12 13:41:56,bhagy,FILE MODIFIED,.\audit_log_backup.csv,,NO,e86026e20c9b6d038af330c38abe6df4fe7fd35cd5c996b1031e48a092c910c4,0,LOW
2026-09-12 13:41:56,bhagy,FILE MODIFIED,.\audit_log_backup.csv,,NO,e86026e20c9b6d038af330c38abe6df4fe7fd35cd5c996b1031e48a092c910c4,0,LOW
2026-09-12 13:41:56,bhagy,FILE MODIFIED,.\audit_log_backup.csv,,NO,e86026e20c9b6d038af330c38abe6df4fe7fd35cd5c996b1031e48a092c910c4,0,LOW
2026-09-12 13:41:58,bhagy,FILE MODIFIED,.\audit_log_backup.csv,,NO,e86026e20c9b6d038af330c38abe6df4fe7fd35cd5c996b1031e48a092c910c4,0,LOW
2026-09-12 13:41:58,bhagy,FILE MODIFIED,.\audit_log_backup.csv,,NO,e86026e20c9b6d038af330c38abe6df4fe7fd35cd5c996b1031e48a092c910c4,0,LOW
2026-09-12 13:42:43,bhagy,FILE MODIFIED,.\security_report.txt,,NO,e3b0c44298fc1c149afbf4c8996fb92427ae41e4649b934ca495991b7852b855,30,LOW
2026-09-12 13:42:43,bhagy,FILE MODIFIED,.\security_report.txt,,NO,e3b0c44298fc1c149afbf4c8996fb92427ae41e4649b934ca495991b7852b855,30,LOW
2026-09-12 13:42:43,bhagy,FILE MODIFIED,.\security_report.txt,,NO,99d4dd3aa65a92350e2fb8a98c566aec5974eaf782facf233e85bc7e091c4cf5,30,LOW
2026-09-12 13:42:43,bhagy,FILE MODIFIED,.\security_report.txt,,NO,99d4dd3aa65a92350e2fb8a98c566aec5974eaf782facf233e85bc7e091c4cf5,0,LOW

2026-09-12 13:42:44,bhagy,FILE MODIFIED,.\security_report.txt,,NO,99d4dd3aa65a92350e2fb8a98c566aec5974eaf782facf233e85bc7e091c4cf5,0,LOW
2026-09-12 13:42:44,bhagy,FILE MODIFIED,.\security_report.txt,,NO,99d4dd3aa65a92350e2fb8a98c566aec5974eaf782facf233e85bc7e091c4cf5,0,LOW
2026-09-12 13:42:44,bhagy,FILE MODIFIED,.\security_report.txt,,NO,99d4dd3aa65a92350e2fb8a98c566aec5974eaf782facf233e85bc7e091c4cf5,0,LOW
2026-09-12 13:42:44,bhagy,FILE MODIFIED,.\security_report.txt,,NO,99d4dd3aa65a92350e2fb8a98c566aec5974eaf782facf233e85bc7e091c4cf5,0,LOW
2026-09-12 13:42:44,bhagy,FILE MODIFIED,.\security_report.txt,,NO,99d4dd3aa65a92350e2fb8a98c566aec5974eaf782facf233e85bc7e091c4cf5,0,LOW
2026-09-12 13:42:45,bhagy,FILE MODIFIED,.\security_report.txt,,NO,99d4dd3aa65a92350e2fb8a98c566aec5974eaf782facf233e85bc7e091c4cf5,0,LOW
2026-09-12 13:42:45,bhagy,FILE MODIFIED,.\security_report.txt,,NO,99d4dd3aa65a92350e2fb8a98c566aec5974eaf782facf233e85bc7e091c4cf5,0,LOW
2026-09-12 13:42:45,bhagy,FILE MODIFIED,.\security_report.txt,,NO,99d4dd3aa65a92350e2fb8a98c566aec5974eaf782facf233e85bc7e091c4cf5,0,LOW
2026-09-12 13:42:47,bhagy,FILE MODIFIED,.\security_report.txt,,NO,99d4dd3aa65a92350e2fb8a98c566aec5974eaf782facf233e85bc7e091c4cf5,0,LOW
2026-09-12 13:42:47,bhagy,FILE MODIFIED,.\security_report.txt,,NO,99d4dd3aa65a92350e2fb8a98c566aec5974eaf782facf233e85bc7e091c4cf5,0,LOW
